2026-06-21 14:47:15,485 [INFO] strategies.btc_5min: BTC5Min: 4 BTC markets found (mins-to-close: [1427.74, 1437.74, -2.26, -2.26]), 0 in entry window [0.2–1.5 min]
2026-06-21 14:47:20,647 [INFO] leo.loops: Crypto signal: 16 opps, top edge=94.5%
2026-06-21 14:47:24,171 [INFO] leo.loops: OracleSqueeze: 11 opps, top edge=23.0%
2026-06-21 14:47:37,591 [INFO] strategies.btc_5min: BTC5Min: 4 BTC markets found (mins-to-close: [1427.37, 1437.37, -2.63, -2.63]), 0 in entry window [0.2–1.5 min]
2026-06-21 14:47:46,881 [INFO] api_clients.polymarket_client: Polymarket: loaded 1000 active markets
2026-06-21 14:47:51,303 [INFO] leo.loops: Crypto signal: 16 opps, top edge=94.5%
2026-06-21 14:47:58,617 [INFO] strategies.btc_5min: BTC5Min: 4 BTC markets found (mins-to-close: [1427.02, 1437.02, -2.98, -2.98]), 0 in entry window [0.2–1.5 min]
2026-06-21 14:48:19,696 [INFO] strategies.btc_5min: BTC5Min: 4 BTC markets found (mins-to-close: [1426.67, 1436.67, -3.33, -3.33]), 0 in entry window [0.2–1.5 min]
2026-06-21 14:48:21,748 [INFO] leo.loops: Crypto signal: 16 opps, top edge=94.5%
2026-06-21 14:48:24,178 [INFO] leo.loops: OracleSqueeze: 11 opps, top edge=23.0%
2026-06-21 14:48:24,520 [INFO] api_clients.polymarket_client: Polymarket: loaded 1000 active markets
2026-06-21 14:48:41,855 [INFO] strategies.btc_5min: BTC5Min: 4 BTC markets found (mins-to-close: [1426.3, 1436.3, -3.7, -3.7]), 0 in entry window [0.2–1.5 min]
2026-06-21 14:48:53,602 [INFO] leo.loops: Crypto signal: 16 opps, top edge=94.5%
2026-06-21 14:49:01,672 [INFO] api_clients.polymarket_client: Polymarket: loaded 1000 active markets
2026-06-21 14:49:02,898 [INFO] strategies.btc_5min: BTC5Min: 3 BTC markets found (mins-to-close: [1425.95, 1435.95, -4.05]), 0 in entry window [0.2–1.5 min]
2026-06-21 14:49:21,214 [INFO] strategies.news_fade: NewsFade: spike up detected on 0x676e7cda423f5826bcbb3c141e808ad7c66bc2d055e4d0aca79c26779712062c 4.25%->4.75%
2026-06-21 14:49:21,214 [INFO] strategies.news_fade: NewsFade: spike up detected on 0x805e506f8e2e3e663fcbff6d8a0edc60831f04decdecc0fc6a67d106f6f3f407 0.35%->0.55%
2026-06-21 14:49:21,214 [INFO] strategies.news_fade: NewsFade: spike up detected on 0x1c373746c204f7437cb212d2bcfbc5fdf0f0263ae9b470dd92c676d4c2c5ba03 0.60%->0.65%
2026-06-21 14:49:21,215 [INFO] strategies.news_fade: NewsFade: spike up detected on 0xc8991e67eef9f2b4545c36ed75897541068606cffb4f5fe5968238895ae2e11c 0.15%->0.40%
2026-06-21 14:49:21,215 [INFO] strategies.news_fade: NewsFade: spike up detected on 0x0408ba11a99ce5e6caab2045d04cb0dbe02043370e9a0da63d4494f1a32cd3c5 2.70%->2.95%
2026-06-21 14:49:21,215 [INFO] strategies.news_fade: NewsFade: spike down detected on 0x6f03c46f967028d6a9e8bca8970fc77723457ea58a5fff8a9ec9f641ad8e4c20 0.60%->0.55%
2026-06-21 14:49:21,215 [INFO] leo.loops: FavoriteShort: 3 opps, top edge=4.0%
2026-06-21 14:49:24,183 [INFO] leo.loops: Crypto signal: 16 opps, top edge=94.5%
2026-06-21 14:49:24,185 [INFO] leo.loops: OracleSqueeze: 11 opps, top edge=23.0%
2026-06-21 14:49:24,304 [INFO] strategies.btc_5min: BTC5Min: 3 BTC markets found (mins-to-close: [1425.59, 1435.59, -4.41]), 0 in entry window [0.2–1.5 min]
2026-06-21 14:49:38,302 [INFO] api_clients.polymarket_client: Polymarket: loaded 1000 active markets
2026-06-21 14:49:45,844 [INFO] strategies.btc_5min: BTC5Min: 2 BTC markets found (mins-to-close: [1425.24, 1435.24]), 0 in entry window [0.2–1.5 min]
2026-06-21 14:49:54,801 [INFO] leo.loops: Crypto signal: 17 opps, top edge=94.5%
2026-06-21 14:50:07,530 [INFO] strategies.btc_5min: BTC5Min: 2 BTC markets found (mins-to-close: [1434.87, 1429.87]), 0 in entry window [0.2–1.5 min]
2026-06-21 14:50:15,041 [INFO] api_clients.polymarket_client: Polymarket: loaded 1000 active markets
2026-06-21 14:50:24,239 [INFO] leo.loops: OracleSqueeze: 13 opps, top edge=23.0%
2026-06-21 14:50:25,136 [INFO] leo.loops: Crypto signal: 16 opps, top edge=94.5%
2026-06-21 14:50:28,925 [INFO] strategies.btc_5min: BTC5Min: 2 BTC markets found (mins-to-close: [1434.52, 1429.52]), 0 in entry window [0.2–1.5 min]
2026-06-21 14:50:50,526 [INFO] strategies.btc_5min: BTC5Min: 2 BTC markets found (mins-to-close: [1434.16, 1429.16]), 0 in entry window [0.2–1.5 min]
2026-06-21 14:50:52,259 [INFO] api_clients.polymarket_client: Polymarket: loaded 1000 active markets
2026-06-21 14:50:55,708 [INFO] leo.loops: Crypto signal: 16 opps, top edge=94.5%
2026-06-21 14:51:12,259 [INFO] strategies.btc_5min: BTC5Min: 4 BTC markets found (mins-to-close: [1433.8, 1428.8, -1.2, 8.8]), 0 in entry window [0.2–1.5 min]
2026-06-21 14:51:24,243 [INFO] leo.loops: OracleSqueeze: 12 opps, top edge=21.1%
2026-06-21 14:51:26,270 [INFO] leo.loops: Crypto signal: 16 opps, top edge=94.5%
2026-06-21 14:51:28,857 [INFO] api_clients.polymarket_client: Polymarket: loaded 1000 active markets
2026-06-21 14:51:33,163 [INFO] strategies.btc_5min: BTC5Min: 5 BTC markets found (mins-to-close: [1433.45, 1428.45, -1.55, 8.45, 3.45]), 0 in entry window [0.2–1.5 min]
2026-06-21 14:51:54,951 [INFO] strategies.btc_5min: BTC5Min: 5 BTC markets found (mins-to-close: [1433.08, 1428.08, -1.92, 8.08, 3.08]), 0 in entry window [0.2–1.5 min]
2026-06-21 14:51:57,195 [INFO] leo.loops: Crypto signal: 16 opps, top edge=94.5%
2026-06-21 14:52:05,272 [INFO] api_clients.polymarket_client: Polymarket: loaded 1000 active markets
2026-06-21 14:52:16,481 [INFO] strategies.btc_5min: BTC5Min: 5 BTC markets found (mins-to-close: [1432.73, 1427.73, -2.27, 7.73, 2.73]), 0 in entry window [0.2–1.5 min]
2026-06-21 14:52:24,245 [INFO] leo.loops: OracleSqueeze: 12 opps, top edge=19.5%
2026-06-21 14:52:27,529 [INFO] leo.loops: Crypto signal: 16 opps, top edge=94.5%
2026-06-21 14:52:29,799 [WARNING] api_clients.pyth_client: Pyth SSE disconnected: Response payload is not completed: <TransferEncodingError: 400, message='Not enough data to satisfy transfer length header.'>, retrying in 1s
2026-06-21 14:52:30,802 [INFO] api_clients.pyth_client: Pyth SSE: connecting…
2026-06-21 14:52:31,571 [INFO] api_clients.pyth_client: Pyth SSE: stream live
2026-06-21 14:52:37,785 [INFO] strategies.btc_5min: BTC5Min: 5 BTC markets found (mins-to-close: [1432.37, 1427.37, -2.63, 7.37, 2.37]), 0 in entry window [0.2–1.5 min]
2026-06-21 14:52:42,282 [INFO] api_clients.polymarket_client: Polymarket: loaded 1000 active markets
2026-06-21 14:52:58,117 [INFO] leo.loops: Crypto signal: 16 opps, top edge=94.5%
2026-06-21 14:52:59,015 [INFO] strategies.btc_5min: BTC5Min: 5 BTC markets found (mins-to-close: [1432.02, 1427.02, -2.98, 7.02, 2.02]), 0 in entry window [0.2–1.5 min]
2026-06-21 14:53:18,557 [INFO] api_clients.polymarket_client: Polymarket: loaded 1000 active markets
2026-06-21 14:53:20,564 [INFO] strategies.btc_5min: BTC5Min: 5 BTC markets found (mins-to-close: [1431.66, 1426.66, -3.34, 6.66, 1.66]), 0 in entry window [0.2–1.5 min]
2026-06-21 14:53:24,258 [INFO] leo.loops: OracleSqueeze: 12 opps, top edge=19.5%
2026-06-21 14:53:28,447 [INFO] leo.loops: Crypto signal: 16 opps, top edge=94.5%
2026-06-21 14:53:41,853 [INFO] strategies.btc_5min: BTC5Min: 5 BTC markets found (mins-to-close: [1431.3, 1426.3, -3.7, 6.3, 1.3]), 1 in entry window [0.2–1.5 min]
2026-06-21 14:53:42,622 [INFO] leo.loops: BTC5Min: 1 opps, top edge=32.1%
2026-06-21 14:53:55,531 [INFO] api_clients.polymarket_client: Polymarket: loaded 1000 active markets
2026-06-21 14:53:59,370 [INFO] leo.loops: Crypto signal: 16 opps, top edge=94.5%
2026-06-21 14:54:03,750 [INFO] strategies.btc_5min: BTC5Min: 6 BTC markets found (mins-to-close: [1430.94, 1425.94, -4.06, 0.94, 5.94, 0.94]), 2 in entry window [0.2–1.5 min]
2026-06-21 14:54:04,008 [INFO] leo.loops: BTC5Min: 2 opps, top edge=37.0%
2026-06-21 14:54:21,240 [INFO] strategies.news_fade: NewsFade: spike down detected on 0x0c38dd9305e3205557885183f0730270779e7e426b0ec3e7743f23963b6d6e4a 0.45%->0.35%
2026-06-21 14:54:21,241 [INFO] strategies.news_fade: NewsFade: spike down detected on 0x3dac1c6e41591af519fee14c8b7e47022825b19e04e643b115ca407c6a722617 13.50%->12.50%
2026-06-21 14:54:21,241 [INFO] strategies.news_fade: NewsFade: spike down detected on 0xdbae88a49b569b9f5fce84e21961adb9308991de7271ccc9aade9e8617244d10 0.65%->0.60%
2026-06-21 14:54:21,242 [INFO] strategies.news_fade: NewsFade: spike down detected on 0x811b903a2efec049c113480c80602e89264f0ab7a7e3de8524f066600d148e1b 48.50%->44.50%
2026-06-21 14:54:21,242 [INFO] strategies.news_fade: NewsFade: spike down detected on 0x64dcc3d4a5d135a1749389f1635b03f3ddb5e0c0dba13b7ff71965a35cc59738 0.10%->0.05%
2026-06-21 14:54:21,242 [INFO] strategies.news_fade: NewsFade: spike down detected on 0xa8c571cc971dbf66e5963f9c216d25b6104ee8aab42e49e1a0429ca440d265f5 16.50%->15.50%
2026-06-21 14:54:21,242 [INFO] strategies.news_fade: NewsFade: spike up detected on 0x830064524636f41ffa396268bcb34e5887a54b3e994aad46a63ac2924c9efcbf 1.80%->2.15%
2026-06-21 14:54:21,243 [INFO] strategies.news_fade: NewsFade: spike up detected on 0xfcaa6e96713e7e9e0866e2ea0a972c54a6b0635244e2c47c94c69a8d8de46860 6.00%->6.50%
2026-06-21 14:54:21,243 [INFO] strategies.news_fade: NewsFade: spike down detected on 0xd271c2ad91fcb0e971021de385ae6c2e898cb4ac0b36ad4d5971d50eebc5c1b3 38.50%->34.50%
2026-06-21 14:54:21,243 [INFO] strategies.news_fade: NewsFade: spike down detected on 0x2e70b2b23548b5c6d780bf45d6dab074c92c3e9e5142bf81bc9e67f7e3f9e74f 20.50%->18.00%
2026-06-21 14:54:21,244 [INFO] leo.loops: FavoriteShort: 2 opps, top edge=4.0%
2026-06-21 14:54:24,271 [INFO] leo.loops: OracleSqueeze: 12 opps, top edge=19.5%
2026-06-21 14:54:24,972 [INFO] strategies.btc_5min: BTC5Min: 6 BTC markets found (mins-to-close: [1430.58, 1425.58, -4.42, 0.58, 5.58, 0.58]), 2 in entry window [0.2–1.5 min]
2026-06-21 14:54:25,232 [INFO] leo.loops: BTC5Min: 2 opps, top edge=38.1%
2026-06-21 14:54:29,935 [INFO] leo.loops: Crypto signal: 16 opps, top edge=94.5%
2026-06-21 14:54:32,080 [INFO] api_clients.polymarket_client: Polymarket: loaded 1000 active markets
2026-06-21 14:54:46,562 [INFO] strategies.btc_5min: BTC5Min: 6 BTC markets found (mins-to-close: [1430.22, 1425.22, -4.78, 0.22, 5.22, 0.22]), 2 in entry window [0.2–1.5 min]
2026-06-21 14:54:46,841 [INFO] leo.loops: BTC5Min: 2 opps, top edge=22.2%
2026-06-21 14:55:00,493 [INFO] leo.loops: Crypto signal: 15 opps, top edge=94.5%
2026-06-21 14:55:07,952 [INFO] strategies.btc_5min: BTC5Min: 8 BTC markets found (mins-to-close: [1434.87, 1444.87, 1429.87, 1424.87, -5.13, -0.13, 4.87, -0.13]), 0 in entry window [0.2–1.5 min]
2026-06-21 14:55:09,837 [INFO] api_clients.polymarket_client: Polymarket: loaded 1000 active markets
2026-06-21 14:55:24,274 [INFO] leo.loops: OracleSqueeze: 11 opps, top edge=19.5%
2026-06-21 14:55:29,246 [INFO] strategies.btc_5min: BTC5Min: 9 BTC markets found (mins-to-close: [1434.51, 1444.51, 1429.51, 1424.51, -5.49, -0.49, 4.51, 4.51, -0.49]), 0 in entry window [0.2–1.5 min]
2026-06-21 14:55:31,065 [INFO] leo.loops: Crypto signal: 16 opps, top edge=94.5%
2026-06-21 14:55:46,655 [INFO] api_clients.polymarket_client: Polymarket: loaded 1000 active markets
2026-06-21 14:55:50,949 [INFO] strategies.btc_5min: BTC5Min: 8 BTC markets found (mins-to-close: [1434.15, 1444.15, 1429.15, 1424.15, -0.85, -0.85, 4.15, -0.85]), 0 in entry window [0.2–1.5 min]
2026-06-21 14:56:01,688 [INFO] leo.loops: Crypto signal: 17 opps, top edge=94.5%
2026-06-21 14:56:12,229 [INFO] strategies.btc_5min: BTC5Min: 8 BTC markets found (mins-to-close: [1433.8, 1443.8, 1428.8, 1423.8, -1.2, -1.2, 3.8, -1.2]), 0 in entry window [0.2–1.5 min]
2026-06-21 14:56:20,373 [WARNING] api_clients.pyth_client: Pyth SSE disconnected: Response payload is not completed: <TransferEncodingError: 400, message='Not enough data to satisfy transfer length header.'>, retrying in 1s
2026-06-21 14:56:21,376 [INFO] api_clients.pyth_client: Pyth SSE: connecting…
2026-06-21 14:56:21,951 [INFO] api_clients.pyth_client: Pyth SSE: stream live
2026-06-21 14:56:23,298 [INFO] api_clients.polymarket_client: Polymarket: loaded 1000 active markets
2026-06-21 14:56:24,278 [INFO] leo.loops: OracleSqueeze: 11 opps, top edge=19.5%
2026-06-21 14:56:32,310 [INFO] leo.loops: Crypto signal: 16 opps, top edge=94.5%
2026-06-21 14:56:32,934 [INFO] strategies.btc_5min: BTC5Min: 7 BTC markets found (mins-to-close: [1433.45, 1443.45, 1428.45, 1423.45, -1.55, -1.55, 3.45]), 0 in entry window [0.2–1.5 min]
2026-06-21 14:56:54,970 [INFO] strategies.btc_5min: BTC5Min: 7 BTC markets found (mins-to-close: [1433.08, 1443.08, 1428.08, 1423.08, -1.92, -1.92, 3.08]), 0 in entry window [0.2–1.5 min]
2026-06-21 14:57:00,636 [INFO] api_clients.polymarket_client: Polymarket: loaded 1000 active markets
2026-06-21 14:57:02,963 [INFO] leo.loops: Crypto signal: 16 opps, top edge=94.5%
2026-06-21 14:57:16,268 [INFO] strategies.btc_5min: BTC5Min: 7 BTC markets found (mins-to-close: [1432.73, 1442.73, 1427.73, 1422.73, -2.27, -2.27, 2.73]), 0 in entry window [0.2–1.5 min]
2026-06-21 14:57:24,279 [INFO] leo.loops: OracleSqueeze: 11 opps, top edge=19.5%
2026-06-21 14:57:33,295 [INFO] leo.loops: Crypto signal: 16 opps, top edge=94.5%
2026-06-21 14:57:37,031 [INFO] api_clients.polymarket_client: Polymarket: loaded 1000 active markets
2026-06-21 14:57:37,370 [INFO] strategies.btc_5min: BTC5Min: 7 BTC markets found (mins-to-close: [1432.38, 1442.38, 1427.38, 1422.38, -2.62, -2.62, 2.38]), 0 in entry window [0.2–1.5 min]
2026-06-21 14:57:59,166 [INFO] strategies.btc_5min: BTC5Min: 7 BTC markets found (mins-to-close: [1432.01, 1442.01, 1427.01, 1422.01, -2.99, -2.99, 2.01]), 0 in entry window [0.2–1.5 min]
2026-06-21 14:58:03,862 [INFO] leo.loops: Crypto signal: 16 opps, top edge=94.5%
2026-06-21 14:58:13,561 [INFO] api_clients.polymarket_client: Polymarket: loaded 1000 active markets
2026-06-21 14:58:21,114 [INFO] strategies.btc_5min: BTC5Min: 7 BTC markets found (mins-to-close: [1431.65, 1441.65, 1426.65, 1421.65, -3.35, -3.35, 1.65]), 0 in entry window [0.2–1.5 min]
2026-06-21 14:58:24,283 [INFO] leo.loops: OracleSqueeze: 11 opps, top edge=19.5%
2026-06-21 14:58:34,463 [INFO] leo.loops: Crypto signal: 16 opps, top edge=94.5%
2026-06-21 14:58:42,726 [INFO] strategies.btc_5min: BTC5Min: 7 BTC markets found (mins-to-close: [1431.29, 1441.29, 1426.29, 1421.29, -3.71, -3.71, 1.29]), 1 in entry window [0.2–1.5 min]
2026-06-21 14:58:43,456 [INFO] leo.loops: BTC5Min: 1 opps, top edge=27.9%
2026-06-21 14:58:50,078 [INFO] api_clients.polymarket_client: Polymarket: loaded 1000 active markets
2026-06-21 14:59:04,669 [INFO] strategies.btc_5min: BTC5Min: 7 BTC markets found (mins-to-close: [1430.92, 1440.92, 1425.92, 1420.92, -4.08, -4.08, 0.92]), 1 in entry window [0.2–1.5 min]
2026-06-21 14:59:04,924 [INFO] leo.loops: BTC5Min: 1 opps, top edge=30.6%
2026-06-21 14:59:05,295 [INFO] leo.loops: Crypto signal: 16 opps, top edge=94.5%
2026-06-21 14:59:21,245 [INFO] strategies.news_fade: NewsFade: spike up detected on 0xf8b8580d51c881d2218189e14592f3893edde91d70dc9f8c9031a510cf10cfcc 27.50%->99.50%
2026-06-21 14:59:21,246 [INFO] strategies.news_fade: NewsFade: spike down detected on 0xc02595432588a83e80999489fd0a90708c649fd0ccaaef771b6323d58207d5c3 50.00%->46.00%
2026-06-21 14:59:21,246 [INFO] strategies.news_fade: NewsFade: spike up detected on 0xce9a5fa30fe74e323b4a8f15afbb0b7a41a537aa880779ddf7dee22223b2f34a 1.65%->1.85%
2026-06-21 14:59:21,246 [INFO] strategies.news_fade: NewsFade: spike down detected on 0x8b34406998f44eea18154c5b072c994bf40b310f81524eeff1898a3cd65f5db4 55.50%->45.50%
2026-06-21 14:59:21,247 [INFO] strategies.news_fade: NewsFade: spike up detected on 0x082fdf6adcbb29c4d57d1c8668c1fa754164567684202b48b10d4f96bc0f287d 2.10%->2.40%
2026-06-21 14:59:21,248 [INFO] leo.loops: FavoriteShort: 3 opps, top edge=4.0%
2026-06-21 14:59:24,287 [INFO] leo.loops: OracleSqueeze: 11 opps, top edge=19.5%
2026-06-21 14:59:26,278 [INFO] strategies.btc_5min: BTC5Min: 7 BTC markets found (mins-to-close: [1430.56, 1440.56, 1425.56, 1420.56, -4.44, -4.44, 0.56]), 1 in entry window [0.2–1.5 min]
2026-06-21 14:59:26,540 [INFO] leo.loops: BTC5Min: 1 opps, top edge=39.9%
2026-06-21 14:59:27,583 [INFO] api_clients.polymarket_client: Polymarket: loaded 1000 active markets
2026-06-21 14:59:35,784 [INFO] leo.loops: Crypto signal: 16 opps, top edge=94.5%
2026-06-21 14:59:47,745 [INFO] strategies.btc_5min: BTC5Min: 8 BTC markets found (mins-to-close: [1430.2, 1440.2, 1425.2, 1420.2, -4.8, 0.2, 0.2, 0.2]), 3 in entry window [0.2–1.5 min]
2026-06-21 14:59:48,323 [INFO] leo.loops: BTC5Min: 2 opps, top edge=40.5%
2026-06-21 15:00:03,788 [INFO] api_clients.polymarket_client: Polymarket: loaded 1000 active markets
2026-06-21 15:00:06,374 [INFO] leo.loops: Crypto signal: 16 opps, top edge=94.5%
2026-06-21 15:00:09,122 [INFO] strategies.btc_5min: BTC5Min: 8 BTC markets found (mins-to-close: [1434.85, 1429.85, 1439.85, 1424.85, 1419.85, -5.15, -0.15, -0.15]), 0 in entry window [0.2–1.5 min]
2026-06-21 15:00:22,957 [INFO] api_clients.forecast_client: Forecast: loaded 0 questions (0 meta, 0 manifold)
2026-06-21 15:00:24,290 [INFO] leo.loops: OracleSqueeze: 14 opps, top edge=22.0%
2026-06-21 15:00:30,437 [INFO] strategies.btc_5min: BTC5Min: 8 BTC markets found (mins-to-close: [1434.49, 1429.49, 1439.49, 1424.49, 1419.49, -5.51, -0.51, -0.51]), 0 in entry window [0.2–1.5 min]
2026-06-21 15:00:36,995 [INFO] leo.loops: Crypto signal: 16 opps, top edge=94.5%
2026-06-21 15:00:40,488 [INFO] api_clients.polymarket_client: Polymarket: loaded 1000 active markets
2026-06-21 15:00:51,536 [INFO] strategies.btc_5min: BTC5Min: 8 BTC markets found (mins-to-close: [1434.14, 1429.14, 1439.14, 1424.14, 1419.14, -5.86, -0.86, -0.86]), 0 in entry window [0.2–1.5 min]
2026-06-21 15:01:07,614 [INFO] leo.loops: Crypto signal: 16 opps, top edge=94.5%
2026-06-21 15:01:13,023 [INFO] strategies.btc_5min: BTC5Min: 8 BTC markets found (mins-to-close: [1433.78, 1428.78, 1438.78, 1423.78, 1418.78, -6.22, -1.22, -1.22]), 0 in entry window [0.2–1.5 min]
2026-06-21 15:01:17,599 [INFO] api_clients.polymarket_client: Polymarket: loaded 1000 active markets
2026-06-21 15:01:24,295 [INFO] leo.loops: OracleSqueeze: 14 opps, top edge=22.0%
2026-06-21 15:01:34,648 [INFO] strategies.btc_5min: BTC5Min: 8 BTC markets found (mins-to-close: [1433.42, 1428.42, 1438.42, 1423.42, 1418.42, -1.58, -1.58, -1.58]), 0 in entry window [0.2–1.5 min]
2026-06-21 15:01:37,941 [INFO] leo.loops: Crypto signal: 16 opps, top edge=94.5%
2026-06-21 15:01:53,744 [INFO] api_clients.polymarket_client: Polymarket: loaded 1000 active markets
2026-06-21 15:01:56,518 [INFO] strategies.btc_5min: BTC5Min: 8 BTC markets found (mins-to-close: [1433.06, 1428.06, 1438.06, 1423.06, 1418.06, -1.94, -1.94, -1.94]), 0 in entry window [0.2–1.5 min]
2026-06-21 15:02:08,557 [INFO] leo.loops: Crypto signal: 16 opps, top edge=94.5%
2026-06-21 15:02:17,814 [INFO] strategies.btc_5min: BTC5Min: 8 BTC markets found (mins-to-close: [1432.7, 1427.7, 1437.7, 1422.7, 1417.7, -2.3, -2.3, -2.3]), 0 in entry window [0.2–1.5 min]
2026-06-21 15:02:24,299 [INFO] leo.loops: OracleSqueeze: 18 opps, top edge=22.0%
2026-06-21 15:02:30,372 [INFO] api_clients.polymarket_client: Polymarket: loaded 1000 active markets
2026-06-21 15:02:38,935 [INFO] strategies.btc_5min: BTC5Min: 8 BTC markets found (mins-to-close: [1432.35, 1427.35, 1437.35, 1422.35, 1417.35, -2.65, -2.65, -2.65]), 0 in entry window [0.2–1.5 min]
2026-06-21 15:02:38,975 [INFO] leo.loops: Crypto signal: 16 opps, top edge=94.5%
2026-06-21 15:03:00,894 [INFO] strategies.btc_5min: BTC5Min: 8 BTC markets found (mins-to-close: [1431.99, 1426.99, 1436.99, 1421.99, 1416.99, -3.01, -3.01, -3.01]), 0 in entry window [0.2–1.5 min]
2026-06-21 15:03:07,277 [INFO] api_clients.polymarket_client: Polymarket: loaded 1000 active markets
2026-06-21 15:03:09,874 [INFO] leo.loops: Crypto signal: 16 opps, top edge=94.5%
2026-06-21 15:03:21,911 [INFO] strategies.btc_5min: BTC5Min: 8 BTC markets found (mins-to-close: [1431.63, 1426.63, 1436.63, 1421.63, 1416.63, -3.37, -3.37, -3.37]), 0 in entry window [0.2–1.5 min]
2026-06-21 15:03:24,302 [INFO] leo.loops: OracleSqueeze: 18 opps, top edge=22.0%
2026-06-21 15:03:40,203 [INFO] leo.loops: Crypto signal: 16 opps, top edge=94.5%
2026-06-21 15:03:43,193 [INFO] strategies.btc_5min: BTC5Min: 8 BTC markets found (mins-to-close: [1431.28, 1426.28, 1436.28, 1421.28, 1416.28, -3.72, -3.72, -3.72]), 0 in entry window [0.2–1.5 min]
2026-06-21 15:03:44,454 [INFO] api_clients.polymarket_client: Polymarket: loaded 1000 active markets
2026-06-21 15:04:04,480 [INFO] leo.loops: OFI: 1 opps, top edge=4.5%
2026-06-21 15:04:05,049 [INFO] strategies.btc_5min: BTC5Min: 8 BTC markets found (mins-to-close: [1430.92, 1425.92, 1435.92, 1420.92, 1415.92, -4.08, -4.08, -4.08]), 0 in entry window [0.2–1.5 min]
2026-06-21 15:04:10,790 [INFO] leo.loops: Crypto signal: 16 opps, top edge=94.5%
2026-06-21 15:04:20,786 [INFO] api_clients.polymarket_client: Polymarket: loaded 1000 active markets
2026-06-21 15:04:21,251 [INFO] strategies.news_fade: NewsFade: spike up detected on 0x96ca16c88cb9051bdfb0a095d4e27bbd7825ac453254573357d7a4eda028b8d9 10.50%->11.50%
2026-06-21 15:04:21,252 [INFO] strategies.news_fade: NewsFade: spike up detected on 0xee1d1c91c8c0248a432ce1a335008da1347bcc55abf53d1e869193e8397544b4 0.05%->0.50%
2026-06-21 15:04:21,252 [INFO] strategies.news_fade: NewsFade: spike down detected on 0x21fcca8fe82daedc5522e0930f994a683db202a77c21b6fbfea6ca19bc793078 3.95%->3.70%
2026-06-21 15:04:21,253 [INFO] strategies.news_fade: NewsFade: spike down detected on 0x77b34be87a27b317f43cd2fb9330e5615aab2656538a790b146496949a9d261c 2.95%->2.75%
2026-06-21 15:04:21,253 [INFO] strategies.news_fade: NewsFade: spike up detected on 0x227f527675c5bae3e3db75eb20df60600434c9232e69ab48ee76a3240056e217 7.50%->8.00%
2026-06-21 15:04:21,253 [INFO] strategies.news_fade: NewsFade: spike up detected on 0x201e8e63699e93639d70467d973e60ec2bb899d4dfe05967e0ac65ba49fe1c35 3.35%->3.65%
2026-06-21 15:04:21,254 [INFO] leo.loops: FavoriteShort: 3 opps, top edge=4.0%
2026-06-21 15:04:24,305 [INFO] leo.loops: OracleSqueeze: 17 opps, top edge=22.0%
2026-06-21 15:04:26,095 [INFO] strategies.btc_5min: BTC5Min: 7 BTC markets found (mins-to-close: [1430.57, 1425.57, 1435.57, 1420.57, 1415.57, -4.43, 0.57]), 1 in entry window [0.2–1.5 min]
2026-06-21 15:04:26,834 [INFO] leo.loops: BTC5Min: 1 opps, top edge=16.7%
2026-06-21 15:04:41,402 [INFO] leo.loops: Crypto signal: 16 opps, top edge=94.5%
2026-06-21 15:04:47,878 [INFO] strategies.btc_5min: BTC5Min: 7 BTC markets found (mins-to-close: [1430.2, 1425.2, 1435.2, 1420.2, 1415.2, -4.8, 0.2]), 1 in entry window [0.2–1.5 min]
2026-06-21 15:04:48,134 [INFO] leo.loops: BTC5Min: 1 opps, top edge=20.8%
2026-06-21 15:04:57,367 [INFO] api_clients.polymarket_client: Polymarket: loaded 1000 active markets
2026-06-21 15:05:09,517 [INFO] strategies.btc_5min: BTC5Min: 8 BTC markets found (mins-to-close: [1434.84, 1429.84, 1424.84, 1434.84, 1419.84, 1414.84, -5.16, -0.16]), 0 in entry window [0.2–1.5 min]
2026-06-21 15:05:11,977 [INFO] leo.loops: Crypto signal: 16 opps, top edge=94.5%
2026-06-21 15:05:24,308 [INFO] leo.loops: OracleSqueeze: 17 opps, top edge=22.0%
2026-06-21 15:05:31,371 [INFO] strategies.btc_5min: BTC5Min: 8 BTC markets found (mins-to-close: [1434.48, 1429.48, 1424.48, 1434.48, 1419.48, 1414.48, -5.52, -0.52]), 0 in entry window [0.2–1.5 min]
2026-06-21 15:05:34,524 [INFO] api_clients.polymarket_client: Polymarket: loaded 1000 active markets
2026-06-21 15:05:42,556 [INFO] leo.loops: Crypto signal: 16 opps, top edge=94.5%
2026-06-21 15:05:52,707 [INFO] strategies.btc_5min: BTC5Min: 8 BTC markets found (mins-to-close: [1434.12, 1429.12, 1424.12, 1434.12, 1419.12, 1414.12, -5.88, -0.88]), 0 in entry window [0.2–1.5 min]
2026-06-21 15:06:04,713 [INFO] leo.loops: OFI: 1 opps, top edge=4.8%
2026-06-21 15:06:11,047 [INFO] api_clients.polymarket_client: Polymarket: loaded 1000 active markets
2026-06-21 15:06:13,130 [INFO] leo.loops: Crypto signal: 16 opps, top edge=94.5%
2026-06-21 15:06:13,843 [INFO] strategies.btc_5min: BTC5Min: 8 BTC markets found (mins-to-close: [1433.77, 1428.77, 1423.77, 1433.77, 1418.77, 1413.77, -1.23, -1.23]), 0 in entry window [0.2–1.5 min]
2026-06-21 15:06:24,345 [INFO] leo.loops: OracleSqueeze: 17 opps, top edge=20.5%
2026-06-21 15:06:35,484 [INFO] strategies.btc_5min: BTC5Min: 8 BTC markets found (mins-to-close: [1433.41, 1428.41, 1423.41, 1433.41, 1418.41, 1413.41, -1.59, -1.59]), 0 in entry window [0.2–1.5 min]
2026-06-21 15:06:43,697 [INFO] leo.loops: Crypto signal: 16 opps, top edge=94.5%
2026-06-21 15:06:48,002 [INFO] api_clients.polymarket_client: Polymarket: loaded 1000 active markets
2026-06-21 15:06:56,531 [INFO] strategies.btc_5min: BTC5Min: 9 BTC markets found (mins-to-close: [1433.06, 1428.06, 1423.06, 1433.06, 1418.06, 1413.06, -1.94, -1.94, 8.06]), 0 in entry window [0.2–1.5 min]
2026-06-21 15:07:14,585 [INFO] leo.loops: Crypto signal: 16 opps, top edge=94.5%
2026-06-21 15:07:18,014 [INFO] strategies.btc_5min: BTC5Min: 9 BTC markets found (mins-to-close: [1432.7, 1427.7, 1422.7, 1432.7, 1417.7, 1412.7, -2.3, -2.3, 7.7]), 0 in entry window [0.2–1.5 min]
2026-06-21 15:07:24,245 [INFO] api_clients.polymarket_client: Polymarket: loaded 1000 active markets
2026-06-21 15:07:24,349 [INFO] leo.loops: OracleSqueeze: 16 opps, top edge=20.5%
2026-06-21 15:07:39,561 [INFO] strategies.btc_5min: BTC5Min: 9 BTC markets found (mins-to-close: [1432.34, 1427.34, 1422.34, 1432.34, 1417.34, 1412.34, -2.66, -2.66, 7.34]), 0 in entry window [0.2–1.5 min]
2026-06-21 15:07:45,139 [INFO] leo.loops: Crypto signal: 16 opps, top edge=94.5%
2026-06-21 15:08:00,872 [INFO] strategies.btc_5min: BTC5Min: 9 BTC markets found (mins-to-close: [1431.99, 1426.99, 1421.99, 1431.99, 1416.99, 1411.99, -3.01, -3.01, 6.99]), 0 in entry window [0.2–1.5 min]
2026-06-21 15:08:01,472 [INFO] api_clients.polymarket_client: Polymarket: loaded 1000 active markets
2026-06-21 15:08:15,961 [INFO] leo.loops: Crypto signal: 16 opps, top edge=94.5%
2026-06-21 15:08:22,202 [INFO] strategies.btc_5min: BTC5Min: 9 BTC markets found (mins-to-close: [1431.63, 1426.63, 1421.63, 1431.63, 1416.63, 1411.63, -3.37, -3.37, 6.63]), 0 in entry window [0.2–1.5 min]
2026-06-21 15:08:24,351 [INFO] leo.loops: OracleSqueeze: 16 opps, top edge=20.5%
2026-06-21 15:08:37,751 [INFO] api_clients.polymarket_client: Polymarket: loaded 1000 active markets
2026-06-21 15:08:43,243 [INFO] strategies.btc_5min: BTC5Min: 9 BTC markets found (mins-to-close: [1431.28, 1426.28, 1421.28, 1431.28, 1416.28, 1411.28, -3.72, -3.72, 6.28]), 0 in entry window [0.2–1.5 min]
2026-06-21 15:08:46,679 [INFO] leo.loops: Crypto signal: 16 opps, top edge=94.5%
2026-06-21 15:09:05,439 [INFO] strategies.btc_5min: BTC5Min: 9 BTC markets found (mins-to-close: [1430.91, 1425.91, 1420.91, 1430.91, 1415.91, 1410.91, -4.09, -4.09, 5.91]), 0 in entry window [0.2–1.5 min]
2026-06-21 15:09:06,615 [WARNING] api_clients.pyth_client: Pyth SSE disconnected: Response payload is not completed: <TransferEncodingError: 400, message='Not enough data to satisfy transfer length header.'>, retrying in 1s
2026-06-21 15:09:07,619 [INFO] api_clients.pyth_client: Pyth SSE: connecting…
2026-06-21 15:09:08,279 [INFO] api_clients.pyth_client: Pyth SSE: stream live
2026-06-21 15:09:11,954 [WARNING] api_clients.pyth_client: Pyth SSE disconnected: Response payload is not completed: <TransferEncodingError: 400, message='Not enough data to satisfy transfer length header.'>, retrying in 1s
2026-06-21 15:09:12,957 [INFO] api_clients.pyth_client: Pyth SSE: connecting…
2026-06-21 15:09:13,525 [INFO] api_clients.pyth_client: Pyth SSE: stream live
2026-06-21 15:09:14,687 [INFO] api_clients.polymarket_client: Polymarket: loaded 1000 active markets
2026-06-21 15:09:17,331 [INFO] leo.loops: Crypto signal: 16 opps, top edge=94.5%
2026-06-21 15:09:21,262 [INFO] strategies.news_fade: NewsFade: spike down detected on 0x3fc1244001a67e9ce6fd50c21775364a5f3665be23bfd185fbad1f0979d34bf2 48.50%->45.50%
2026-06-21 15:09:21,263 [INFO] strategies.news_fade: NewsFade: spike up detected on 0xf38f31748bf164fba353e453e1169d447bdee127b6e0e3571a42b775fc87cb9f 21.00%->22.50%
2026-06-21 15:09:21,263 [INFO] strategies.news_fade: NewsFade: spike down detected on 0xc343384395f00f0dd8b914048c58cc538e8062a0aa2221b679430f1103b3bd04 33.50%->29.50%
2026-06-21 15:09:21,263 [INFO] strategies.news_fade: NewsFade: spike down detected on 0x876deb9b87b02c7dfb5514b53a527e606c29f1397c73d713bffe8ea7989fde5b 32.50%->30.50%
2026-06-21 15:09:21,263 [INFO] strategies.news_fade: NewsFade: spike down detected on 0x24a2f24949a85555846da3a25e28543a3feaaac145f5093547c5c42f532545b2 6.50%->5.50%
2026-06-21 15:09:21,263 [INFO] strategies.news_fade: NewsFade: spike down detected on 0x6897736d782ce70f47126dfcec6669073f563d6e757e60bc61c0367370d6f73e 0.55%->0.45%
2026-06-21 15:09:21,264 [INFO] strategies.news_fade: NewsFade: spike down detected on 0xe3f8272f4957b7dcc492d988e5c7cd6dbb2f4111cd309571514a280938d617f1 13.05%->11.75%
2026-06-21 15:09:21,264 [INFO] strategies.news_fade: NewsFade: spike down detected on 0x2bcc5cf4950031b056a2b2839bd486617d6cb087b0518e45b81874ebee90bf7b 19.50%->15.50%
2026-06-21 15:09:21,265 [INFO] strategies.news_fade: NewsFade: spike down detected on 0x45216efeda6fc74a926274499feae36306cd81ffebdaa1b50fb46484284c1b0d 69.00%->61.50%
2026-06-21 15:09:21,265 [INFO] strategies.news_fade: NewsFade: spike down detected on 0xe5f0eea9c2c67975eb5c85b3541f51d17804effa5610622c5db0ec9872756eb0 3.35%->2.60%
2026-06-21 15:09:21,265 [INFO] strategies.news_fade: NewsFade: spike up detected on 0xd756cf798f2ecceb0f1071d57e4d92f52e0876a7c29074194cadc72d62b9ba0d 0.05%->0.15%
2026-06-21 15:09:21,266 [INFO] strategies.news_fade: NewsFade: spike down detected on 0x0c3b2009d76e191c0e8a2d563956b38436db1937a8b7774dec1694d3b7276128 0.50%->0.35%
2026-06-21 15:09:21,266 [INFO] strategies.news_fade: NewsFade: spike up detected on 0x4e40b403a7664250f32766419661770427213f3cece3c131458bffa4bd4f0405 0.15%->0.45%
2026-06-21 15:09:21,266 [INFO] strategies.news_fade: NewsFade: spike up detected on 0xb7875a120bbba3dbd4057d6702ec00f5733e0dbc3c178ea660f7c9df87b450af 57.50%->61.00%
2026-06-21 15:09:21,266 [INFO] strategies.news_fade: NewsFade: spike up detected on 0x04f1a10e79a106d18dc45e6087f0757456197ec5c6ffec2506cd066e8215fc62 56.50%->62.00%
2026-06-21 15:09:21,267 [INFO] leo.loops: FavoriteShort: 3 opps, top edge=4.0%
2026-06-21 15:09:24,361 [INFO] leo.loops: OracleSqueeze: 15 opps, top edge=20.5%
2026-06-21 15:09:26,466 [INFO] strategies.btc_5min: BTC5Min: 8 BTC markets found (mins-to-close: [1430.56, 1425.56, 1420.56, 1430.56, 1415.56, 1410.56, -4.44, 5.56]), 0 in entry window [0.2–1.5 min]
2026-06-21 15:09:47,504 [INFO] strategies.btc_5min: BTC5Min: 8 BTC markets found (mins-to-close: [1430.21, 1425.21, 1420.21, 1430.21, 1415.21, 1410.21, -4.79, 5.21]), 0 in entry window [0.2–1.5 min]
2026-06-21 15:09:47,906 [INFO] leo.loops: Crypto signal: 16 opps, top edge=94.5%
2026-06-21 15:09:52,090 [INFO] api_clients.polymarket_client: Polymarket: loaded 1000 active markets
2026-06-21 15:10:05,108 [INFO] leo.loops: OFI: 1 opps, top edge=7.0%
2026-06-21 15:10:09,410 [INFO] strategies.btc_5min: BTC5Min: 6 BTC markets found (mins-to-close: [1444.84, 1434.84, 1429.84, 1424.84, -5.16, 4.84]), 0 in entry window [0.2–1.5 min]
2026-06-21 15:10:18,498 [INFO] leo.loops: Crypto signal: 16 opps, top edge=94.5%
2026-06-21 15:10:24,370 [INFO] leo.loops: OracleSqueeze: 15 opps, top edge=20.5%
2026-06-21 15:10:28,137 [INFO] api_clients.polymarket_client: Polymarket: loaded 1000 active markets
2026-06-21 15:10:30,447 [INFO] strategies.btc_5min: BTC5Min: 8 BTC markets found (mins-to-close: [1444.49, 1434.49, 1429.49, 1424.49, -5.51, -0.51, 4.49, 4.49]), 0 in entry window [0.2–1.5 min]
2026-06-21 15:10:48,823 [INFO] leo.loops: Crypto signal: 16 opps, top edge=94.5%
2026-06-21 15:10:51,757 [INFO] strategies.btc_5min: BTC5Min: 8 BTC markets found (mins-to-close: [1444.14, 1434.14, 1429.14, 1424.14, -5.86, -0.86, 4.14, 4.14]), 0 in entry window [0.2–1.5 min]
2026-06-21 15:11:05,024 [INFO] api_clients.polymarket_client: Polymarket: loaded 1000 active markets
2026-06-21 15:11:13,336 [INFO] strategies.btc_5min: BTC5Min: 7 BTC markets found (mins-to-close: [1443.78, 1433.78, 1428.78, 1423.78, -1.22, 3.78, 3.78]), 0 in entry window [0.2–1.5 min]
2026-06-21 15:11:19,436 [INFO] leo.loops: Crypto signal: 16 opps, top edge=94.5%
2026-06-21 15:11:24,372 [INFO] leo.loops: OracleSqueeze: 16 opps, top edge=20.5%
2026-06-21 15:11:34,634 [INFO] strategies.btc_5min: BTC5Min: 7 BTC markets found (mins-to-close: [1443.42, 1433.42, 1428.42, 1423.42, -1.58, 3.42, 3.42]), 0 in entry window [0.2–1.5 min]
2026-06-21 15:11:41,920 [INFO] api_clients.polymarket_client: Polymarket: loaded 1000 active markets
2026-06-21 15:11:50,566 [INFO] leo.loops: Crypto signal: 16 opps, top edge=94.5%
2026-06-21 15:11:55,911 [INFO] strategies.btc_5min: BTC5Min: 6 BTC markets found (mins-to-close: [1443.07, 1433.07, 1428.07, 1423.07, -1.93, 3.07]), 0 in entry window [0.2–1.5 min]
2026-06-21 15:12:17,715 [INFO] strategies.btc_5min: BTC5Min: 6 BTC markets found (mins-to-close: [1442.7, 1432.7, 1427.7, 1422.7, -2.3, 2.7]), 0 in entry window [0.2–1.5 min]
2026-06-21 15:12:18,882 [INFO] api_clients.polymarket_client: Polymarket: loaded 1000 active markets
2026-06-21 15:12:21,155 [INFO] leo.loops: Crypto signal: 16 opps, top edge=94.5%
2026-06-21 15:12:24,377 [INFO] leo.loops: OracleSqueeze: 17 opps, top edge=22.0%
2026-06-21 15:12:39,307 [INFO] strategies.btc_5min: BTC5Min: 6 BTC markets found (mins-to-close: [1442.34, 1432.34, 1427.34, 1422.34, -2.66, 2.34]), 0 in entry window [0.2–1.5 min]
2026-06-21 15:12:51,730 [INFO] leo.loops: Crypto signal: 16 opps, top edge=94.5%
2026-06-21 15:12:55,163 [INFO] api_clients.polymarket_client: Polymarket: loaded 1000 active markets
2026-06-21 15:12:58,671 [WARNING] api_clients.pyth_client: Pyth SSE disconnected: Response payload is not completed: <TransferEncodingError: 400, message='Not enough data to satisfy transfer length header.'>, retrying in 1s
2026-06-21 15:12:59,675 [INFO] api_clients.pyth_client: Pyth SSE: connecting…
2026-06-21 15:13:00,322 [INFO] strategies.btc_5min: BTC5Min: 6 BTC markets found (mins-to-close: [1441.99, 1431.99, 1426.99, 1421.99, -3.01, 1.99]), 0 in entry window [0.2–1.5 min]
2026-06-21 15:13:00,322 [INFO] api_clients.pyth_client: Pyth SSE: stream live
2026-06-21 15:13:07,063 [WARNING] api_clients.pyth_client: Pyth SSE disconnected: Response payload is not completed: <TransferEncodingError: 400, message='Not enough data to satisfy transfer length header.'>, retrying in 1s
2026-06-21 15:13:08,065 [INFO] api_clients.pyth_client: Pyth SSE: connecting…
2026-06-21 15:13:10,072 [INFO] api_clients.pyth_client: Pyth SSE: stream live
2026-06-21 15:13:22,189 [INFO] strategies.btc_5min: BTC5Min: 6 BTC markets found (mins-to-close: [1441.63, 1431.63, 1426.63, 1421.63, -3.37, 1.63]), 0 in entry window [0.2–1.5 min]
2026-06-21 15:13:22,343 [INFO] leo.loops: Crypto signal: 16 opps, top edge=94.5%
2026-06-21 15:13:24,395 [INFO] leo.loops: OracleSqueeze: 17 opps, top edge=22.0%
2026-06-21 15:13:32,029 [INFO] api_clients.polymarket_client: Polymarket: loaded 1000 active markets
2026-06-21 15:13:43,227 [INFO] strategies.btc_5min: BTC5Min: 6 BTC markets found (mins-to-close: [1441.28, 1431.28, 1426.28, 1421.28, -3.72, 1.28]), 1 in entry window [0.2–1.5 min]
2026-06-21 15:13:43,981 [INFO] leo.loops: BTC5Min: 1 opps, top edge=83.2%
2026-06-21 15:13:52,904 [INFO] leo.loops: Crypto signal: 16 opps, top edge=94.5%
2026-06-21 15:14:04,784 [INFO] strategies.btc_5min: BTC5Min: 6 BTC markets found (mins-to-close: [1440.92, 1430.92, 1425.92, 1420.92, -4.08, 0.92]), 1 in entry window [0.2–1.5 min]
2026-06-21 15:14:05,041 [INFO] leo.loops: BTC5Min: 1 opps, top edge=83.5%
2026-06-21 15:14:05,568 [INFO] leo.loops: OFI: 1 opps, top edge=5.2%
2026-06-21 15:14:09,556 [INFO] api_clients.polymarket_client: Polymarket: loaded 1000 active markets
2026-06-21 15:14:21,279 [INFO] strategies.news_fade: NewsFade: spike up detected on 0x91bc2d5c57d20851caa4bbf821e9d7d3b488e041f21f00d256bc43caa9e1c4c9 43.00%->47.00%
2026-06-21 15:14:21,279 [INFO] strategies.news_fade: NewsFade: spike up detected on 0x12910c35d2983edb2bfc03913dd3c7d19a1848829734986caf8bb1efd62ddb3e 49.00%->55.00%
2026-06-21 15:14:21,280 [INFO] strategies.news_fade: NewsFade: spike down detected on 0x12412d4db08dad91e4a5851b011935e53457caeb0f0c764047635dfa4b82e2b7 57.00%->52.50%
2026-06-21 15:14:21,280 [INFO] strategies.news_fade: NewsFade: spike down detected on 0x9fdac3016180d5875d96edc1988e79922dda90922a076fdff58b6db67d21be95 0.95%->0.70%
2026-06-21 15:14:21,280 [INFO] strategies.news_fade: NewsFade: spike down detected on 0x054725b2a7971376f7924a7021221b12acc50fe78d97817824fe411704d5b5a2 1.35%->1.25%
2026-06-21 15:14:21,281 [INFO] strategies.news_fade: NewsFade: spike up detected on 0xf840c2a84f4f1e62bee8ae8739080e4bf835e7f1d1fd806ef45be9a2da1ac3fb 8.50%->9.50%
2026-06-21 15:14:21,281 [INFO] strategies.news_fade: NewsFade: spike up detected on 0x572919e04eb1a6803c14faddc3668a5181d948f95287e140bdc647f66fe59c60 34.00%->40.50%
2026-06-21 15:14:21,282 [INFO] strategies.news_fade: NewsFade: spike down detected on 0x5d3c0dbb24a2bc26a5e48e8806af944a658ce0c40e8e8428486398b8969983ca 22.00%->14.50%
2026-06-21 15:14:21,282 [INFO] strategies.news_fade: NewsFade: spike up detected on 0xd61673fdbb2e2ceeeeb7ec4fbaba10859e59cbb4abc311779c114e18dbadfb1b 1.45%->1.55%
2026-06-21 15:14:21,282 [INFO] strategies.news_fade: NewsFade: spike down detected on 0x1fd9a544bbe680c2f0a937ea136d55deeb0c0a9198ff48ec1d0ad0a78353454e 4.60%->3.85%
2026-06-21 15:14:21,282 [INFO] strategies.news_fade: NewsFade: spike down detected on 0x28799fda784f6b7f9e838c80d03389973167f102fd1db3f4efb5af6ea19b32ad 0.60%->0.55%
2026-06-21 15:14:21,282 [INFO] strategies.news_fade: NewsFade: spike down detected on 0xde6e02508581a2856e50593b44743fd96e76e95b3ec27afa564754222c6679d2 3.70%->3.30%
2026-06-21 15:14:21,282 [INFO] strategies.news_fade: NewsFade: spike up detected on 0xa3b40156eff3a201ed7960fd207963f41efda520b94183baf27a298e448759c8 12.60%->14.50%
2026-06-21 15:14:21,282 [INFO] strategies.news_fade: NewsFade: spike up detected on 0xe1882c3ed8de4426d465264dec92c0429380fd53298b9f1eeee64733f5af71b5 20.00%->24.00%
2026-06-21 15:14:21,283 [INFO] strategies.news_fade: NewsFade: spike down detected on 0xbfbfc496bf8cef966b69b3eed6d5de5d4f91729440c6f2184e29853d99c0f876 68.50%->60.50%
2026-06-21 15:14:21,283 [INFO] strategies.news_fade: NewsFade: spike up detected on 0x0a83a53202b7913d0323f443d8a50080d36bdb4111e921773e748c36f6e7364f 38.50%->53.00%
2026-06-21 15:14:21,283 [INFO] leo.loops: FavoriteShort: 2 opps, top edge=4.0%
2026-06-21 15:14:23,701 [INFO] leo.loops: Crypto signal: 16 opps, top edge=94.5%
2026-06-21 15:14:24,422 [INFO] leo.loops: OracleSqueeze: 17 opps, top edge=22.0%
2026-06-21 15:14:26,056 [INFO] strategies.btc_5min: BTC5Min: 7 BTC markets found (mins-to-close: [1440.57, 1430.57, 1425.57, 1420.57, 0.57, -4.43, 0.57]), 2 in entry window [0.2–1.5 min]
2026-06-21 15:14:26,314 [INFO] leo.loops: BTC5Min: 2 opps, top edge=83.5%
2026-06-21 15:14:46,466 [INFO] api_clients.polymarket_client: Polymarket: loaded 1000 active markets
2026-06-21 15:14:47,328 [INFO] strategies.btc_5min: BTC5Min: 7 BTC markets found (mins-to-close: [1440.21, 1430.21, 1425.21, 1420.21, 0.21, -4.79, 0.21]), 2 in entry window [0.2–1.5 min]
2026-06-21 15:14:47,591 [INFO] leo.loops: BTC5Min: 2 opps, top edge=83.5%
2026-06-21 15:14:48,343 [INFO] api_clients.weather_client: Weather: refreshed 13 city forecasts
2026-06-21 15:14:48,345 [INFO] leo.loops: Weather: 16 opps, top edge=97.8%
2026-06-21 15:14:54,273 [INFO] leo.loops: Crypto signal: 16 opps, top edge=94.5%
2026-06-21 15:15:10,364 [INFO] strategies.btc_5min: BTC5Min: 7 BTC markets found (mins-to-close: [1434.83, 1439.83, 1429.83, 1424.83, -0.17, -5.17, -0.17]), 0 in entry window [0.2–1.5 min]
2026-06-21 15:15:23,135 [INFO] api_clients.polymarket_client: Polymarket: loaded 1000 active markets
2026-06-21 15:15:24,029 [INFO] api_clients.forecast_client: Forecast: loaded 0 questions (0 meta, 0 manifold)
2026-06-21 15:15:24,425 [INFO] leo.loops: OracleSqueeze: 15 opps, top edge=22.0%
2026-06-21 15:15:25,197 [INFO] leo.loops: Crypto signal: 16 opps, top edge=94.5%
2026-06-21 15:15:31,399 [INFO] strategies.btc_5min: BTC5Min: 5 BTC markets found (mins-to-close: [1434.48, 1439.48, 1429.48, 1424.48, -0.52]), 0 in entry window [0.2–1.5 min]
2026-06-21 15:15:36,037 [WARNING] api_clients.pyth_client: Pyth SSE disconnected: Response payload is not completed: <TransferEncodingError: 400, message='Not enough data to satisfy transfer length header.'>, retrying in 1s
2026-06-21 15:15:37,040 [INFO] api_clients.pyth_client: Pyth SSE: connecting…
2026-06-21 15:15:37,770 [INFO] api_clients.pyth_client: Pyth SSE: stream live
2026-06-21 15:15:45,657 [WARNING] api_clients.pyth_client: Pyth SSE disconnected: Response payload is not completed: <TransferEncodingError: 400, message='Not enough data to satisfy transfer length header.'>, retrying in 1s
2026-06-21 15:15:46,659 [INFO] api_clients.pyth_client: Pyth SSE: connecting…
2026-06-21 15:15:47,752 [INFO] api_clients.pyth_client: Pyth SSE: stream live
2026-06-21 15:15:52,930 [INFO] strategies.btc_5min: BTC5Min: 5 BTC markets found (mins-to-close: [1434.12, 1439.12, 1429.12, 1424.12, -0.88]), 0 in entry window [0.2–1.5 min]
2026-06-21 15:15:55,847 [INFO] leo.loops: Crypto signal: 16 opps, top edge=94.5%
2026-06-21 15:16:00,053 [INFO] api_clients.polymarket_client: Polymarket: loaded 1000 active markets
2026-06-21 15:16:14,457 [INFO] strategies.btc_5min: BTC5Min: 5 BTC markets found (mins-to-close: [1433.76, 1438.76, 1428.76, 1423.76, -1.24]), 0 in entry window [0.2–1.5 min]
2026-06-21 15:16:24,427 [INFO] leo.loops: OracleSqueeze: 16 opps, top edge=22.0%
2026-06-21 15:16:26,484 [INFO] leo.loops: Crypto signal: 16 opps, top edge=93.5%
2026-06-21 15:16:35,455 [INFO] strategies.btc_5min: BTC5Min: 5 BTC markets found (mins-to-close: [1433.41, 1438.41, 1428.41, 1423.41, -1.59]), 0 in entry window [0.2–1.5 min]
2026-06-21 15:16:37,506 [INFO] api_clients.polymarket_client: Polymarket: loaded 1000 active markets
2026-06-21 15:16:57,069 [INFO] leo.loops: Crypto signal: 17 opps, top edge=93.5%
2026-06-21 15:16:57,274 [INFO] strategies.btc_5min: BTC5Min: 5 BTC markets found (mins-to-close: [1433.05, 1438.05, 1428.05, 1423.05, -1.95]), 0 in entry window [0.2–1.5 min]
2026-06-21 15:17:14,496 [INFO] api_clients.polymarket_client: Polymarket: loaded 1000 active markets
2026-06-21 15:17:19,124 [INFO] strategies.btc_5min: BTC5Min: 5 BTC markets found (mins-to-close: [1432.68, 1437.68, 1427.68, 1422.68, -2.32]), 0 in entry window [0.2–1.5 min]
2026-06-21 15:17:24,429 [INFO] leo.loops: OracleSqueeze: 16 opps, top edge=21.0%
2026-06-21 15:17:27,645 [INFO] leo.loops: Crypto signal: 17 opps, top edge=93.5%
2026-06-21 15:17:40,695 [INFO] strategies.btc_5min: BTC5Min: 5 BTC markets found (mins-to-close: [1432.32, 1437.32, 1427.32, 1422.32, -2.68]), 0 in entry window [0.2–1.5 min]
2026-06-21 15:17:51,180 [INFO] api_clients.polymarket_client: Polymarket: loaded 1000 active markets
2026-06-21 15:17:58,238 [INFO] leo.loops: Crypto signal: 17 opps, top edge=93.5%
2026-06-21 15:18:01,714 [INFO] strategies.btc_5min: BTC5Min: 5 BTC markets found (mins-to-close: [1431.97, 1436.97, 1426.97, 1421.97, -3.03]), 0 in entry window [0.2–1.5 min]
2026-06-21 15:18:23,542 [INFO] strategies.btc_5min: BTC5Min: 5 BTC markets found (mins-to-close: [1431.61, 1436.61, 1426.61, 1421.61, -3.39]), 0 in entry window [0.2–1.5 min]
2026-06-21 15:18:24,434 [INFO] leo.loops: OracleSqueeze: 16 opps, top edge=21.0%
2026-06-21 15:18:28,343 [INFO] api_clients.polymarket_client: Polymarket: loaded 1000 active markets
2026-06-21 15:18:28,830 [INFO] leo.loops: Crypto signal: 17 opps, top edge=94.5%
2026-06-21 15:18:44,739 [INFO] strategies.btc_5min: BTC5Min: 5 BTC markets found (mins-to-close: [1431.25, 1436.25, 1426.25, 1421.25, -3.75]), 0 in entry window [0.2–1.5 min]
2026-06-21 15:18:59,459 [INFO] leo.loops: Crypto signal: 17 opps, top edge=94.5%
2026-06-21 15:19:04,917 [INFO] api_clients.polymarket_client: Polymarket: loaded 1000 active markets
2026-06-21 15:19:05,613 [INFO] strategies.btc_5min: BTC5Min: 6 BTC markets found (mins-to-close: [1430.91, 1435.91, 1425.91, 1420.91, 0.91, -4.09]), 1 in entry window [0.2–1.5 min]
2026-06-21 15:19:06,354 [INFO] leo.loops: BTC5Min: 1 opps, top edge=13.6%
2026-06-21 15:19:21,305 [INFO] strategies.news_fade: NewsFade: spike up detected on 0xc4a229b06046a4a30d9b5cd73fc6364f6b7cdc48efc33bfc6b24a2806aa93f30 9.50%->10.50%
2026-06-21 15:19:21,305 [INFO] strategies.news_fade: NewsFade: spike down detected on 0x11e878643f63c75e36d58024033ae710c19e696f652fa05ba705ab019402a633 20.50%->18.50%
2026-06-21 15:19:21,305 [INFO] strategies.news_fade: NewsFade: spike down detected on 0xb8ef38cd7a8454b8f74f8f201625f2facf69e6d48e87cb9842b8d36012000c92 44.50%->41.50%
2026-06-21 15:19:21,305 [INFO] strategies.news_fade: NewsFade: spike down detected on 0x0069569d6ad0dc09106f84b37b6a291d78842a706653769e2675d6c9b87a1571 7.50%->7.00%
2026-06-21 15:19:21,305 [INFO] strategies.news_fade: NewsFade: spike down detected on 0x530bd255cc1314b3c3076286f25762ce95bb902729309e23bd331aa74e8e005a 46.50%->39.50%
2026-06-21 15:19:21,305 [INFO] strategies.news_fade: NewsFade: spike down detected on 0xcf94ebd11d6754cd225a1aa283d28b8b9535a2082981bcd0edd3efb76d87b429 66.50%->62.50%
2026-06-21 15:19:21,305 [INFO] strategies.news_fade: NewsFade: spike up detected on 0x3b4b2049e1850b8a9a94bef61984a4779e2b5403c65cf87dfa0198847bef02a9 0.60%->0.65%
2026-06-21 15:19:21,306 [INFO] strategies.news_fade: NewsFade: spike down detected on 0x0ce5643cb51f9e3ecdd37905e0676789acff6b053894c97aadeb8958390cee89 2.50%->2.05%
2026-06-21 15:19:21,306 [INFO] strategies.news_fade: NewsFade: spike down detected on 0x846fbc1744f9543d339e1a4ceebdc881338e2bc4ad119e5ce9dcfbdd90255760 3.95%->3.10%
2026-06-21 15:19:21,306 [INFO] strategies.news_fade: NewsFade: spike down detected on 0x1b2a9f58aeca1de7fc2e404760336db43c8bbee2123edb4c90bb446fac834d56 49.50%->44.95%
2026-06-21 15:19:21,306 [INFO] strategies.news_fade: NewsFade: spike up detected on 0x269b4de59b444c57f166f690b1ce8c388bf26167c6a68f7613ab5b05e86375a8 3.55%->3.90%
2026-06-21 15:19:21,306 [INFO] strategies.news_fade: NewsFade: spike up detected on 0xe8d7ed8a0a720200991a39b1a7be0baccfdff7caa54c883db144580b3cc35e84 0.05%->0.10%
2026-06-21 15:19:21,306 [INFO] leo.loops: FavoriteShort: 2 opps, top edge=4.0%
2026-06-21 15:19:24,460 [INFO] leo.loops: OracleSqueeze: 16 opps, top edge=21.0%
2026-06-21 15:19:28,176 [INFO] strategies.btc_5min: BTC5Min: 6 BTC markets found (mins-to-close: [1430.53, 1435.53, 1425.53, 1420.53, 0.53, -4.47]), 1 in entry window [0.2–1.5 min]
2026-06-21 15:19:28,430 [INFO] leo.loops: BTC5Min: 1 opps, top edge=14.0%
2026-06-21 15:19:30,060 [INFO] leo.loops: Crypto signal: 17 opps, top edge=95.0%
2026-06-21 15:19:41,365 [INFO] api_clients.polymarket_client: Polymarket: loaded 1000 active markets
2026-06-21 15:19:49,515 [INFO] strategies.btc_5min: BTC5Min: 5 BTC markets found (mins-to-close: [1430.17, 1435.17, 1425.17, 1420.17, 0.17]), 0 in entry window [0.2–1.5 min]
2026-06-21 15:20:00,643 [INFO] leo.loops: Crypto signal: 17 opps, top edge=95.0%
2026-06-21 15:20:10,986 [INFO] strategies.btc_5min: BTC5Min: 5 BTC markets found (mins-to-close: [1434.82, 1429.82, 1434.82, 1424.82, -0.18]), 0 in entry window [0.2–1.5 min]
2026-06-21 15:20:18,199 [INFO] api_clients.polymarket_client: Polymarket: loaded 1000 active markets
2026-06-21 15:20:24,464 [INFO] leo.loops: OracleSqueeze: 19 opps, top edge=23.0%
2026-06-21 15:20:31,628 [INFO] leo.loops: Crypto signal: 17 opps, top edge=95.0%
2026-06-21 15:20:32,299 [INFO] strategies.btc_5min: BTC5Min: 5 BTC markets found (mins-to-close: [1434.46, 1429.46, 1434.46, 1424.46, -0.54]), 0 in entry window [0.2–1.5 min]
2026-06-21 15:20:53,620 [INFO] strategies.btc_5min: BTC5Min: 5 BTC markets found (mins-to-close: [1434.11, 1429.11, 1434.11, 1424.11, -0.89]), 0 in entry window [0.2–1.5 min]
2026-06-21 15:20:55,492 [INFO] api_clients.polymarket_client: Polymarket: loaded 1000 active markets
2026-06-21 15:21:02,189 [INFO] leo.loops: Crypto signal: 17 opps, top edge=95.0%
2026-06-21 15:21:15,194 [INFO] strategies.btc_5min: BTC5Min: 6 BTC markets found (mins-to-close: [1433.75, 1428.75, 1433.75, 1423.75, -1.25, -1.25]), 0 in entry window [0.2–1.5 min]
2026-06-21 15:21:24,467 [INFO] leo.loops: OracleSqueeze: 18 opps, top edge=23.0%
2026-06-21 15:21:31,566 [INFO] api_clients.polymarket_client: Polymarket: loaded 1000 active markets
2026-06-21 15:21:32,779 [INFO] leo.loops: Crypto signal: 17 opps, top edge=95.0%
2026-06-21 15:21:36,608 [INFO] strategies.btc_5min: BTC5Min: 7 BTC markets found (mins-to-close: [1433.39, 1428.39, 1433.39, 1423.39, -1.61, -1.61, 8.39]), 0 in entry window [0.2–1.5 min]
2026-06-21 15:21:58,465 [INFO] strategies.btc_5min: BTC5Min: 7 BTC markets found (mins-to-close: [1433.03, 1428.03, 1433.03, 1423.03, -1.97, -1.97, 8.03]), 0 in entry window [0.2–1.5 min]
2026-06-21 15:22:03,719 [INFO] leo.loops: Crypto signal: 17 opps, top edge=95.0%
2026-06-21 15:22:08,317 [INFO] api_clients.polymarket_client: Polymarket: loaded 1000 active markets
2026-06-21 15:22:21,217 [INFO] strategies.btc_5min: BTC5Min: 7 BTC markets found (mins-to-close: [1432.65, 1427.65, 1432.65, 1422.65, -2.35, -2.35, 7.65]), 0 in entry window [0.2–1.5 min]
2026-06-21 15:22:24,471 [INFO] leo.loops: OracleSqueeze: 17 opps, top edge=23.0%
2026-06-21 15:22:34,307 [INFO] leo.loops: Crypto signal: 17 opps, top edge=95.0%
2026-06-21 15:22:42,519 [INFO] strategies.btc_5min: BTC5Min: 7 BTC markets found (mins-to-close: [1432.29, 1427.29, 1432.29, 1422.29, -2.71, -2.71, 7.29]), 0 in entry window [0.2–1.5 min]
2026-06-21 15:22:45,218 [INFO] api_clients.polymarket_client: Polymarket: loaded 1000 active markets
2026-06-21 15:23:04,395 [INFO] strategies.btc_5min: BTC5Min: 7 BTC markets found (mins-to-close: [1431.93, 1426.93, 1431.93, 1421.93, -3.07, -3.07, 6.93]), 0 in entry window [0.2–1.5 min]
2026-06-21 15:23:04,927 [INFO] leo.loops: Crypto signal: 17 opps, top edge=95.0%
2026-06-21 15:23:21,449 [INFO] api_clients.polymarket_client: Polymarket: loaded 1000 active markets
2026-06-21 15:23:22,176 [WARNING] api_clients.pyth_client: Pyth SSE disconnected: Response payload is not completed: <TransferEncodingError: 400, message='Not enough data to satisfy transfer length header.'>, retrying in 1s
2026-06-21 15:23:23,178 [INFO] api_clients.pyth_client: Pyth SSE: connecting…
2026-06-21 15:23:23,887 [INFO] api_clients.pyth_client: Pyth SSE: stream live
2026-06-21 15:23:24,473 [INFO] leo.loops: OracleSqueeze: 17 opps, top edge=23.0%
2026-06-21 15:23:26,241 [INFO] strategies.btc_5min: BTC5Min: 7 BTC markets found (mins-to-close: [1431.56, 1426.56, 1431.56, 1421.56, -3.44, -3.44, 6.56]), 0 in entry window [0.2–1.5 min]
2026-06-21 15:23:33,293 [WARNING] api_clients.pyth_client: Pyth SSE disconnected: Response payload is not completed: <TransferEncodingError: 400, message='Not enough data to satisfy transfer length header.'>, retrying in 1s
2026-06-21 15:23:34,297 [INFO] api_clients.pyth_client: Pyth SSE: connecting…
2026-06-21 15:23:35,194 [INFO] api_clients.pyth_client: Pyth SSE: stream live
2026-06-21 15:23:35,495 [INFO] leo.loops: Crypto signal: 17 opps, top edge=95.0%
2026-06-21 15:23:47,593 [INFO] strategies.btc_5min: BTC5Min: 7 BTC markets found (mins-to-close: [1431.21, 1426.21, 1431.21, 1421.21, -3.79, -3.79, 6.21]), 0 in entry window [0.2–1.5 min]
2026-06-21 15:23:58,377 [INFO] api_clients.polymarket_client: Polymarket: loaded 1000 active markets
2026-06-21 15:24:06,352 [INFO] leo.loops: Crypto signal: 16 opps, top edge=93.2%
2026-06-21 15:24:08,519 [INFO] strategies.btc_5min: BTC5Min: 6 BTC markets found (mins-to-close: [1430.86, 1425.86, 1430.86, 1420.86, -4.14, 5.86]), 0 in entry window [0.2–1.5 min]
2026-06-21 15:24:21,310 [INFO] strategies.news_fade: NewsFade: spike up detected on 0xfa0fc78ff4455964423f3e2efcd35b00655f8b965d4a584ec758132bb66e6431 15.50%->16.50%
2026-06-21 15:24:21,311 [INFO] strategies.news_fade: NewsFade: spike up detected on 0xe592b79e8d5f24c243565730ff016c0fc4fbb0748bd0f2dcd7a58866d8418641 24.50%->99.50%
2026-06-21 15:24:21,311 [INFO] strategies.news_fade: NewsFade: spike down detected on 0xb2eb1bed39028beab550902a3aa53fb1bdc960aabc356ffc177b5238af62724f 1.05%->0.85%
2026-06-21 15:24:21,311 [INFO] strategies.news_fade: NewsFade: spike up detected on 0xa497d96f50c032ad70e671c204188ba5926620e332cb57ff294e235ece579cd3 40.50%->46.00%
2026-06-21 15:24:21,312 [INFO] strategies.news_fade: NewsFade: spike up detected on 0x2fdc1cee22a91ab0a95ecf278af86d9181411d083332ed0b5417309981096138 1.75%->2.05%
2026-06-21 15:24:21,312 [INFO] strategies.news_fade: NewsFade: spike up detected on 0x89ea27c8007c434b17a30636cd15d073d544579c475ff258ec265c7725b2b690 7.50%->8.00%
2026-06-21 15:24:21,313 [INFO] strategies.news_fade: NewsFade: spike down detected on 0xc6d63e5c2514deae681d4ddeb84fb131193a2fce61b056a0eac9d8684548fed7 59.50%->55.00%
2026-06-21 15:24:21,314 [INFO] leo.loops: FavoriteShort: 3 opps, top edge=4.0%
2026-06-21 15:24:24,477 [INFO] leo.loops: OracleSqueeze: 18 opps, top edge=23.0%
2026-06-21 15:24:30,277 [INFO] strategies.btc_5min: BTC5Min: 6 BTC markets found (mins-to-close: [1430.5, 1425.5, 1430.5, 1420.5, -4.5, 5.5]), 0 in entry window [0.2–1.5 min]
2026-06-21 15:24:35,215 [INFO] api_clients.polymarket_client: Polymarket: loaded 1000 active markets
2026-06-21 15:24:36,930 [INFO] leo.loops: Crypto signal: 17 opps, top edge=95.0%
2026-06-21 15:24:51,943 [INFO] strategies.btc_5min: BTC5Min: 6 BTC markets found (mins-to-close: [1430.13, 1425.13, 1430.13, 1420.13, -4.87, 5.13]), 0 in entry window [0.2–1.5 min]
2026-06-21 15:25:07,597 [INFO] leo.loops: Crypto signal: 17 opps, top edge=95.0%
2026-06-21 15:25:11,614 [INFO] api_clients.polymarket_client: Polymarket: loaded 1000 active markets
2026-06-21 15:25:13,343 [INFO] strategies.btc_5min: BTC5Min: 9 BTC markets found (mins-to-close: [1434.78, 1444.78, 1429.78, 1424.78, 1429.78, 1419.78, -5.22, 4.78, 4.78]), 0 in entry window [0.2–1.5 min]
2026-06-21 15:25:24,467 [INFO] leo.loops: OracleSqueeze: 18 opps, top edge=19.5%
2026-06-21 15:25:35,301 [INFO] strategies.btc_5min: BTC5Min: 9 BTC markets found (mins-to-close: [1434.41, 1444.41, 1429.41, 1424.41, 1429.41, 1419.41, -5.59, 4.41, 4.41]), 0 in entry window [0.2–1.5 min]
2026-06-21 15:25:38,481 [INFO] leo.loops: Crypto signal: 17 opps, top edge=95.0%
2026-06-21 15:25:48,371 [INFO] api_clients.polymarket_client: Polymarket: loaded 1000 active markets
2026-06-21 15:25:56,738 [INFO] strategies.btc_5min: BTC5Min: 8 BTC markets found (mins-to-close: [1434.05, 1444.05, 1429.05, 1424.05, 1429.05, 1419.05, 4.05, 4.05]), 0 in entry window [0.2–1.5 min]
2026-06-21 15:26:06,758 [INFO] leo.loops: OFI: 1 opps, top edge=14.5%
2026-06-21 15:26:09,043 [INFO] leo.loops: Crypto signal: 17 opps, top edge=95.0%
2026-06-21 15:26:18,043 [INFO] strategies.btc_5min: BTC5Min: 8 BTC markets found (mins-to-close: [1433.7, 1443.7, 1428.7, 1423.7, 1428.7, 1418.7, 3.7, 3.7]), 0 in entry window [0.2–1.5 min]
2026-06-21 15:26:24,471 [INFO] leo.loops: OracleSqueeze: 18 opps, top edge=20.0%
2026-06-21 15:26:25,361 [INFO] api_clients.polymarket_client: Polymarket: loaded 1000 active markets
2026-06-21 15:26:39,640 [INFO] strategies.btc_5min: BTC5Min: 7 BTC markets found (mins-to-close: [1433.34, 1443.34, 1428.34, 1423.34, 1428.34, 1418.34, 3.34]), 0 in entry window [0.2–1.5 min]
2026-06-21 15:26:39,645 [INFO] leo.loops: Crypto signal: 17 opps, top edge=95.0%
2026-06-21 15:27:00,856 [WARNING] api_clients.pyth_client: Pyth SSE disconnected: Response payload is not completed: <TransferEncodingError: 400, message='Not enough data to satisfy transfer length header.'>, retrying in 1s
2026-06-21 15:27:01,191 [INFO] strategies.btc_5min: BTC5Min: 7 BTC markets found (mins-to-close: [1432.98, 1442.98, 1427.98, 1422.98, 1427.98, 1417.98, 2.98]), 0 in entry window [0.2–1.5 min]
2026-06-21 15:27:01,861 [INFO] api_clients.pyth_client: Pyth SSE: connecting…
2026-06-21 15:27:02,372 [INFO] api_clients.polymarket_client: Polymarket: loaded 1000 active markets
2026-06-21 15:27:02,426 [INFO] api_clients.pyth_client: Pyth SSE: stream live
2026-06-21 15:27:03,354 [WARNING] api_clients.pyth_client: Pyth SSE disconnected: Response payload is not completed: <TransferEncodingError: 400, message='Not enough data to satisfy transfer length header.'>, retrying in 1s
2026-06-21 15:27:04,356 [INFO] api_clients.pyth_client: Pyth SSE: connecting…
2026-06-21 15:27:05,922 [INFO] api_clients.pyth_client: Pyth SSE: stream live
2026-06-21 15:27:10,542 [INFO] leo.loops: Crypto signal: 17 opps, top edge=95.0%
2026-06-21 15:27:23,397 [INFO] strategies.btc_5min: BTC5Min: 7 BTC markets found (mins-to-close: [1432.61, 1442.61, 1427.61, 1422.61, 1427.61, 1417.61, 2.61]), 0 in entry window [0.2–1.5 min]
2026-06-21 15:27:24,474 [INFO] leo.loops: OracleSqueeze: 20 opps, top edge=20.0%
2026-06-21 15:27:38,782 [INFO] api_clients.polymarket_client: Polymarket: loaded 1000 active markets
2026-06-21 15:27:41,478 [INFO] leo.loops: Crypto signal: 17 opps, top edge=93.9%
2026-06-21 15:27:44,462 [INFO] strategies.btc_5min: BTC5Min: 7 BTC markets found (mins-to-close: [1432.26, 1442.26, 1427.26, 1422.26, 1427.26, 1417.26, 2.26]), 0 in entry window [0.2–1.5 min]
2026-06-21 15:28:06,365 [INFO] strategies.btc_5min: BTC5Min: 7 BTC markets found (mins-to-close: [1431.89, 1441.89, 1426.89, 1421.89, 1426.89, 1416.89, 1.89]), 0 in entry window [0.2–1.5 min]
2026-06-21 15:28:12,105 [INFO] leo.loops: Crypto signal: 17 opps, top edge=93.9%
2026-06-21 15:28:15,360 [INFO] api_clients.polymarket_client: Polymarket: loaded 1000 active markets
2026-06-21 15:28:24,476 [INFO] leo.loops: OracleSqueeze: 20 opps, top edge=20.0%
2026-06-21 15:28:27,284 [INFO] strategies.btc_5min: BTC5Min: 7 BTC markets found (mins-to-close: [1431.55, 1441.55, 1426.55, 1421.55, 1426.55, 1416.55, 1.55]), 0 in entry window [0.2–1.5 min]
2026-06-21 15:28:42,705 [INFO] leo.loops: Crypto signal: 17 opps, top edge=93.9%
2026-06-21 15:28:48,902 [INFO] strategies.btc_5min: BTC5Min: 7 BTC markets found (mins-to-close: [1431.18, 1441.18, 1426.18, 1421.18, 1426.18, 1416.18, 1.18]), 1 in entry window [0.2–1.5 min]
2026-06-21 15:28:49,659 [INFO] leo.loops: BTC5Min: 1 opps, top edge=42.7%
2026-06-21 15:28:52,780 [INFO] api_clients.polymarket_client: Polymarket: loaded 1000 active markets
2026-06-21 15:29:11,503 [INFO] strategies.btc_5min: BTC5Min: 7 BTC markets found (mins-to-close: [1430.81, 1440.81, 1425.81, 1420.81, 1425.81, 1415.81, 0.81]), 1 in entry window [0.2–1.5 min]
2026-06-21 15:29:11,764 [INFO] leo.loops: BTC5Min: 1 opps, top edge=41.2%
2026-06-21 15:29:13,317 [INFO] leo.loops: Crypto signal: 17 opps, top edge=93.9%
2026-06-21 15:29:21,295 [INFO] strategies.news_fade: NewsFade: spike up detected on 0x4ede078cae84a5877ac32d7fb48811e5c23549a1904b7df06ff7935c6d79d831 1.05%->2.45%
2026-06-21 15:29:21,296 [INFO] strategies.news_fade: NewsFade: spike down detected on 0x585673fcbde68965ee57520268c290e554071d5082f25bba0527f01dc05c8612 10.00%->7.50%
2026-06-21 15:29:21,297 [INFO] strategies.news_fade: NewsFade: spike up detected on 0x67597b3a44d6d817e6cd21d6e95826edd14063e23600784af750f80df8e9b3d8 0.05%->0.15%
2026-06-21 15:29:21,297 [INFO] leo.loops: FavoriteShort: 3 opps, top edge=4.0%
2026-06-21 15:29:24,493 [INFO] leo.loops: OracleSqueeze: 20 opps, top edge=20.0%
2026-06-21 15:29:29,085 [INFO] api_clients.polymarket_client: Polymarket: loaded 1000 active markets
2026-06-21 15:29:33,174 [INFO] strategies.btc_5min: BTC5Min: 9 BTC markets found (mins-to-close: [1430.45, 1440.45, 1425.45, 1420.45, 1425.45, 1415.45, 0.45, 0.45, 0.45]), 3 in entry window [0.2–1.5 min]
2026-06-21 15:29:33,441 [INFO] leo.loops: BTC5Min: 2 opps, top edge=43.3%
2026-06-21 15:29:43,932 [INFO] leo.loops: Crypto signal: 17 opps, top edge=93.9%
2026-06-21 15:29:54,776 [INFO] strategies.btc_5min: BTC5Min: 9 BTC markets found (mins-to-close: [1430.09, 1440.09, 1425.09, 1420.09, 1425.09, 1415.09, 0.09, 0.09, 0.09]), 0 in entry window [0.2–1.5 min]
2026-06-21 15:30:05,774 [INFO] api_clients.polymarket_client: Polymarket: loaded 1000 active markets
2026-06-21 15:30:14,869 [INFO] leo.loops: Crypto signal: 17 opps, top edge=95.0%
2026-06-21 15:30:16,055 [INFO] strategies.btc_5min: BTC5Min: 7 BTC markets found (mins-to-close: [1434.73, 1429.73, 1439.73, 1424.73, 1419.73, -0.27, -0.27]), 0 in entry window [0.2–1.5 min]
2026-06-21 15:30:24,510 [INFO] leo.loops: OracleSqueeze: 40 opps, top edge=22.5%
2026-06-21 15:30:24,941 [INFO] api_clients.forecast_client: Forecast: loaded 0 questions (0 meta, 0 manifold)
2026-06-21 15:30:37,981 [INFO] strategies.btc_5min: BTC5Min: 7 BTC markets found (mins-to-close: [1434.37, 1429.37, 1439.37, 1424.37, 1419.37, -0.63, -0.63]), 0 in entry window [0.2–1.5 min]
2026-06-21 15:30:42,957 [INFO] api_clients.polymarket_client: Polymarket: loaded 1000 active markets
2026-06-21 15:30:45,201 [INFO] leo.loops: Crypto signal: 17 opps, top edge=95.0%
2026-06-21 15:30:59,602 [INFO] strategies.btc_5min: BTC5Min: 7 BTC markets found (mins-to-close: [1434.01, 1429.01, 1439.01, 1424.01, 1419.01, -0.99, -0.99]), 0 in entry window [0.2–1.5 min]
2026-06-21 15:31:16,037 [INFO] leo.loops: Crypto signal: 17 opps, top edge=95.0%
2026-06-21 15:31:19,358 [INFO] api_clients.polymarket_client: Polymarket: loaded 1000 active markets
2026-06-21 15:31:20,651 [INFO] strategies.btc_5min: BTC5Min: 7 BTC markets found (mins-to-close: [1433.66, 1428.66, 1438.66, 1423.66, 1418.66, -1.34, -1.34]), 0 in entry window [0.2–1.5 min]
2026-06-21 15:31:24,514 [INFO] leo.loops: OracleSqueeze: 39 opps, top edge=21.0%
2026-06-21 15:31:42,773 [INFO] strategies.btc_5min: BTC5Min: 7 BTC markets found (mins-to-close: [1433.29, 1428.29, 1438.29, 1423.29, 1418.29, -1.71, -1.71]), 0 in entry window [0.2–1.5 min]
2026-06-21 15:31:46,670 [INFO] leo.loops: Crypto signal: 17 opps, top edge=95.0%
2026-06-21 15:31:56,010 [INFO] api_clients.polymarket_client: Polymarket: loaded 1000 active markets
2026-06-21 15:32:04,378 [INFO] strategies.btc_5min: BTC5Min: 7 BTC markets found (mins-to-close: [1432.93, 1427.93, 1437.93, 1422.93, 1417.93, -2.07, -2.07]), 0 in entry window [0.2–1.5 min]
2026-06-21 15:32:17,291 [INFO] leo.loops: Crypto signal: 17 opps, top edge=95.0%
2026-06-21 15:32:24,517 [INFO] leo.loops: OracleSqueeze: 36 opps, top edge=21.0%
2026-06-21 15:32:26,046 [INFO] strategies.btc_5min: BTC5Min: 7 BTC markets found (mins-to-close: [1432.57, 1427.57, 1437.57, 1422.57, 1417.57, -2.43, -2.43]), 0 in entry window [0.2–1.5 min]
2026-06-21 15:32:32,858 [INFO] api_clients.polymarket_client: Polymarket: loaded 1000 active markets
2026-06-21 15:32:47,706 [INFO] strategies.btc_5min: BTC5Min: 7 BTC markets found (mins-to-close: [1432.2, 1427.2, 1437.2, 1422.2, 1417.2, -2.8, -2.8]), 0 in entry window [0.2–1.5 min]
2026-06-21 15:32:47,717 [INFO] leo.loops: Crypto signal: 17 opps, top edge=95.0%
2026-06-21 15:33:09,321 [INFO] strategies.btc_5min: BTC5Min: 7 BTC markets found (mins-to-close: [1431.84, 1426.84, 1436.84, 1421.84, 1416.84, -3.16, -3.16]), 0 in entry window [0.2–1.5 min]
2026-06-21 15:33:09,870 [INFO] api_clients.polymarket_client: Polymarket: loaded 1000 active markets
2026-06-21 15:33:18,319 [INFO] leo.loops: Crypto signal: 17 opps, top edge=95.0%
2026-06-21 15:33:24,521 [INFO] leo.loops: OracleSqueeze: 36 opps, top edge=21.0%
2026-06-21 15:33:30,538 [INFO] strategies.btc_5min: BTC5Min: 7 BTC markets found (mins-to-close: [1431.49, 1426.49, 1436.49, 1421.49, 1416.49, -3.51, -3.51]), 0 in entry window [0.2–1.5 min]
2026-06-21 15:33:46,425 [INFO] api_clients.polymarket_client: Polymarket: loaded 1000 active markets
2026-06-21 15:33:48,642 [INFO] leo.loops: Crypto signal: 17 opps, top edge=95.0%
2026-06-21 15:33:51,567 [INFO] strategies.btc_5min: BTC5Min: 7 BTC markets found (mins-to-close: [1431.14, 1426.14, 1436.14, 1421.14, 1416.14, -3.86, -3.86]), 0 in entry window [0.2–1.5 min]
2026-06-21 15:34:13,476 [INFO] strategies.btc_5min: BTC5Min: 7 BTC markets found (mins-to-close: [1430.78, 1425.78, 1435.78, 1420.78, 1415.78, -4.22, -4.22]), 0 in entry window [0.2–1.5 min]
2026-06-21 15:34:19,209 [INFO] leo.loops: Crypto signal: 17 opps, top edge=95.0%
2026-06-21 15:34:21,300 [INFO] strategies.news_fade: NewsFade: spike down detected on 0xa526b8d2898ec27db4a6c096b6e5f2a5829305a77d738cf740389f10d5c585be 46.50%->40.50%
2026-06-21 15:34:21,300 [INFO] strategies.news_fade: NewsFade: spike down detected on 0x32cfa52198e85e070d1b17d1b53c5c3a6aaae7736cdc33fa6aa04d353f0c2811 1.55%->1.45%
2026-06-21 15:34:21,300 [INFO] strategies.news_fade: NewsFade: spike down detected on 0x3f436f0f01257c5fe735e52dfba2a76d06521af53ceeeab38b7dc64146323291 43.50%->37.50%
2026-06-21 15:34:21,300 [INFO] strategies.news_fade: NewsFade: spike down detected on 0x9b72e0ad2c99f5f71d6985b813c8884d6c81b9d8ae6439b0a48467d1f483e482 59.00%->53.50%
2026-06-21 15:34:21,301 [INFO] strategies.news_fade: NewsFade: spike down detected on 0xb545067075fffeccf7cf49a4e1bbba54fde879c80c1eab4d97ff0f81705f0bab 58.50%->52.50%
2026-06-21 15:34:21,301 [INFO] strategies.news_fade: NewsFade: spike down detected on 0xaffa29d449f3b5a46d933bc412f7ae823e9f5216257c8c6e5bd695a9e2c0392b 0.80%->0.75%
2026-06-21 15:34:21,301 [INFO] strategies.news_fade: NewsFade: spike down detected on 0x2e539df5355cdb2ea8340beb000a0c6689957e1bb58f748abd18b4c7485a363a 1.20%->0.95%
2026-06-21 15:34:21,301 [INFO] strategies.news_fade: NewsFade: spike down detected on 0x09ba524845d47cfc89cec59a11aa70e62ff00c32a93621bae35eea1f14a5a6dc 51.50%->47.00%
2026-06-21 15:34:21,302 [INFO] leo.loops: FavoriteShort: 3 opps, top edge=4.0%
2026-06-21 15:34:22,961 [INFO] api_clients.polymarket_client: Polymarket: loaded 1000 active markets
2026-06-21 15:34:24,525 [INFO] leo.loops: OracleSqueeze: 39 opps, top edge=23.0%
2026-06-21 15:34:34,507 [INFO] strategies.btc_5min: BTC5Min: 5 BTC markets found (mins-to-close: [1430.42, 1425.42, 1435.42, 1420.42, 1415.42]), 0 in entry window [0.2–1.5 min]
2026-06-21 15:34:49,523 [INFO] leo.loops: Crypto signal: 17 opps, top edge=95.0%
2026-06-21 15:34:55,794 [INFO] strategies.btc_5min: BTC5Min: 5 BTC markets found (mins-to-close: [1430.07, 1425.07, 1435.07, 1420.07, 1415.07]), 0 in entry window [0.2–1.5 min]
2026-06-21 15:35:00,357 [INFO] api_clients.polymarket_client: Polymarket: loaded 1000 active markets
2026-06-21 15:35:17,745 [INFO] strategies.btc_5min: BTC5Min: 6 BTC markets found (mins-to-close: [1434.7, 1429.7, 1424.7, 1434.7, 1419.7, 1414.7]), 0 in entry window [0.2–1.5 min]
2026-06-21 15:35:20,117 [INFO] leo.loops: Crypto signal: 17 opps, top edge=95.0%
2026-06-21 15:35:24,530 [INFO] leo.loops: OracleSqueeze: 39 opps, top edge=23.0%
2026-06-21 15:35:36,569 [INFO] api_clients.polymarket_client: Polymarket: loaded 1000 active markets
2026-06-21 15:35:39,588 [INFO] strategies.btc_5min: BTC5Min: 6 BTC markets found (mins-to-close: [1434.34, 1429.34, 1424.34, 1434.34, 1419.34, 1414.34]), 0 in entry window [0.2–1.5 min]
2026-06-21 15:35:50,739 [INFO] leo.loops: Crypto signal: 17 opps, top edge=95.0%
2026-06-21 15:36:00,892 [INFO] strategies.btc_5min: BTC5Min: 6 BTC markets found (mins-to-close: [1433.99, 1428.99, 1423.99, 1433.99, 1418.99, 1413.99]), 0 in entry window [0.2–1.5 min]
2026-06-21 15:36:13,285 [INFO] api_clients.polymarket_client: Polymarket: loaded 1000 active markets
2026-06-21 15:36:21,592 [INFO] leo.loops: Crypto signal: 16 opps, top edge=95.0%
2026-06-21 15:36:22,321 [INFO] strategies.btc_5min: BTC5Min: 6 BTC markets found (mins-to-close: [1433.63, 1428.63, 1423.63, 1433.63, 1418.63, 1413.63]), 0 in entry window [0.2–1.5 min]
2026-06-21 15:36:24,546 [INFO] leo.loops: OracleSqueeze: 41 opps, top edge=23.0%
2026-06-21 15:36:44,264 [INFO] strategies.btc_5min: BTC5Min: 6 BTC markets found (mins-to-close: [1433.26, 1428.26, 1423.26, 1433.26, 1418.26, 1413.26]), 0 in entry window [0.2–1.5 min]
2026-06-21 15:36:49,975 [INFO] api_clients.polymarket_client: Polymarket: loaded 1000 active markets
2026-06-21 15:36:52,025 [INFO] leo.loops: Crypto signal: 17 opps, top edge=95.0%
2026-06-21 15:37:05,579 [INFO] strategies.btc_5min: BTC5Min: 6 BTC markets found (mins-to-close: [1432.91, 1427.91, 1422.91, 1432.91, 1417.91, 1412.91]), 0 in entry window [0.2–1.5 min]
2026-06-21 15:37:22,892 [INFO] leo.loops: Crypto signal: 17 opps, top edge=95.0%
2026-06-21 15:37:24,550 [INFO] leo.loops: OracleSqueeze: 42 opps, top edge=23.0%
2026-06-21 15:37:26,612 [INFO] strategies.btc_5min: BTC5Min: 6 BTC markets found (mins-to-close: [1432.56, 1427.56, 1422.56, 1432.56, 1417.56, 1412.56]), 0 in entry window [0.2–1.5 min]
2026-06-21 15:37:27,506 [INFO] api_clients.polymarket_client: Polymarket: loaded 1000 active markets
2026-06-21 15:37:48,322 [INFO] strategies.btc_5min: BTC5Min: 6 BTC markets found (mins-to-close: [1432.19, 1427.19, 1422.19, 1432.19, 1417.19, 1412.19]), 0 in entry window [0.2–1.5 min]
2026-06-21 15:37:53,231 [INFO] leo.loops: Crypto signal: 17 opps, top edge=95.0%
2026-06-21 15:38:03,642 [INFO] api_clients.polymarket_client: Polymarket: loaded 1000 active markets
2026-06-21 15:38:09,890 [INFO] strategies.btc_5min: BTC5Min: 6 BTC markets found (mins-to-close: [1431.84, 1426.84, 1421.84, 1431.84, 1416.84, 1411.84]), 0 in entry window [0.2–1.5 min]
2026-06-21 15:38:24,130 [INFO] leo.loops: Crypto signal: 17 opps, top edge=95.0%
2026-06-21 15:38:24,555 [INFO] leo.loops: OracleSqueeze: 42 opps, top edge=23.0%
2026-06-21 15:38:31,449 [INFO] strategies.btc_5min: BTC5Min: 6 BTC markets found (mins-to-close: [1431.48, 1426.48, 1421.48, 1431.48, 1416.48, 1411.48]), 0 in entry window [0.2–1.5 min]
2026-06-21 15:38:40,177 [INFO] api_clients.polymarket_client: Polymarket: loaded 1000 active markets
2026-06-21 15:38:52,720 [INFO] strategies.btc_5min: BTC5Min: 6 BTC markets found (mins-to-close: [1431.12, 1426.12, 1421.12, 1431.12, 1416.12, 1411.12]), 0 in entry window [0.2–1.5 min]
2026-06-21 15:38:54,492 [INFO] leo.loops: Crypto signal: 17 opps, top edge=95.0%
2026-06-21 15:39:14,714 [INFO] strategies.btc_5min: BTC5Min: 6 BTC markets found (mins-to-close: [1430.75, 1425.75, 1420.75, 1430.75, 1415.75, 1410.75]), 0 in entry window [0.2–1.5 min]
2026-06-21 15:39:16,270 [WARNING] api_clients.pyth_client: Pyth SSE disconnected: Response payload is not completed: <TransferEncodingError: 400, message='Not enough data to satisfy transfer length header.'>, retrying in 1s
2026-06-21 15:39:17,273 [INFO] api_clients.pyth_client: Pyth SSE: connecting…
2026-06-21 15:39:17,445 [INFO] api_clients.polymarket_client: Polymarket: loaded 1000 active markets
2026-06-21 15:39:17,997 [INFO] api_clients.pyth_client: Pyth SSE: stream live
2026-06-21 15:39:21,305 [INFO] strategies.news_fade: NewsFade: spike up detected on 0x7fc2fbce85ca053c0dcb58fb74173c103825b7111bd6e42f056bd5fa655af014 8.75%->10.80%
2026-06-21 15:39:21,305 [INFO] strategies.news_fade: NewsFade: spike down detected on 0x9811cdffa1269dc6ff3fcd02f0986df22ce3cd408d6f332bda7bd52d28a4ea80 46.50%->41.50%
2026-06-21 15:39:21,306 [INFO] strategies.news_fade: NewsFade: spike up detected on 0xb3fbac28ca420448a4c4b18a1cb6ef4db17d099e5674f5461fe848397d669382 0.25%->0.55%
2026-06-21 15:39:21,306 [INFO] strategies.news_fade: NewsFade: spike down detected on 0x01e1af8379b35607487dbc0c0e71fd604796bce256ee995f09d5f8e5bea46c90 1.10%->0.95%
2026-06-21 15:39:21,306 [INFO] strategies.news_fade: NewsFade: spike up detected on 0x95fc6a4ed7f6856d26aa7f21b9f902d05c9cf76b616fd3463de4d147f7a9126b 12.50%->13.50%
2026-06-21 15:39:21,307 [INFO] strategies.news_fade: NewsFade: spike down detected on 0x278c6c35598893868d1fa55db469b5fc3964c59ab333f49f57210b9bfb72f8d1 15.50%->14.50%
2026-06-21 15:39:21,307 [INFO] leo.loops: FavoriteShort: 4 opps, top edge=4.0%
2026-06-21 15:39:21,774 [WARNING] api_clients.pyth_client: Pyth SSE disconnected: Response payload is not completed: <TransferEncodingError: 400, message='Not enough data to satisfy transfer length header.'>, retrying in 1s
2026-06-21 15:39:22,777 [INFO] api_clients.pyth_client: Pyth SSE: connecting…
2026-06-21 15:39:23,854 [INFO] api_clients.pyth_client: Pyth SSE: stream live
2026-06-21 15:39:24,559 [INFO] leo.loops: OracleSqueeze: 42 opps, top edge=21.5%
2026-06-21 15:39:25,071 [INFO] leo.loops: Crypto signal: 17 opps, top edge=95.0%
2026-06-21 15:39:36,325 [INFO] strategies.btc_5min: BTC5Min: 7 BTC markets found (mins-to-close: [1430.39, 1425.39, 1420.39, 1430.39, 1415.39, 1410.39, 0.39]), 1 in entry window [0.2–1.5 min]
2026-06-21 15:39:37,068 [INFO] leo.loops: BTC5Min: 1 opps, top edge=13.7%
2026-06-21 15:39:53,823 [INFO] api_clients.polymarket_client: Polymarket: loaded 1000 active markets
2026-06-21 15:39:55,449 [INFO] leo.loops: Crypto signal: 17 opps, top edge=95.0%
2026-06-21 15:39:57,888 [INFO] strategies.btc_5min: BTC5Min: 7 BTC markets found (mins-to-close: [1430.04, 1425.04, 1420.04, 1430.04, 1415.04, 1410.04, 0.04]), 0 in entry window [0.2–1.5 min]
2026-06-21 15:40:19,795 [INFO] strategies.btc_5min: BTC5Min: 8 BTC markets found (mins-to-close: [1444.67, 1434.67, 1429.67, 1424.67, 1419.67, 1429.67, 1414.67, -0.33]), 0 in entry window [0.2–1.5 min]
2026-06-21 15:40:24,562 [INFO] leo.loops: OracleSqueeze: 42 opps, top edge=21.5%
2026-06-21 15:40:26,016 [INFO] leo.loops: Crypto signal: 17 opps, top edge=95.0%
2026-06-21 15:40:30,619 [INFO] api_clients.polymarket_client: Polymarket: loaded 1000 active markets
2026-06-21 15:40:41,247 [INFO] strategies.btc_5min: BTC5Min: 8 BTC markets found (mins-to-close: [1444.31, 1434.31, 1429.31, 1424.31, 1419.31, 1429.31, 1414.31, -0.69]), 0 in entry window [0.2–1.5 min]
2026-06-21 15:40:56,696 [INFO] leo.loops: Crypto signal: 17 opps, top edge=95.0%
2026-06-21 15:41:00,875 [WARNING] api_clients.pyth_client: Pyth SSE disconnected: Response payload is not completed: <TransferEncodingError: 400, message='Not enough data to satisfy transfer length header.'>, retrying in 1s
2026-06-21 15:41:01,878 [INFO] api_clients.pyth_client: Pyth SSE: connecting…
2026-06-21 15:41:02,535 [INFO] strategies.btc_5min: BTC5Min: 8 BTC markets found (mins-to-close: [1443.96, 1433.96, 1428.96, 1423.96, 1418.96, 1428.96, 1413.96, -1.04]), 0 in entry window [0.2–1.5 min]
2026-06-21 15:41:02,536 [INFO] api_clients.pyth_client: Pyth SSE: stream live
2026-06-21 15:41:04,144 [WARNING] api_clients.pyth_client: Pyth SSE disconnected: Response payload is not completed: <TransferEncodingError: 400, message='Not enough data to satisfy transfer length header.'>, retrying in 1s
2026-06-21 15:41:05,147 [INFO] api_clients.pyth_client: Pyth SSE: connecting…
2026-06-21 15:41:06,606 [INFO] api_clients.pyth_client: Pyth SSE: stream live
2026-06-21 15:41:07,655 [INFO] api_clients.polymarket_client: Polymarket: loaded 1000 active markets
2026-06-21 15:41:24,335 [INFO] strategies.btc_5min: BTC5Min: 9 BTC markets found (mins-to-close: [1443.59, 1433.59, 1428.59, 1423.59, 1418.59, 1428.59, 1413.59, -1.41, 3.59]), 0 in entry window [0.2–1.5 min]
2026-06-21 15:41:24,541 [INFO] leo.loops: OracleSqueeze: 41 opps, top edge=21.0%
2026-06-21 15:41:27,247 [INFO] leo.loops: Crypto signal: 17 opps, top edge=95.0%
2026-06-21 15:41:43,973 [INFO] api_clients.polymarket_client: Polymarket: loaded 1000 active markets
2026-06-21 15:41:46,151 [INFO] strategies.btc_5min: BTC5Min: 9 BTC markets found (mins-to-close: [1443.23, 1433.23, 1428.23, 1423.23, 1418.23, 1428.23, 1413.23, -1.77, 3.23]), 0 in entry window [0.2–1.5 min]
2026-06-21 15:41:57,558 [INFO] leo.loops: Crypto signal: 17 opps, top edge=95.0%
2026-06-21 15:42:07,564 [INFO] strategies.btc_5min: BTC5Min: 9 BTC markets found (mins-to-close: [1442.87, 1432.87, 1427.87, 1422.87, 1417.87, 1427.87, 1412.87, -2.13, 2.87]), 0 in entry window [0.2–1.5 min]
2026-06-21 15:42:20,639 [INFO] api_clients.polymarket_client: Polymarket: loaded 1000 active markets
2026-06-21 15:42:24,522 [INFO] leo.loops: OracleSqueeze: 36 opps, top edge=22.5%
2026-06-21 15:42:28,493 [INFO] leo.loops: Crypto signal: 17 opps, top edge=95.0%
2026-06-21 15:42:28,806 [INFO] strategies.btc_5min: BTC5Min: 9 BTC markets found (mins-to-close: [1442.52, 1432.52, 1427.52, 1422.52, 1417.52, 1427.52, 1412.52, -2.48, 2.52]), 0 in entry window [0.2–1.5 min]
2026-06-21 15:42:50,712 [INFO] strategies.btc_5min: BTC5Min: 9 BTC markets found (mins-to-close: [1442.15, 1432.15, 1427.15, 1422.15, 1417.15, 1427.15, 1412.15, -2.85, 2.15]), 0 in entry window [0.2–1.5 min]
2026-06-21 15:42:57,402 [INFO] api_clients.polymarket_client: Polymarket: loaded 1000 active markets
2026-06-21 15:42:58,830 [INFO] leo.loops: Crypto signal: 17 opps, top edge=95.0%
2026-06-21 15:43:11,755 [INFO] strategies.btc_5min: BTC5Min: 9 BTC markets found (mins-to-close: [1441.8, 1431.8, 1426.8, 1421.8, 1416.8, 1426.8, 1411.8, -3.2, 1.8]), 0 in entry window [0.2–1.5 min]
2026-06-21 15:43:24,526 [INFO] leo.loops: OracleSqueeze: 36 opps, top edge=22.5%
2026-06-21 15:43:29,714 [INFO] leo.loops: Crypto signal: 17 opps, top edge=95.0%
2026-06-21 15:43:33,109 [INFO] strategies.btc_5min: BTC5Min: 9 BTC markets found (mins-to-close: [1441.45, 1431.45, 1426.45, 1421.45, 1416.45, 1426.45, 1411.45, -3.55, 1.45]), 1 in entry window [0.2–1.5 min]
2026-06-21 15:43:33,866 [INFO] leo.loops: BTC5Min: 1 opps, top edge=8.9%
2026-06-21 15:43:34,815 [INFO] api_clients.polymarket_client: Polymarket: loaded 1000 active markets
2026-06-21 15:43:54,894 [INFO] strategies.btc_5min: BTC5Min: 9 BTC markets found (mins-to-close: [1441.09, 1431.09, 1426.09, 1421.09, 1416.09, 1426.09, 1411.09, -3.91, 1.09]), 1 in entry window [0.2–1.5 min]
2026-06-21 15:44:00,177 [INFO] leo.loops: Crypto signal: 17 opps, top edge=95.0%
2026-06-21 15:44:08,557 [INFO] leo.loops: OFI: 1 opps, top edge=4.1%
2026-06-21 15:44:11,012 [INFO] api_clients.polymarket_client: Polymarket: loaded 1000 active markets
2026-06-21 15:44:16,208 [INFO] strategies.btc_5min: BTC5Min: 9 BTC markets found (mins-to-close: [1440.73, 1430.73, 1425.73, 1420.73, 1415.73, 1425.73, 1410.73, 0.73, 0.73]), 2 in entry window [0.2–1.5 min]
2026-06-21 15:44:16,478 [INFO] leo.loops: BTC5Min: 2 opps, top edge=16.8%
2026-06-21 15:44:21,287 [INFO] strategies.news_fade: NewsFade: spike down detected on 0x8c65738021aa8195009b33a4e375f83e4cb49eafd0c75ba7b44d08510036b9ae 66.50%->61.50%
2026-06-21 15:44:21,287 [INFO] strategies.news_fade: NewsFade: spike up detected on 0xb12f5e328a7d9f7a26e0a074625ea775025104e673c776d575dab422a472ef59 14.50%->15.50%
2026-06-21 15:44:21,288 [INFO] leo.loops: FavoriteShort: 4 opps, top edge=4.0%
2026-06-21 15:44:24,529 [INFO] leo.loops: OracleSqueeze: 37 opps, top edge=23.0%
2026-06-21 15:44:31,119 [INFO] leo.loops: Crypto signal: 17 opps, top edge=95.0%
2026-06-21 15:44:37,691 [INFO] strategies.btc_5min: BTC5Min: 9 BTC markets found (mins-to-close: [1440.37, 1430.37, 1425.37, 1420.37, 1415.37, 1425.37, 1410.37, 0.37, 0.37]), 2 in entry window [0.2–1.5 min]
2026-06-21 15:44:37,960 [INFO] leo.loops: BTC5Min: 2 opps, top edge=31.5%
2026-06-21 15:44:47,821 [INFO] api_clients.polymarket_client: Polymarket: loaded 1000 active markets
2026-06-21 15:44:49,082 [INFO] api_clients.weather_client: Weather: refreshed 13 city forecasts
2026-06-21 15:44:49,086 [INFO] leo.loops: Weather: 16 opps, top edge=97.8%
2026-06-21 15:44:58,766 [INFO] strategies.btc_5min: BTC5Min: 9 BTC markets found (mins-to-close: [1440.02, 1430.02, 1425.02, 1420.02, 1415.02, 1425.02, 1410.02, 0.02, 0.02]), 0 in entry window [0.2–1.5 min]
2026-06-21 15:45:01,813 [INFO] leo.loops: Crypto signal: 17 opps, top edge=95.0%
2026-06-21 15:45:20,406 [INFO] strategies.btc_5min: BTC5Min: 4 BTC markets found (mins-to-close: [1439.66, 1429.66, -0.34, -0.34]), 0 in entry window [0.2–1.5 min]
2026-06-21 15:45:24,533 [INFO] leo.loops: OracleSqueeze: 37 opps, top edge=23.0%
2026-06-21 15:45:24,964 [INFO] api_clients.polymarket_client: Polymarket: loaded 1000 active markets
2026-06-21 15:45:25,813 [INFO] api_clients.forecast_client: Forecast: loaded 0 questions (0 meta, 0 manifold)
2026-06-21 15:45:31,470 [WARNING] api_clients.pyth_client: Pyth SSE disconnected: Response payload is not completed: <TransferEncodingError: 400, message='Not enough data to satisfy transfer length header.'>, retrying in 1s
2026-06-21 15:45:32,401 [INFO] leo.loops: Crypto signal: 16 opps, top edge=95.0%
2026-06-21 15:45:32,475 [INFO] api_clients.pyth_client: Pyth SSE: connecting…
2026-06-21 15:45:33,101 [INFO] api_clients.pyth_client: Pyth SSE: stream live
2026-06-21 15:45:40,483 [WARNING] api_clients.pyth_client: Pyth SSE disconnected: Response payload is not completed: <TransferEncodingError: 400, message='Not enough data to satisfy transfer length header.'>, retrying in 1s
2026-06-21 15:45:41,485 [INFO] api_clients.pyth_client: Pyth SSE: connecting…
2026-06-21 15:45:42,294 [INFO] strategies.btc_5min: BTC5Min: 4 BTC markets found (mins-to-close: [1439.3, 1429.3, -0.7, -0.7]), 0 in entry window [0.2–1.5 min]
2026-06-21 15:45:43,250 [INFO] api_clients.pyth_client: Pyth SSE: stream live
2026-06-21 15:46:01,358 [INFO] api_clients.polymarket_client: Polymarket: loaded 1000 active markets
2026-06-21 15:46:02,855 [INFO] leo.loops: Crypto signal: 16 opps, top edge=95.0%
2026-06-21 15:46:03,450 [INFO] strategies.btc_5min: BTC5Min: 3 BTC markets found (mins-to-close: [1438.94, 1428.94, -1.06]), 0 in entry window [0.2–1.5 min]
2026-06-21 15:46:24,537 [INFO] leo.loops: OracleSqueeze: 42 opps, top edge=23.0%
2026-06-21 15:46:25,275 [INFO] strategies.btc_5min: BTC5Min: 3 BTC markets found (mins-to-close: [1438.58, 1428.58, -1.42]), 0 in entry window [0.2–1.5 min]
2026-06-21 15:46:33,413 [INFO] leo.loops: Crypto signal: 16 opps, top edge=95.0%
2026-06-21 15:46:38,143 [INFO] api_clients.polymarket_client: Polymarket: loaded 1000 active markets
2026-06-21 15:46:46,596 [INFO] strategies.btc_5min: BTC5Min: 3 BTC markets found (mins-to-close: [1438.22, 1428.22, -1.78]), 0 in entry window [0.2–1.5 min]
2026-06-21 15:47:03,973 [INFO] leo.loops: Crypto signal: 18 opps, top edge=95.0%
2026-06-21 15:47:08,233 [INFO] strategies.btc_5min: BTC5Min: 3 BTC markets found (mins-to-close: [1437.86, 1427.86, -2.14]), 0 in entry window [0.2–1.5 min]
2026-06-21 15:47:14,987 [INFO] api_clients.polymarket_client: Polymarket: loaded 1000 active markets
2026-06-21 15:47:24,541 [INFO] leo.loops: OracleSqueeze: 42 opps, top edge=23.0%
2026-06-21 15:47:29,726 [INFO] strategies.btc_5min: BTC5Min: 3 BTC markets found (mins-to-close: [1437.5, 1427.5, -2.5]), 0 in entry window [0.2–1.5 min]
2026-06-21 15:47:34,598 [INFO] leo.loops: Crypto signal: 18 opps, top edge=95.0%
2026-06-21 15:47:51,620 [INFO] strategies.btc_5min: BTC5Min: 3 BTC markets found (mins-to-close: [1437.14, 1427.14, -2.86]), 0 in entry window [0.2–1.5 min]
2026-06-21 15:47:51,964 [INFO] api_clients.polymarket_client: Polymarket: loaded 1000 active markets
2026-06-21 15:48:05,201 [INFO] leo.loops: Crypto signal: 18 opps, top edge=95.0%
2026-06-21 15:48:13,251 [INFO] strategies.btc_5min: BTC5Min: 3 BTC markets found (mins-to-close: [1436.78, 1426.78, -3.22]), 0 in entry window [0.2–1.5 min]
2026-06-21 15:48:24,546 [INFO] leo.loops: OracleSqueeze: 42 opps, top edge=23.0%
2026-06-21 15:48:28,511 [INFO] api_clients.polymarket_client: Polymarket: loaded 1000 active markets
2026-06-21 15:48:35,407 [INFO] strategies.btc_5min: BTC5Min: 3 BTC markets found (mins-to-close: [1436.41, 1426.41, -3.59]), 0 in entry window [0.2–1.5 min]
2026-06-21 15:48:36,027 [INFO] leo.loops: Crypto signal: 18 opps, top edge=95.0%
2026-06-21 15:48:56,713 [INFO] strategies.btc_5min: BTC5Min: 3 BTC markets found (mins-to-close: [1436.05, 1426.05, -3.95]), 0 in entry window [0.2–1.5 min]
2026-06-21 15:49:05,203 [INFO] api_clients.polymarket_client: Polymarket: loaded 1000 active markets
2026-06-21 15:49:06,640 [INFO] leo.loops: Crypto signal: 18 opps, top edge=95.0%
2026-06-21 15:49:18,469 [INFO] strategies.btc_5min: BTC5Min: 3 BTC markets found (mins-to-close: [1435.69, 1425.69, -4.31]), 0 in entry window [0.2–1.5 min]
2026-06-21 15:49:21,289 [INFO] strategies.news_fade: NewsFade: spike down detected on 0x3bcdb05bef8987fd1d095a41e076f186f3913ff489cba39a08a684f33c929996 57.50%->53.00%
2026-06-21 15:49:21,289 [INFO] strategies.news_fade: NewsFade: spike up detected on 0xf365e4c2d0ed67ffb8263cac97570e02664099fd25d1a8bd201e53dc883d86f1 0.25%->0.35%
2026-06-21 15:49:21,290 [INFO] strategies.news_fade: NewsFade: spike down detected on 0x930277f16cc4f49058f8867d02a7c5652b3d6105e70e87e935813a3b3f613a31 30.50%->27.00%
2026-06-21 15:49:21,290 [INFO] strategies.news_fade: NewsFade: spike down detected on 0xd4eca032aa1f3dfda49559e6df388d908600fd2ef779d03ad83462d5a8942b2a 10.00%->7.00%
2026-06-21 15:49:21,290 [INFO] strategies.news_fade: NewsFade: spike down detected on 0xf53e1efe2edb4f61fbe7726e7bf77175877aaa108b743fffcedc3ed766ed2cba 27.50%->20.50%
2026-06-21 15:49:21,290 [INFO] strategies.news_fade: NewsFade: spike down detected on 0x7b14a52a9dbcc34b75d5f37a33126df98fed9656f9ec8da13f2bbc6a8507fcbd 22.50%->20.50%
2026-06-21 15:49:21,290 [INFO] strategies.news_fade: NewsFade: spike up detected on 0xa8ed8b2fb14800b418a4a3228a4474c38503389e76d2340964fece6ddcae09f1 0.60%->0.65%
2026-06-21 15:49:21,291 [INFO] strategies.news_fade: NewsFade: spike down detected on 0x79992558e4618c2469880e29f55d5191ede48893268ae14256eb91bcb573af35 50.00%->36.50%
2026-06-21 15:49:21,291 [INFO] strategies.news_fade: NewsFade: spike down detected on 0x5d3c71cbdde0fee98cfc6742e31e05ce18516e7442508e75cefa6cf498909e35 47.50%->41.50%
2026-06-21 15:49:21,291 [INFO] strategies.news_fade: NewsFade: spike up detected on 0x5e464d85eb49f22d876f3ed6168a7db5e2288e9ae1eb91effd2758e994676f86 4.65%->4.95%
2026-06-21 15:49:21,291 [INFO] strategies.news_fade: NewsFade: spike down detected on 0x4819e6d648a89e088aed1c8bd446783f3108209a6459e8b5935cfcf68b882e01 0.45%->0.35%
2026-06-21 15:49:21,291 [INFO] strategies.news_fade: NewsFade: spike down detected on 0x03cd7b035b4b9c4e4879e7e8ab95b896e9f7d60c4bd5224ec4ed4da6e0ff068d 0.80%->0.70%
2026-06-21 15:49:21,292 [INFO] leo.loops: FavoriteShort: 4 opps, top edge=4.0%
2026-06-21 15:49:24,550 [INFO] leo.loops: OracleSqueeze: 40 opps, top edge=23.0%
2026-06-21 15:49:37,234 [INFO] leo.loops: Crypto signal: 18 opps, top edge=95.0%
2026-06-21 15:49:40,074 [INFO] strategies.btc_5min: BTC5Min: 3 BTC markets found (mins-to-close: [1435.33, 1425.33, -4.67]), 0 in entry window [0.2–1.5 min]
2026-06-21 15:49:42,333 [INFO] api_clients.polymarket_client: Polymarket: loaded 1000 active markets
2026-06-21 15:50:01,859 [INFO] strategies.btc_5min: BTC5Min: 3 BTC markets found (mins-to-close: [1434.97, 1429.97, -0.03]), 0 in entry window [0.2–1.5 min]
2026-06-21 15:50:07,826 [INFO] leo.loops: Crypto signal: 18 opps, top edge=95.0%
2026-06-21 15:50:18,720 [INFO] api_clients.polymarket_client: Polymarket: loaded 1000 active markets
2026-06-21 15:50:23,823 [INFO] strategies.btc_5min: BTC5Min: 3 BTC markets found (mins-to-close: [1434.6, 1429.6, -0.4]), 0 in entry window [0.2–1.5 min]
2026-06-21 15:50:24,553 [INFO] leo.loops: OracleSqueeze: 37 opps, top edge=22.5%
2026-06-21 15:50:38,389 [INFO] leo.loops: Crypto signal: 18 opps, top edge=95.0%
2026-06-21 15:50:45,110 [INFO] strategies.btc_5min: BTC5Min: 3 BTC markets found (mins-to-close: [1434.25, 1429.25, -0.75]), 0 in entry window [0.2–1.5 min]
2026-06-21 15:50:55,543 [INFO] api_clients.polymarket_client: Polymarket: loaded 1000 active markets
2026-06-21 15:51:06,149 [INFO] strategies.btc_5min: BTC5Min: 3 BTC markets found (mins-to-close: [1433.9, 1428.9, -1.1]), 0 in entry window [0.2–1.5 min]
2026-06-21 15:51:09,017 [INFO] leo.loops: Crypto signal: 18 opps, top edge=95.0%
2026-06-21 15:51:24,556 [INFO] leo.loops: OracleSqueeze: 34 opps, top edge=22.5%
2026-06-21 15:51:27,998 [INFO] strategies.btc_5min: BTC5Min: 3 BTC markets found (mins-to-close: [1433.53, 1428.53, -1.47]), 0 in entry window [0.2–1.5 min]
2026-06-21 15:51:32,610 [INFO] api_clients.polymarket_client: Polymarket: loaded 1000 active markets
2026-06-21 15:51:39,917 [INFO] leo.loops: Crypto signal: 18 opps, top edge=95.0%
2026-06-21 15:51:49,844 [INFO] strategies.btc_5min: BTC5Min: 3 BTC markets found (mins-to-close: [1433.17, 1428.17, -1.83]), 0 in entry window [0.2–1.5 min]
2026-06-21 15:52:08,913 [INFO] api_clients.polymarket_client: Polymarket: loaded 1000 active markets
2026-06-21 15:52:10,293 [INFO] leo.loops: Crypto signal: 18 opps, top edge=95.0%
2026-06-21 15:52:10,855 [INFO] strategies.btc_5min: BTC5Min: 3 BTC markets found (mins-to-close: [1432.82, 1427.82, -2.18]), 0 in entry window [0.2–1.5 min]
2026-06-21 15:52:24,560 [INFO] leo.loops: OracleSqueeze: 36 opps, top edge=23.0%
2026-06-21 15:52:32,691 [INFO] strategies.btc_5min: BTC5Min: 3 BTC markets found (mins-to-close: [1432.46, 1427.46, -2.54]), 0 in entry window [0.2–1.5 min]
2026-06-21 15:52:40,906 [INFO] leo.loops: Crypto signal: 18 opps, top edge=95.0%
2026-06-21 15:52:45,534 [INFO] api_clients.polymarket_client: Polymarket: loaded 1000 active markets
2026-06-21 15:52:53,973 [INFO] strategies.btc_5min: BTC5Min: 3 BTC markets found (mins-to-close: [1432.1, 1427.1, -2.9]), 0 in entry window [0.2–1.5 min]
2026-06-21 15:53:11,247 [INFO] leo.loops: Crypto signal: 18 opps, top edge=95.0%
2026-06-21 15:53:15,309 [INFO] strategies.btc_5min: BTC5Min: 3 BTC markets found (mins-to-close: [1431.74, 1426.74, -3.26]), 0 in entry window [0.2–1.5 min]
2026-06-21 15:53:22,269 [INFO] api_clients.polymarket_client: Polymarket: loaded 1000 active markets
2026-06-21 15:53:24,563 [INFO] leo.loops: OracleSqueeze: 36 opps, top edge=23.0%
2026-06-21 15:53:37,427 [INFO] strategies.btc_5min: BTC5Min: 3 BTC markets found (mins-to-close: [1431.38, 1426.38, -3.62]), 0 in entry window [0.2–1.5 min]
2026-06-21 15:53:41,875 [INFO] leo.loops: Crypto signal: 18 opps, top edge=95.0%
2026-06-21 15:53:59,286 [INFO] strategies.btc_5min: BTC5Min: 3 BTC markets found (mins-to-close: [1431.01, 1426.01, -3.99]), 0 in entry window [0.2–1.5 min]
2026-06-21 15:53:59,404 [INFO] api_clients.polymarket_client: Polymarket: loaded 1000 active markets
2026-06-21 15:54:12,458 [INFO] leo.loops: Crypto signal: 18 opps, top edge=95.0%
2026-06-21 15:54:15,751 [WARNING] api_clients.pyth_client: Pyth SSE disconnected: Response payload is not completed: <TransferEncodingError: 400, message='Not enough data to satisfy transfer length header.'>, retrying in 1s
2026-06-21 15:54:16,754 [INFO] api_clients.pyth_client: Pyth SSE: connecting…
2026-06-21 15:54:17,416 [INFO] api_clients.pyth_client: Pyth SSE: stream live
2026-06-21 15:54:20,647 [INFO] strategies.btc_5min: BTC5Min: 3 BTC markets found (mins-to-close: [1430.66, 1425.66, -4.34]), 0 in entry window [0.2–1.5 min]
2026-06-21 15:54:21,291 [INFO] strategies.news_fade: NewsFade: spike down detected on 0x44b8d6754245aad91cdb6c85866b48f35834ab60a6a3b643270f483fda45fbdb 0.35%->0.30%
2026-06-21 15:54:21,292 [INFO] strategies.news_fade: NewsFade: spike down detected on 0xb248b9dfdd554f6a6507b6addab97228fdbe5ce7f8e4f1abceb5267c6c8ef9ab 5.35%->4.65%
2026-06-21 15:54:21,293 [INFO] strategies.news_fade: NewsFade: spike up detected on 0xadd379ff0c644f129ca40b804749a64d87e4d9120adf91d607f3ee1a2f5a69e7 7.50%->8.00%
2026-06-21 15:54:21,293 [INFO] strategies.news_fade: NewsFade: spike down detected on 0x060bd5f9a19c608f60a2c98fe710e8b54b4708605b370e15d9c7d57011f0e07f 0.60%->0.55%
2026-06-21 15:54:21,293 [INFO] strategies.news_fade: NewsFade: spike down detected on 0x78d426744a1ce0986f59191ed3a75c6e3bd8032da34b47cb1316097a4d7dbad2 23.50%->12.00%
2026-06-21 15:54:21,295 [INFO] leo.loops: FavoriteShort: 4 opps, top edge=4.0%
2026-06-21 15:54:24,566 [INFO] leo.loops: OracleSqueeze: 34 opps, top edge=23.0%
2026-06-21 15:54:26,791 [WARNING] api_clients.pyth_client: Pyth SSE disconnected: Response payload is not completed: <TransferEncodingError: 400, message='Not enough data to satisfy transfer length header.'>, retrying in 1s
2026-06-21 15:54:27,793 [INFO] api_clients.pyth_client: Pyth SSE: connecting…
2026-06-21 15:54:29,404 [INFO] api_clients.pyth_client: Pyth SSE: stream live
2026-06-21 15:54:35,654 [INFO] api_clients.polymarket_client: Polymarket: loaded 1000 active markets
2026-06-21 15:54:42,219 [INFO] strategies.btc_5min: BTC5Min: 2 BTC markets found (mins-to-close: [1430.3, 1425.3]), 0 in entry window [0.2–1.5 min]
2026-06-21 15:54:43,039 [INFO] leo.loops: Crypto signal: 18 opps, top edge=95.0%
2026-06-21 15:55:03,616 [INFO] strategies.btc_5min: BTC5Min: 4 BTC markets found (mins-to-close: [1444.94, 1434.94, 1429.94, 1424.94]), 0 in entry window [0.2–1.5 min]
2026-06-21 15:55:12,657 [INFO] api_clients.polymarket_client: Polymarket: loaded 1000 active markets
2026-06-21 15:55:13,683 [INFO] leo.loops: Crypto signal: 18 opps, top edge=95.0%
2026-06-21 15:55:24,569 [INFO] leo.loops: OracleSqueeze: 32 opps, top edge=23.0%
2026-06-21 15:55:24,615 [INFO] strategies.btc_5min: BTC5Min: 4 BTC markets found (mins-to-close: [1444.59, 1434.59, 1429.59, 1424.59]), 0 in entry window [0.2–1.5 min]
2026-06-21 15:55:44,628 [INFO] leo.loops: Crypto signal: 18 opps, top edge=95.0%
2026-06-21 15:55:45,360 [INFO] strategies.btc_5min: BTC5Min: 4 BTC markets found (mins-to-close: [1444.24, 1434.24, 1429.24, 1424.24]), 0 in entry window [0.2–1.5 min]
2026-06-21 15:55:52,189 [INFO] api_clients.polymarket_client: Polymarket: loaded 1000 active markets
2026-06-21 15:56:06,406 [INFO] strategies.btc_5min: BTC5Min: 5 BTC markets found (mins-to-close: [1443.89, 1433.89, 1428.89, 1423.89, 3.89]), 0 in entry window [0.2–1.5 min]
2026-06-21 15:56:15,240 [INFO] leo.loops: Crypto signal: 18 opps, top edge=95.0%
2026-06-21 15:56:24,574 [INFO] leo.loops: OracleSqueeze: 32 opps, top edge=23.0%
2026-06-21 15:56:27,465 [INFO] strategies.btc_5min: BTC5Min: 5 BTC markets found (mins-to-close: [1443.54, 1433.54, 1428.54, 1423.54, 3.54]), 0 in entry window [0.2–1.5 min]
2026-06-21 15:56:29,966 [INFO] api_clients.polymarket_client: Polymarket: loaded 1000 active markets
2026-06-21 15:56:46,127 [INFO] leo.loops: Crypto signal: 17 opps, top edge=95.0%
2026-06-21 15:56:49,129 [INFO] strategies.btc_5min: BTC5Min: 5 BTC markets found (mins-to-close: [1443.18, 1433.18, 1428.18, 1423.18, 3.18]), 0 in entry window [0.2–1.5 min]
2026-06-21 15:57:06,812 [INFO] api_clients.polymarket_client: Polymarket: loaded 1000 active markets
2026-06-21 15:57:10,168 [INFO] strategies.btc_5min: BTC5Min: 5 BTC markets found (mins-to-close: [1442.83, 1432.83, 1427.83, 1422.83, 2.83]), 0 in entry window [0.2–1.5 min]
2026-06-21 15:57:16,749 [INFO] leo.loops: Crypto signal: 17 opps, top edge=95.0%
2026-06-21 15:57:24,592 [INFO] leo.loops: OracleSqueeze: 29 opps, top edge=22.5%
2026-06-21 15:57:31,490 [INFO] strategies.btc_5min: BTC5Min: 5 BTC markets found (mins-to-close: [1442.48, 1432.48, 1427.48, 1422.48, 2.48]), 0 in entry window [0.2–1.5 min]
2026-06-21 15:57:43,790 [INFO] api_clients.polymarket_client: Polymarket: loaded 1000 active markets
2026-06-21 15:57:47,358 [INFO] leo.loops: Crypto signal: 17 opps, top edge=95.0%
2026-06-21 15:57:52,483 [INFO] strategies.btc_5min: BTC5Min: 5 BTC markets found (mins-to-close: [1442.13, 1432.13, 1427.13, 1422.13, 2.13]), 0 in entry window [0.2–1.5 min]
2026-06-21 15:58:13,819 [INFO] strategies.btc_5min: BTC5Min: 5 BTC markets found (mins-to-close: [1441.77, 1431.77, 1426.77, 1421.77, 1.77]), 0 in entry window [0.2–1.5 min]
2026-06-21 15:58:17,932 [INFO] leo.loops: Crypto signal: 17 opps, top edge=95.0%
2026-06-21 15:58:20,607 [INFO] api_clients.polymarket_client: Polymarket: loaded 1000 active markets
2026-06-21 15:58:24,609 [INFO] leo.loops: OracleSqueeze: 29 opps, top edge=22.5%
2026-06-21 15:58:35,410 [INFO] strategies.btc_5min: BTC5Min: 5 BTC markets found (mins-to-close: [1441.41, 1431.41, 1426.41, 1421.41, 1.41]), 1 in entry window [0.2–1.5 min]
2026-06-21 15:58:36,340 [INFO] leo.loops: BTC5Min: 1 opps, top edge=27.9%
2026-06-21 15:58:48,508 [INFO] leo.loops: Crypto signal: 17 opps, top edge=95.0%
2026-06-21 15:58:57,218 [INFO] strategies.btc_5min: BTC5Min: 5 BTC markets found (mins-to-close: [1441.05, 1431.05, 1426.05, 1421.05, 1.05]), 1 in entry window [0.2–1.5 min]
2026-06-21 15:58:57,481 [INFO] leo.loops: BTC5Min: 1 opps, top edge=30.0%
2026-06-21 15:58:57,870 [INFO] api_clients.polymarket_client: Polymarket: loaded 1000 active markets
2026-06-21 15:59:19,074 [INFO] strategies.btc_5min: BTC5Min: 5 BTC markets found (mins-to-close: [1440.68, 1430.68, 1425.68, 1420.68, 0.68]), 1 in entry window [0.2–1.5 min]
2026-06-21 15:59:19,097 [INFO] leo.loops: Crypto signal: 17 opps, top edge=94.0%
2026-06-21 15:59:19,333 [INFO] leo.loops: BTC5Min: 1 opps, top edge=34.7%
2026-06-21 15:59:21,325 [INFO] strategies.news_fade: NewsFade: spike down detected on 0x2984eaec7ed10e59b9256205942f696252b973b511fbcc1fc765bb435d8b5076 38.00%->35.50%
2026-06-21 15:59:21,325 [INFO] strategies.news_fade: NewsFade: spike down detected on 0x1723b7ee4118dee6ae6be8802cb7b6e239c37d199997b20a8191e32553a5bd68 2.75%->2.05%
2026-06-21 15:59:21,325 [INFO] strategies.news_fade: NewsFade: spike up detected on 0xc11e997578fa83b91b9a0838d90379960628d4834d887c6c5c427576834bc675 0.20%->0.30%
2026-06-21 15:59:21,325 [INFO] strategies.news_fade: NewsFade: spike down detected on 0x4bcc3bab5a77e2d377e5e1f96c87361b8a875d1c71a474c1b81ef1827683d2e4 1.95%->1.75%
2026-06-21 15:59:21,326 [INFO] strategies.news_fade: NewsFade: spike up detected on 0x8f9555e6c4da9369ac9bc23c250bb697aab93593cc06776febe0fad48add06ec 0.15%->0.75%
2026-06-21 15:59:21,326 [INFO] strategies.news_fade: NewsFade: spike down detected on 0x9b4fa695be54f538ae8954b228b2350f133570b1d416fb088de9caffca265f77 13.50%->12.50%
2026-06-21 15:59:21,326 [INFO] strategies.news_fade: NewsFade: spike down detected on 0xa9d4284e8373ffb6662932026fa1001c69f67b500cf4665d8f0e6ed37ed8036a 7.00%->0.40%
2026-06-21 15:59:21,327 [INFO] strategies.news_fade: NewsFade: spike up detected on 0xd5f291e4d2dfc44a42ee0eb1d83f2e42a90ce943a71f643cadf4e98c5a6ec3eb 25.50%->29.50%
2026-06-21 15:59:21,327 [INFO] leo.loops: FavoriteShort: 4 opps, top edge=4.0%
2026-06-21 15:59:24,614 [INFO] leo.loops: OracleSqueeze: 30 opps, top edge=22.5%
2026-06-21 15:59:34,131 [INFO] api_clients.polymarket_client: Polymarket: loaded 1000 active markets
2026-06-21 15:59:40,698 [INFO] strategies.btc_5min: BTC5Min: 7 BTC markets found (mins-to-close: [1440.32, 1430.32, 1425.32, 1420.32, 0.32, 0.32, 0.32]), 3 in entry window [0.2–1.5 min]
2026-06-21 15:59:40,975 [INFO] leo.loops: BTC5Min: 2 opps, top edge=34.2%
2026-06-21 15:59:49,726 [INFO] leo.loops: Crypto signal: 17 opps, top edge=94.0%
2026-06-21 16:00:02,148 [INFO] strategies.btc_5min: BTC5Min: 8 BTC markets found (mins-to-close: [1434.96, 1439.96, 1429.96, 1424.96, 1419.96, -0.04, -0.04, -0.04]), 0 in entry window [0.2–1.5 min]
2026-06-21 16:00:04,642 [WARNING] api_clients.pyth_client: Pyth SSE disconnected: Response payload is not completed: <TransferEncodingError: 400, message='Not enough data to satisfy transfer length header.'>, retrying in 1s
2026-06-21 16:00:05,645 [INFO] api_clients.pyth_client: Pyth SSE: connecting…
2026-06-21 16:00:06,292 [INFO] api_clients.pyth_client: Pyth SSE: stream live
2026-06-21 16:00:10,629 [INFO] api_clients.polymarket_client: Polymarket: loaded 1000 active markets
2026-06-21 16:00:14,626 [WARNING] api_clients.pyth_client: Pyth SSE disconnected: Response payload is not completed: <TransferEncodingError: 400, message='Not enough data to satisfy transfer length header.'>, retrying in 1s
2026-06-21 16:00:15,668 [INFO] api_clients.pyth_client: Pyth SSE: connecting…
2026-06-21 16:00:16,615 [INFO] api_clients.pyth_client: Pyth SSE: stream live
2026-06-21 16:00:20,630 [INFO] leo.loops: Crypto signal: 18 opps, top edge=95.0%
2026-06-21 16:00:23,216 [INFO] strategies.btc_5min: BTC5Min: 8 BTC markets found (mins-to-close: [1434.61, 1439.61, 1429.61, 1424.61, 1419.61, -0.39, -0.39, -0.39]), 0 in entry window [0.2–1.5 min]
2026-06-21 16:00:24,618 [INFO] leo.loops: OracleSqueeze: 31 opps, top edge=22.5%
2026-06-21 16:00:26,884 [INFO] api_clients.forecast_client: Forecast: loaded 0 questions (0 meta, 0 manifold)
2026-06-21 16:00:45,194 [INFO] strategies.btc_5min: BTC5Min: 8 BTC markets found (mins-to-close: [1434.25, 1439.25, 1429.25, 1424.25, 1419.25, -0.75, -0.75, -0.75]), 0 in entry window [0.2–1.5 min]
2026-06-21 16:00:48,319 [INFO] api_clients.polymarket_client: Polymarket: loaded 1000 active markets
2026-06-21 16:00:51,243 [INFO] leo.loops: Crypto signal: 18 opps, top edge=95.0%
2026-06-21 16:01:06,514 [INFO] strategies.btc_5min: BTC5Min: 9 BTC markets found (mins-to-close: [1433.89, 1438.89, 1428.89, 1423.89, 1418.89, -1.11, -1.11, -1.11, -1.11]), 0 in entry window [0.2–1.5 min]
2026-06-21 16:01:22,076 [INFO] leo.loops: Crypto signal: 18 opps, top edge=95.0%
2026-06-21 16:01:24,623 [INFO] leo.loops: OracleSqueeze: 33 opps, top edge=23.0%
2026-06-21 16:01:25,380 [INFO] api_clients.polymarket_client: Polymarket: loaded 1000 active markets
2026-06-21 16:01:27,805 [INFO] strategies.btc_5min: BTC5Min: 8 BTC markets found (mins-to-close: [1433.54, 1438.54, 1428.54, 1423.54, 1418.54, -1.46, -1.46, -1.46]), 0 in entry window [0.2–1.5 min]
2026-06-21 16:01:49,689 [INFO] strategies.btc_5min: BTC5Min: 8 BTC markets found (mins-to-close: [1433.17, 1438.17, 1428.17, 1423.17, 1418.17, -1.83, -1.83, -1.83]), 0 in entry window [0.2–1.5 min]
2026-06-21 16:01:52,658 [INFO] leo.loops: Crypto signal: 18 opps, top edge=95.0%
2026-06-21 16:02:01,936 [INFO] api_clients.polymarket_client: Polymarket: loaded 1000 active markets
2026-06-21 16:02:10,606 [INFO] strategies.btc_5min: BTC5Min: 8 BTC markets found (mins-to-close: [1432.82, 1437.82, 1427.82, 1422.82, 1417.82, -2.18, -2.18, -2.18]), 0 in entry window [0.2–1.5 min]
2026-06-21 16:02:23,397 [INFO] leo.loops: Crypto signal: 18 opps, top edge=95.0%
2026-06-21 16:02:24,628 [INFO] leo.loops: OracleSqueeze: 33 opps, top edge=23.0%
2026-06-21 16:02:32,231 [INFO] strategies.btc_5min: BTC5Min: 8 BTC markets found (mins-to-close: [1432.46, 1437.46, 1427.46, 1422.46, 1417.46, -2.54, -2.54, -2.54]), 0 in entry window [0.2–1.5 min]
2026-06-21 16:02:38,674 [INFO] api_clients.polymarket_client: Polymarket: loaded 1000 active markets
2026-06-21 16:02:54,014 [INFO] leo.loops: Crypto signal: 18 opps, top edge=95.0%
2026-06-21 16:02:54,056 [INFO] strategies.btc_5min: BTC5Min: 8 BTC markets found (mins-to-close: [1432.1, 1437.1, 1427.1, 1422.1, 1417.1, -2.9, -2.9, -2.9]), 0 in entry window [0.2–1.5 min]
2026-06-21 16:03:15,180 [INFO] strategies.btc_5min: BTC5Min: 8 BTC markets found (mins-to-close: [1431.75, 1436.75, 1426.75, 1421.75, 1416.75, -3.25, -3.25, -3.25]), 0 in entry window [0.2–1.5 min]
2026-06-21 16:03:16,654 [INFO] api_clients.polymarket_client: Polymarket: loaded 1000 active markets
2026-06-21 16:03:24,630 [INFO] leo.loops: OracleSqueeze: 33 opps, top edge=23.0%
2026-06-21 16:03:24,900 [INFO] leo.loops: Crypto signal: 18 opps, top edge=93.9%
2026-06-21 16:03:36,802 [INFO] strategies.btc_5min: BTC5Min: 8 BTC markets found (mins-to-close: [1431.39, 1436.39, 1426.39, 1421.39, 1416.39, -3.61, -3.61, -3.61]), 0 in entry window [0.2–1.5 min]
2026-06-21 16:03:53,399 [INFO] api_clients.polymarket_client: Polymarket: loaded 1000 active markets
2026-06-21 16:03:55,595 [INFO] leo.loops: Crypto signal: 18 opps, top edge=93.9%
2026-06-21 16:03:58,559 [INFO] strategies.btc_5min: BTC5Min: 8 BTC markets found (mins-to-close: [1431.02, 1436.02, 1426.02, 1421.02, 1416.02, -3.98, -3.98, -3.98]), 0 in entry window [0.2–1.5 min]
2026-06-21 16:04:19,870 [INFO] strategies.btc_5min: BTC5Min: 8 BTC markets found (mins-to-close: [1430.67, 1435.67, 1425.67, 1420.67, 1415.67, -4.33, -4.33, -4.33]), 0 in entry window [0.2–1.5 min]
2026-06-21 16:04:21,327 [INFO] strategies.news_fade: NewsFade: spike down detected on 0x3a26ca6425e2d98f14935670bc22cdb0744defc6f6d83c65f8c413a921c5c70c 0.75%->0.65%
2026-06-21 16:04:21,328 [INFO] strategies.news_fade: NewsFade: spike up detected on 0x5c5740cc87cfbf423d1d051c5fe539edeab0c8967e504b9cc93ea10725a83eb1 0.55%->1.10%
2026-06-21 16:04:21,329 [INFO] strategies.news_fade: NewsFade: spike down detected on 0x50ba974bb52919c3ac791c0d4eedeab681eac559c2848630e295509f5bd6079a 66.00%->62.00%
2026-06-21 16:04:21,330 [INFO] strategies.news_fade: NewsFade: spike down detected on 0x002e15f048339320764d8b844a41174db42f1298b2a5174c4f6b50d39fa0aa37 15.50%->13.00%
2026-06-21 16:04:21,330 [INFO] strategies.news_fade: NewsFade: spike down detected on 0xad1ead5071b161f5a19d2873ced32c07108e14a78a278c0b88cd6adab458d30b 16.50%->15.50%
2026-06-21 16:04:21,330 [INFO] strategies.news_fade: NewsFade: spike up detected on 0xe4dbc1d678b5d605f2dfd07a429d7a7f8f6a16ed48c71a6512ceb8e7cb809cfd 10.50%->11.50%
2026-06-21 16:04:21,330 [INFO] strategies.news_fade: NewsFade: spike down detected on 0xed5356b5d6f3b0d1095e21d586214de01b438ccb8d0ae5c59b55647d8fc95e97 5.00%->4.65%
2026-06-21 16:04:21,331 [INFO] strategies.news_fade: NewsFade: spike down detected on 0x2e17868f08557a366f7f6a244613eb4d8e2733362c2200b397bdaefc1ace5d1c 17.50%->16.00%
2026-06-21 16:04:21,331 [INFO] strategies.news_fade: NewsFade: spike down detected on 0x9007fb42efb16a298b7cf7b41f974181a6be950e0ad7969d735b9c736d259710 0.50%->0.25%
2026-06-21 16:04:21,332 [INFO] leo.loops: FavoriteShort: 4 opps, top edge=4.0%
2026-06-21 16:04:24,664 [INFO] leo.loops: OracleSqueeze: 31 opps, top edge=23.0%
2026-06-21 16:04:26,223 [INFO] leo.loops: Crypto signal: 18 opps, top edge=93.9%
2026-06-21 16:04:30,067 [INFO] api_clients.polymarket_client: Polymarket: loaded 1000 active markets
2026-06-21 16:04:41,238 [INFO] strategies.btc_5min: BTC5Min: 6 BTC markets found (mins-to-close: [1430.31, 1435.31, 1425.31, 1420.31, 1415.31, -4.69]), 0 in entry window [0.2–1.5 min]
2026-06-21 16:04:56,826 [INFO] leo.loops: Crypto signal: 18 opps, top edge=93.9%
2026-06-21 16:05:02,496 [INFO] strategies.btc_5min: BTC5Min: 6 BTC markets found (mins-to-close: [1434.96, 1429.96, 1434.96, 1424.96, 1419.96, -5.04]), 0 in entry window [0.2–1.5 min]
2026-06-21 16:05:03,067 [WARNING] api_clients.pyth_client: Pyth SSE disconnected: Response payload is not completed: <TransferEncodingError: 400, message='Not enough data to satisfy transfer length header.'>, retrying in 1s
2026-06-21 16:05:04,070 [INFO] api_clients.pyth_client: Pyth SSE: connecting…
2026-06-21 16:05:04,619 [INFO] api_clients.pyth_client: Pyth SSE: stream live
2026-06-21 16:05:07,766 [INFO] api_clients.polymarket_client: Polymarket: loaded 1000 active markets
2026-06-21 16:05:08,515 [WARNING] api_clients.pyth_client: Pyth SSE disconnected: Response payload is not completed: <TransferEncodingError: 400, message='Not enough data to satisfy transfer length header.'>, retrying in 1s
2026-06-21 16:05:09,518 [INFO] api_clients.pyth_client: Pyth SSE: connecting…
2026-06-21 16:05:10,648 [INFO] api_clients.pyth_client: Pyth SSE: stream live
2026-06-21 16:05:24,478 [INFO] strategies.btc_5min: BTC5Min: 6 BTC markets found (mins-to-close: [1434.59, 1429.59, 1434.59, 1424.59, 1419.59, -5.41]), 0 in entry window [0.2–1.5 min]
2026-06-21 16:05:24,669 [INFO] leo.loops: OracleSqueeze: 31 opps, top edge=23.0%
2026-06-21 16:05:27,791 [INFO] leo.loops: Crypto signal: 18 opps, top edge=93.9%
2026-06-21 16:05:44,600 [INFO] api_clients.polymarket_client: Polymarket: loaded 1000 active markets
2026-06-21 16:05:45,934 [INFO] strategies.btc_5min: BTC5Min: 6 BTC markets found (mins-to-close: [1434.23, 1429.23, 1434.23, 1424.23, 1419.23, -5.77]), 0 in entry window [0.2–1.5 min]
2026-06-21 16:05:58,676 [INFO] leo.loops: Crypto signal: 18 opps, top edge=93.9%
2026-06-21 16:06:07,075 [INFO] strategies.btc_5min: BTC5Min: 6 BTC markets found (mins-to-close: [1433.88, 1428.88, 1433.88, 1423.88, 1418.88, -6.12]), 0 in entry window [0.2–1.5 min]
2026-06-21 16:06:21,592 [INFO] api_clients.polymarket_client: Polymarket: loaded 1000 active markets
2026-06-21 16:06:24,673 [INFO] leo.loops: OracleSqueeze: 28 opps, top edge=22.5%
2026-06-21 16:06:28,976 [INFO] strategies.btc_5min: BTC5Min: 5 BTC markets found (mins-to-close: [1433.52, 1428.52, 1433.52, 1423.52, 1418.52]), 0 in entry window [0.2–1.5 min]
2026-06-21 16:06:29,297 [INFO] leo.loops: Crypto signal: 18 opps, top edge=95.0%
2026-06-21 16:06:50,914 [INFO] strategies.btc_5min: BTC5Min: 5 BTC markets found (mins-to-close: [1433.15, 1428.15, 1433.15, 1423.15, 1418.15]), 0 in entry window [0.2–1.5 min]
2026-06-21 16:06:58,344 [INFO] api_clients.polymarket_client: Polymarket: loaded 1000 active markets
2026-06-21 16:06:59,760 [INFO] leo.loops: Crypto signal: 18 opps, top edge=95.0%
2026-06-21 16:07:12,288 [INFO] strategies.btc_5min: BTC5Min: 5 BTC markets found (mins-to-close: [1432.8, 1427.8, 1432.8, 1422.8, 1417.8]), 0 in entry window [0.2–1.5 min]
2026-06-21 16:07:24,676 [INFO] leo.loops: OracleSqueeze: 29 opps, top edge=22.5%
2026-06-21 16:07:30,378 [INFO] leo.loops: Crypto signal: 18 opps, top edge=95.0%
2026-06-21 16:07:33,310 [INFO] strategies.btc_5min: BTC5Min: 5 BTC markets found (mins-to-close: [1432.44, 1427.44, 1432.44, 1422.44, 1417.44]), 0 in entry window [0.2–1.5 min]
2026-06-21 16:07:35,697 [INFO] api_clients.polymarket_client: Polymarket: loaded 1000 active markets
2026-06-21 16:07:55,611 [INFO] strategies.btc_5min: BTC5Min: 5 BTC markets found (mins-to-close: [1432.07, 1427.07, 1432.07, 1422.07, 1417.07]), 0 in entry window [0.2–1.5 min]
2026-06-21 16:08:00,946 [INFO] leo.loops: Crypto signal: 18 opps, top edge=95.0%
2026-06-21 16:08:11,714 [INFO] api_clients.polymarket_client: Polymarket: loaded 1000 active markets
2026-06-21 16:08:16,655 [INFO] strategies.btc_5min: BTC5Min: 5 BTC markets found (mins-to-close: [1431.72, 1426.72, 1431.72, 1421.72, 1416.72]), 0 in entry window [0.2–1.5 min]
2026-06-21 16:08:24,680 [INFO] leo.loops: OracleSqueeze: 29 opps, top edge=22.5%
2026-06-21 16:08:31,509 [INFO] leo.loops: Crypto signal: 18 opps, top edge=95.0%
2026-06-21 16:08:38,062 [INFO] strategies.btc_5min: BTC5Min: 5 BTC markets found (mins-to-close: [1431.37, 1426.37, 1431.37, 1421.37, 1416.37]), 0 in entry window [0.2–1.5 min]
2026-06-21 16:08:48,406 [INFO] api_clients.polymarket_client: Polymarket: loaded 1000 active markets
2026-06-21 16:08:59,827 [INFO] strategies.btc_5min: BTC5Min: 5 BTC markets found (mins-to-close: [1431.0, 1426.0, 1431.0, 1421.0, 1416.0]), 0 in entry window [0.2–1.5 min]
2026-06-21 16:09:02,092 [INFO] leo.loops: Crypto signal: 18 opps, top edge=95.0%
2026-06-21 16:09:21,172 [INFO] strategies.btc_5min: BTC5Min: 5 BTC markets found (mins-to-close: [1430.65, 1425.65, 1430.65, 1420.65, 1415.65]), 0 in entry window [0.2–1.5 min]
2026-06-21 16:09:21,333 [INFO] strategies.news_fade: NewsFade: spike down detected on 0x734c6c32a62f8a27035a222e45fc388d59eeffe89bb31ab26054bc29bcc3eee7 1.10%->0.95%
2026-06-21 16:09:21,333 [INFO] strategies.news_fade: NewsFade: spike up detected on 0xf0c474ad536bfc12337705775ea1b87147cf9347ae81973acff0865c87256bff 0.05%->0.15%
2026-06-21 16:09:21,334 [INFO] strategies.news_fade: NewsFade: spike up detected on 0x0bd1b836a2494f80aaee62927cf01e5f6fceb19114e96fc517c6440aea4576e4 3.65%->4.20%
2026-06-21 16:09:21,334 [INFO] strategies.news_fade: NewsFade: spike down detected on 0x6c808273f0851259b3811784a9522461f15494c1bc7ec3a22414d381790722c2 0.55%->0.45%
2026-06-21 16:09:21,335 [INFO] strategies.news_fade: NewsFade: spike down detected on 0xd08c94bc1b230ad4e30b245486cb040d2b2a3b788a78150b5bcc2f046b351c61 0.50%->0.05%
2026-06-21 16:09:21,335 [INFO] strategies.news_fade: NewsFade: spike down detected on 0xe0ef5b42fd16c9f524fc01ac247e743049f3e22a72ae320c4fbf03b0e644725b 23.50%->12.00%
2026-06-21 16:09:21,335 [INFO] strategies.news_fade: NewsFade: spike down detected on 0x8a8e093b25d7909ae01e944e746a1dee88801224fcff001c1c890ca43e2a66e1 11.45%->10.45%
2026-06-21 16:09:21,335 [INFO] strategies.news_fade: NewsFade: spike down detected on 0x5de3afac10b31162a24d1c3dd10cd823d9bbe2fd9aa6e734f07755d2f1cbbaa6 0.50%->0.45%
2026-06-21 16:09:21,336 [INFO] strategies.news_fade: NewsFade: spike up detected on 0xdf7106bf2361ba8164f1c6affb46d92dc33988d79a17f19938b4c331c8ba95e0 0.05%->0.15%
2026-06-21 16:09:21,337 [INFO] leo.loops: FavoriteShort: 4 opps, top edge=4.0%
2026-06-21 16:09:24,684 [INFO] leo.loops: OracleSqueeze: 29 opps, top edge=22.5%
2026-06-21 16:09:25,610 [INFO] api_clients.polymarket_client: Polymarket: loaded 1000 active markets
2026-06-21 16:09:32,712 [INFO] leo.loops: Crypto signal: 18 opps, top edge=95.0%
2026-06-21 16:09:42,534 [INFO] strategies.btc_5min: BTC5Min: 5 BTC markets found (mins-to-close: [1430.29, 1425.29, 1430.29, 1420.29, 1415.29]), 0 in entry window [0.2–1.5 min]
2026-06-21 16:10:01,890 [INFO] api_clients.polymarket_client: Polymarket: loaded 1000 active markets
2026-06-21 16:10:03,318 [INFO] leo.loops: Crypto signal: 18 opps, top edge=95.0%
2026-06-21 16:10:03,616 [INFO] strategies.btc_5min: BTC5Min: 5 BTC markets found (mins-to-close: [1434.94, 1429.94, 1424.94, 1429.94, 1419.94]), 0 in entry window [0.2–1.5 min]
2026-06-21 16:10:24,686 [INFO] leo.loops: OracleSqueeze: 28 opps, top edge=22.5%
2026-06-21 16:10:25,450 [INFO] strategies.btc_5min: BTC5Min: 5 BTC markets found (mins-to-close: [1434.58, 1429.58, 1424.58, 1429.58, 1419.58]), 0 in entry window [0.2–1.5 min]
2026-06-21 16:10:33,895 [INFO] leo.loops: Crypto signal: 18 opps, top edge=95.0%
2026-06-21 16:10:38,655 [INFO] api_clients.polymarket_client: Polymarket: loaded 1000 active markets
2026-06-21 16:10:46,554 [INFO] strategies.btc_5min: BTC5Min: 5 BTC markets found (mins-to-close: [1434.22, 1429.22, 1424.22, 1429.22, 1419.22]), 0 in entry window [0.2–1.5 min]
2026-06-21 16:11:04,484 [INFO] leo.loops: Crypto signal: 17 opps, top edge=95.0%
2026-06-21 16:11:07,890 [INFO] strategies.btc_5min: BTC5Min: 5 BTC markets found (mins-to-close: [1433.87, 1428.87, 1423.87, 1428.87, 1418.87]), 0 in entry window [0.2–1.5 min]
2026-06-21 16:11:15,542 [INFO] api_clients.polymarket_client: Polymarket: loaded 1000 active markets
2026-06-21 16:11:24,712 [INFO] leo.loops: OracleSqueeze: 31 opps, top edge=23.0%
2026-06-21 16:11:29,706 [INFO] strategies.btc_5min: BTC5Min: 6 BTC markets found (mins-to-close: [1433.5, 1428.5, 1423.5, 1428.5, 1418.5, -1.5]), 0 in entry window [0.2–1.5 min]
2026-06-21 16:11:35,057 [INFO] leo.loops: Crypto signal: 18 opps, top edge=95.0%
2026-06-21 16:11:51,504 [INFO] strategies.btc_5min: BTC5Min: 6 BTC markets found (mins-to-close: [1433.14, 1428.14, 1423.14, 1428.14, 1418.14, -1.86]), 0 in entry window [0.2–1.5 min]
2026-06-21 16:11:52,824 [INFO] api_clients.polymarket_client: Polymarket: loaded 1000 active markets
2026-06-21 16:12:05,884 [INFO] leo.loops: Crypto signal: 17 opps, top edge=95.0%
2026-06-21 16:12:12,780 [INFO] strategies.btc_5min: BTC5Min: 6 BTC markets found (mins-to-close: [1432.79, 1427.79, 1422.79, 1427.79, 1417.79, -2.21]), 0 in entry window [0.2–1.5 min]
2026-06-21 16:12:16,376 [INFO] leo.loops: OFI: 1 opps, top edge=4.1%
2026-06-21 16:12:24,715 [INFO] leo.loops: OracleSqueeze: 31 opps, top edge=23.0%
2026-06-21 16:12:28,942 [INFO] api_clients.polymarket_client: Polymarket: loaded 1000 active markets
2026-06-21 16:12:34,320 [INFO] strategies.btc_5min: BTC5Min: 6 BTC markets found (mins-to-close: [1432.43, 1427.43, 1422.43, 1427.43, 1417.43, -2.57]), 0 in entry window [0.2–1.5 min]
2026-06-21 16:12:36,777 [INFO] leo.loops: Crypto signal: 17 opps, top edge=95.0%
2026-06-21 16:12:56,126 [INFO] strategies.btc_5min: BTC5Min: 6 BTC markets found (mins-to-close: [1432.06, 1427.06, 1422.06, 1427.06, 1417.06, -2.94]), 0 in entry window [0.2–1.5 min]
2026-06-21 16:13:05,650 [INFO] api_clients.polymarket_client: Polymarket: loaded 1000 active markets
2026-06-21 16:13:07,342 [INFO] leo.loops: Crypto signal: 17 opps, top edge=95.0%
2026-06-21 16:13:17,910 [INFO] strategies.btc_5min: BTC5Min: 6 BTC markets found (mins-to-close: [1431.7, 1426.7, 1421.7, 1426.7, 1416.7, -3.3]), 0 in entry window [0.2–1.5 min]
2026-06-21 16:13:24,696 [INFO] leo.loops: OracleSqueeze: 31 opps, top edge=23.0%
2026-06-21 16:13:38,135 [INFO] leo.loops: Crypto signal: 17 opps, top edge=95.0%
2026-06-21 16:13:39,007 [INFO] strategies.btc_5min: BTC5Min: 6 BTC markets found (mins-to-close: [1431.35, 1426.35, 1421.35, 1426.35, 1416.35, -3.65]), 0 in entry window [0.2–1.5 min]
2026-06-21 16:13:42,925 [INFO] api_clients.polymarket_client: Polymarket: loaded 1000 active markets
2026-06-21 16:13:43,032 [WARNING] api_clients.pyth_client: Pyth SSE disconnected: Response payload is not completed: <TransferEncodingError: 400, message='Not enough data to satisfy transfer length header.'>, retrying in 1s
2026-06-21 16:13:44,035 [INFO] api_clients.pyth_client: Pyth SSE: connecting…
2026-06-21 16:13:44,670 [INFO] api_clients.pyth_client: Pyth SSE: stream live
2026-06-21 16:13:59,150 [WARNING] api_clients.pyth_client: Pyth SSE disconnected: Response payload is not completed: <TransferEncodingError: 400, message='Not enough data to satisfy transfer length header.'>, retrying in 1s
2026-06-21 16:14:00,191 [INFO] api_clients.pyth_client: Pyth SSE: connecting…
2026-06-21 16:14:00,812 [INFO] strategies.btc_5min: BTC5Min: 6 BTC markets found (mins-to-close: [1430.99, 1425.99, 1420.99, 1425.99, 1415.99, -4.01]), 0 in entry window [0.2–1.5 min]
2026-06-21 16:14:01,045 [INFO] api_clients.pyth_client: Pyth SSE: stream live
2026-06-21 16:14:09,003 [INFO] leo.loops: Crypto signal: 17 opps, top edge=95.0%
2026-06-21 16:14:19,236 [INFO] api_clients.polymarket_client: Polymarket: loaded 1000 active markets
2026-06-21 16:14:21,296 [INFO] strategies.news_fade: NewsFade: spike down detected on 0x348cd9adf4f6855f58bd9c6dbf9ff251c4142ef77233a5dc95c65b4b61cd2187 6.50%->5.50%
2026-06-21 16:14:21,296 [INFO] strategies.news_fade: NewsFade: spike down detected on 0x2f79bb189a75eca06e71950751d290d4a1abc2dbbbd8b1cf8fc1d75490a6f4b5 53.50%->48.50%
2026-06-21 16:14:21,297 [INFO] strategies.news_fade: NewsFade: spike up detected on 0xc8aaa82e283d68aba57ce829af58ce6ed3d5e94e23e9395b50dd579b2c657708 42.00%->46.00%
2026-06-21 16:14:21,297 [INFO] strategies.news_fade: NewsFade: spike up detected on 0x2e8b3c284992d8d69170cd7c051540a1402c2f44ba47b32f1f74364e867db2cd 10.05%->11.50%
2026-06-21 16:14:21,297 [INFO] strategies.news_fade: NewsFade: spike down detected on 0xbe9d61d80c767264a0adc8a16453fbcaf0413e673e665cc7c14701691143fac0 12.50%->11.50%
2026-06-21 16:14:21,297 [INFO] strategies.news_fade: NewsFade: spike down detected on 0x83f1fde288287c5aa77f5bf5e024b967f6ee4f1d0de693e7706e7e1fbe0d1686 38.50%->35.00%
2026-06-21 16:14:21,297 [INFO] strategies.news_fade: NewsFade: spike up detected on 0x9cb5aba8a9a0f99007db01df92583c877456abca90f7a9fe78c3963abbada0b7 66.00%->80.50%
2026-06-21 16:14:21,298 [INFO] strategies.news_fade: NewsFade: spike up detected on 0x0de4c5e098c5101f7cce39d11dd3294873381b78c2794b6c6aea3142117f03a1 0.60%->0.80%
2026-06-21 16:14:21,298 [INFO] strategies.news_fade: NewsFade: spike down detected on 0xa77a8fbea7a5e0969a608d44ead3c399aa8d4e740e2078dfdd5a49dab570f25e 15.00%->14.00%
2026-06-21 16:14:21,298 [INFO] strategies.news_fade: NewsFade: spike down detected on 0x5bf2c54fb4ca9d63427816cd88ab8f7b5ede5b2b9166c366a940f1a0d6d0a290 7.25%->6.25%
2026-06-21 16:14:21,298 [INFO] strategies.news_fade: NewsFade: spike down detected on 0x1a4cf9c16876e6ebd554060d72b092aa761674394a47ce8d3dbb364a359cb342 50.50%->45.50%
2026-06-21 16:14:21,298 [INFO] strategies.news_fade: NewsFade: spike down detected on 0x168145012a5e63593fc23a82cfe2fa35daebc68b79141eb6d628a40597f5f07c 46.50%->39.00%
2026-06-21 16:14:21,298 [INFO] strategies.news_fade: NewsFade: spike up detected on 0x232335e57171a1b4c257f31f4b9c0fd2766f323394f011def8800dee0b00568b 2.35%->2.65%
2026-06-21 16:14:21,299 [INFO] strategies.news_fade: NewsFade: spike down detected on 0x81e8ef8eee7d704ff13d0c91b1213b4423dfc92845217bce9d7c29faebf2cdfb 59.50%->54.00%
2026-06-21 16:14:21,299 [INFO] strategies.news_fade: NewsFade: spike down detected on 0x82fef90864f8742b215cdbb5abd22d3c79547be2c049c7ce2f43784bd8704abf 56.00%->51.00%
2026-06-21 16:14:21,300 [INFO] leo.loops: FavoriteShort: 4 opps, top edge=4.0%
2026-06-21 16:14:22,181 [INFO] strategies.btc_5min: BTC5Min: 8 BTC markets found (mins-to-close: [1430.63, 1425.63, 1420.63, 1425.63, 1415.63, -4.37, 0.63, 0.63]), 2 in entry window [0.2–1.5 min]
2026-06-21 16:14:24,681 [INFO] leo.loops: OracleSqueeze: 32 opps, top edge=23.0%
2026-06-21 16:14:39,928 [INFO] leo.loops: Crypto signal: 17 opps, top edge=93.9%
2026-06-21 16:14:43,977 [INFO] strategies.btc_5min: BTC5Min: 8 BTC markets found (mins-to-close: [1430.27, 1425.27, 1420.27, 1425.27, 1415.27, -4.73, 0.27, 0.27]), 2 in entry window [0.2–1.5 min]
2026-06-21 16:14:49,839 [INFO] api_clients.weather_client: Weather: refreshed 13 city forecasts
2026-06-21 16:14:49,844 [INFO] leo.loops: Weather: 13 opps, top edge=97.9%
2026-06-21 16:14:55,999 [INFO] api_clients.polymarket_client: Polymarket: loaded 1000 active markets
2026-06-21 16:15:05,373 [INFO] strategies.btc_5min: BTC5Min: 10 BTC markets found (mins-to-close: [1434.91, 1439.91, 1429.91, 1424.91, 1419.91, 1424.91, 1414.91, -5.09, -0.09, -0.09]), 0 in entry window [0.2–1.5 min]
2026-06-21 16:15:10,085 [INFO] leo.loops: Crypto signal: 17 opps, top edge=93.9%
2026-06-21 16:15:24,684 [INFO] leo.loops: OracleSqueeze: 32 opps, top edge=23.0%
2026-06-21 16:15:27,223 [INFO] strategies.btc_5min: BTC5Min: 10 BTC markets found (mins-to-close: [1434.55, 1439.55, 1429.55, 1424.55, 1419.55, 1424.55, 1414.55, -5.45, -0.45, -0.45]), 0 in entry window [0.2–1.5 min]
2026-06-21 16:15:27,819 [INFO] api_clients.forecast_client: Forecast: loaded 0 questions (0 meta, 0 manifold)
2026-06-21 16:15:32,805 [INFO] api_clients.polymarket_client: Polymarket: loaded 1000 active markets
2026-06-21 16:15:34,315 [WARNING] api_clients.pyth_client: Pyth SSE disconnected: Response payload is not completed: <TransferEncodingError: 400, message='Not enough data to satisfy transfer length header.'>, retrying in 1s
2026-06-21 16:15:35,318 [INFO] api_clients.pyth_client: Pyth SSE: connecting…
2026-06-21 16:15:35,829 [INFO] api_clients.pyth_client: Pyth SSE: stream live
2026-06-21 16:15:40,666 [INFO] leo.loops: Crypto signal: 18 opps, top edge=95.0%
2026-06-21 16:15:44,922 [WARNING] api_clients.pyth_client: Pyth SSE disconnected: Response payload is not completed: <TransferEncodingError: 400, message='Not enough data to satisfy transfer length header.'>, retrying in 1s
2026-06-21 16:15:45,924 [INFO] api_clients.pyth_client: Pyth SSE: connecting…
2026-06-21 16:15:46,679 [INFO] api_clients.pyth_client: Pyth SSE: stream live
2026-06-21 16:15:48,395 [INFO] strategies.btc_5min: BTC5Min: 10 BTC markets found (mins-to-close: [1434.19, 1439.19, 1429.19, 1424.19, 1419.19, 1424.19, 1414.19, -5.81, -0.81, -0.81]), 0 in entry window [0.2–1.5 min]
2026-06-21 16:16:10,090 [INFO] api_clients.polymarket_client: Polymarket: loaded 1000 active markets
2026-06-21 16:16:10,273 [INFO] strategies.btc_5min: BTC5Min: 11 BTC markets found (mins-to-close: [1433.83, 1438.83, 1428.83, 1423.83, 1418.83, 1423.83, 1413.83, -1.17, -1.17, -1.17, -1.17]), 0 in entry window [0.2–1.5 min]
2026-06-21 16:16:10,864 [INFO] leo.loops: Crypto signal: 18 opps, top edge=95.0%
2026-06-21 16:16:24,688 [INFO] leo.loops: OracleSqueeze: 32 opps, top edge=22.0%
2026-06-21 16:16:32,072 [INFO] strategies.btc_5min: BTC5Min: 11 BTC markets found (mins-to-close: [1433.47, 1438.47, 1428.47, 1423.47, 1418.47, 1423.47, 1413.47, -1.53, -1.53, -1.53, -1.53]), 0 in entry window [0.2–1.5 min]
2026-06-21 16:16:41,823 [INFO] leo.loops: Crypto signal: 18 opps, top edge=93.9%
2026-06-21 16:16:46,514 [INFO] api_clients.polymarket_client: Polymarket: loaded 1000 active markets
2026-06-21 16:16:53,418 [INFO] strategies.btc_5min: BTC5Min: 11 BTC markets found (mins-to-close: [1433.11, 1438.11, 1428.11, 1423.11, 1418.11, 1423.11, 1413.11, -1.89, -1.89, -1.89, -1.89]), 0 in entry window [0.2–1.5 min]
2026-06-21 16:17:12,157 [INFO] leo.loops: Crypto signal: 18 opps, top edge=93.9%
2026-06-21 16:17:14,757 [INFO] strategies.btc_5min: BTC5Min: 11 BTC markets found (mins-to-close: [1432.75, 1437.75, 1427.75, 1422.75, 1417.75, 1422.75, 1412.75, -2.25, -2.25, -2.25, -2.25]), 0 in entry window [0.2–1.5 min]
2026-06-21 16:17:23,237 [INFO] api_clients.polymarket_client: Polymarket: loaded 1000 active markets
2026-06-21 16:17:24,692 [INFO] leo.loops: OracleSqueeze: 31 opps, top edge=22.0%
2026-06-21 16:17:36,714 [INFO] strategies.btc_5min: BTC5Min: 11 BTC markets found (mins-to-close: [1432.39, 1437.39, 1427.39, 1422.39, 1417.39, 1422.39, 1412.39, -2.61, -2.61, -2.61, -2.61]), 0 in entry window [0.2–1.5 min]
2026-06-21 16:17:42,759 [INFO] leo.loops: Crypto signal: 18 opps, top edge=95.0%
2026-06-21 16:17:57,996 [INFO] strategies.btc_5min: BTC5Min: 11 BTC markets found (mins-to-close: [1432.03, 1437.03, 1427.03, 1422.03, 1417.03, 1422.03, 1412.03, -2.97, -2.97, -2.97, -2.97]), 0 in entry window [0.2–1.5 min]
2026-06-21 16:18:00,317 [INFO] api_clients.polymarket_client: Polymarket: loaded 1000 active markets
2026-06-21 16:18:13,331 [INFO] leo.loops: Crypto signal: 18 opps, top edge=95.0%
2026-06-21 16:18:19,392 [INFO] strategies.btc_5min: BTC5Min: 11 BTC markets found (mins-to-close: [1431.68, 1436.68, 1426.68, 1421.68, 1416.68, 1421.68, 1411.68, -3.32, -3.32, -3.32, -3.32]), 0 in entry window [0.2–1.5 min]
2026-06-21 16:18:24,696 [INFO] leo.loops: OracleSqueeze: 31 opps, top edge=22.0%
2026-06-21 16:18:36,488 [INFO] api_clients.polymarket_client: Polymarket: loaded 1000 active markets
2026-06-21 16:18:41,240 [INFO] strategies.btc_5min: BTC5Min: 11 BTC markets found (mins-to-close: [1431.31, 1436.31, 1426.31, 1421.31, 1416.31, 1421.31, 1411.31, -3.69, -3.69, -3.69, -3.69]), 0 in entry window [0.2–1.5 min]
2026-06-21 16:18:44,253 [INFO] leo.loops: Crypto signal: 18 opps, top edge=95.0%
2026-06-21 16:19:03,095 [INFO] strategies.btc_5min: BTC5Min: 11 BTC markets found (mins-to-close: [1430.95, 1435.95, 1425.95, 1420.95, 1415.95, 1420.95, 1410.95, -4.05, -4.05, -4.05, -4.05]), 0 in entry window [0.2–1.5 min]
2026-06-21 16:19:13,446 [INFO] api_clients.polymarket_client: Polymarket: loaded 1000 active markets
2026-06-21 16:19:14,875 [INFO] leo.loops: Crypto signal: 18 opps, top edge=93.9%
2026-06-21 16:19:21,298 [INFO] strategies.news_fade: NewsFade: spike up detected on 0xac480a2ad4c2524a60b8d6c1856dd4795264f12f63552cee98ab05055499ecdf 32.50%->58.50%
2026-06-21 16:19:21,299 [INFO] strategies.news_fade: NewsFade: spike down detected on 0x8fa888f1654e10f7a410b1b7049d3a02ab9e3bcc62a50e3c172abee4b8c20ae8 1.45%->1.20%
2026-06-21 16:19:21,299 [INFO] strategies.news_fade: NewsFade: spike down detected on 0x2b6520cc2aca1df4890a66e0b866fa4286c4ba6bc6c736dcca515789c77eb733 68.50%->62.50%
2026-06-21 16:19:21,299 [INFO] strategies.news_fade: NewsFade: spike down detected on 0xb3e380161475ab3ecb1fcc6bbd24e7b14e1d7d4de7192c33ddda13eb58274fa3 0.50%->0.05%
2026-06-21 16:19:21,299 [INFO] strategies.news_fade: NewsFade: spike up detected on 0x9a94b697b2f0f5a6fe41a83ce225405f215481fd2a84305a50a8d201b17f12d7 29.50%->36.50%
2026-06-21 16:19:21,299 [INFO] strategies.news_fade: NewsFade: spike down detected on 0x2a39cace2081a0e2715a75997be27782ab6973b2607c88db8d8335c9b91e7485 44.50%->37.50%
2026-06-21 16:19:21,299 [INFO] strategies.news_fade: NewsFade: spike up detected on 0xdea78af5d4964e9f2681c6c2c822ba10738b73e937e9ec58638e4d62d375d764 4.15%->5.15%
2026-06-21 16:19:21,299 [INFO] strategies.news_fade: NewsFade: spike up detected on 0xf008e6bf759491927d2f6546a64c7acee6afd1d7a494d3b3bce709c9e04c693e 30.50%->32.50%
2026-06-21 16:19:21,300 [INFO] strategies.news_fade: NewsFade: spike up detected on 0xef4ab08541214903ca6eca617416a5fe1867bc3d7008c571f39001b1f62ae58f 6.30%->6.80%
2026-06-21 16:19:21,300 [INFO] strategies.news_fade: NewsFade: spike down detected on 0x07fd25807f12a3a0676403f10b3889d11d85652ba590978efe57109232d8d8d9 42.00%->35.50%
2026-06-21 16:19:21,300 [INFO] strategies.news_fade: NewsFade: spike down detected on 0xe6d871b781e360fdda1af4bd303b42bb2df8ce3d8338808795a5e0bedb8f6abb 49.00%->45.50%
2026-06-21 16:19:21,300 [INFO] strategies.news_fade: NewsFade: spike up detected on 0xd5ae7c109deb2b2980eed821cb9df677a58e4a92935d147e9265994a2a126c3e 37.00%->43.50%
2026-06-21 16:19:21,300 [INFO] strategies.news_fade: NewsFade: spike down detected on 0x3490c26e6bde1e82630ecfb995308d848f586208800ca3c13e54560016ca5656 48.50%->45.50%
2026-06-21 16:19:21,301 [INFO] strategies.news_fade: NewsFade: spike up detected on 0xc9ce5d14441ee999585a6f28081ecb7546c653f1d106b6e1ced14187fc2350ca 18.50%->20.00%
2026-06-21 16:19:21,302 [INFO] strategies.news_fade: NewsFade: spike up detected on 0x0254dad1c65bc7dbde7b85f3cd6fa91006af081e449d04f3d2d64bd27b9b6077 18.50%->20.50%
2026-06-21 16:19:21,303 [INFO] leo.loops: FavoriteShort: 4 opps, top edge=4.0%
2026-06-21 16:19:24,214 [INFO] strategies.btc_5min: BTC5Min: 10 BTC markets found (mins-to-close: [1430.6, 1435.6, 1425.6, 1420.6, 1415.6, 1420.6, 1410.6, -4.4, -4.4, 0.6]), 1 in entry window [0.2–1.5 min]
2026-06-21 16:19:24,699 [INFO] leo.loops: OracleSqueeze: 31 opps, top edge=22.0%
2026-06-21 16:19:45,561 [INFO] leo.loops: Crypto signal: 18 opps, top edge=93.9%
2026-06-21 16:19:46,057 [INFO] strategies.btc_5min: BTC5Min: 10 BTC markets found (mins-to-close: [1430.23, 1435.23, 1425.23, 1420.23, 1415.23, 1420.23, 1410.23, -4.77, -4.77, 0.23]), 1 in entry window [0.2–1.5 min]
2026-06-21 16:19:50,534 [INFO] api_clients.polymarket_client: Polymarket: loaded 1000 active markets
2026-06-21 16:20:07,863 [INFO] strategies.btc_5min: BTC5Min: 11 BTC markets found (mins-to-close: [1434.87, 1429.87, 1434.87, 1424.87, 1419.87, 1414.87, 1419.87, 1409.87, -5.13, -5.13, -0.13]), 0 in entry window [0.2–1.5 min]
2026-06-21 16:20:15,897 [INFO] leo.loops: Crypto signal: 18 opps, top edge=93.9%
2026-06-21 16:20:24,701 [INFO] leo.loops: OracleSqueeze: 31 opps, top edge=22.0%
2026-06-21 16:20:26,720 [INFO] api_clients.polymarket_client: Polymarket: loaded 1000 active markets
2026-06-21 16:20:29,196 [INFO] strategies.btc_5min: BTC5Min: 11 BTC markets found (mins-to-close: [1434.51, 1429.51, 1434.51, 1424.51, 1419.51, 1414.51, 1419.51, 1409.51, -5.49, -5.49, -0.49]), 0 in entry window [0.2–1.5 min]
2026-06-21 16:20:46,498 [INFO] leo.loops: Crypto signal: 19 opps, top edge=93.9%
2026-06-21 16:20:50,530 [INFO] strategies.btc_5min: BTC5Min: 11 BTC markets found (mins-to-close: [1434.16, 1429.16, 1434.16, 1424.16, 1419.16, 1414.16, 1419.16, 1409.16, -5.84, -5.84, -0.84]), 0 in entry window [0.2–1.5 min]
2026-06-21 16:21:03,282 [INFO] api_clients.polymarket_client: Polymarket: loaded 1000 active markets
2026-06-21 16:21:12,184 [INFO] strategies.btc_5min: BTC5Min: 10 BTC markets found (mins-to-close: [1433.8, 1428.8, 1433.8, 1423.8, 1418.8, 1413.8, 1418.8, 1408.8, -1.2, -1.2]), 0 in entry window [0.2–1.5 min]
2026-06-21 16:21:16,853 [INFO] leo.loops: Crypto signal: 19 opps, top edge=93.9%
2026-06-21 16:21:24,704 [INFO] leo.loops: OracleSqueeze: 28 opps, top edge=21.5%
2026-06-21 16:21:34,478 [INFO] strategies.btc_5min: BTC5Min: 10 BTC markets found (mins-to-close: [1433.43, 1428.43, 1433.43, 1423.43, 1418.43, 1413.43, 1418.43, 1408.43, -1.57, -1.57]), 0 in entry window [0.2–1.5 min]
2026-06-21 16:21:40,482 [INFO] api_clients.polymarket_client: Polymarket: loaded 1000 active markets
2026-06-21 16:21:47,478 [INFO] leo.loops: Crypto signal: 19 opps, top edge=93.9%
2026-06-21 16:21:55,874 [INFO] strategies.btc_5min: BTC5Min: 11 BTC markets found (mins-to-close: [1433.07, 1428.07, 1433.07, 1423.07, 1418.07, 1413.07, 1418.07, 1408.07, -1.93, -1.93, 8.07]), 0 in entry window [0.2–1.5 min]
2026-06-21 16:22:17,098 [INFO] api_clients.polymarket_client: Polymarket: loaded 1000 active markets
2026-06-21 16:22:17,147 [INFO] strategies.btc_5min: BTC5Min: 11 BTC markets found (mins-to-close: [1432.71, 1427.71, 1432.71, 1422.71, 1417.71, 1412.71, 1417.71, 1407.71, -2.29, -2.29, 7.71]), 0 in entry window [0.2–1.5 min]
2026-06-21 16:22:18,041 [INFO] leo.loops: Crypto signal: 19 opps, top edge=93.9%
2026-06-21 16:22:24,744 [INFO] leo.loops: OracleSqueeze: 28 opps, top edge=23.0%
2026-06-21 16:22:38,970 [INFO] strategies.btc_5min: BTC5Min: 11 BTC markets found (mins-to-close: [1432.35, 1427.35, 1432.35, 1422.35, 1417.35, 1412.35, 1417.35, 1407.35, -2.65, -2.65, 7.35]), 0 in entry window [0.2–1.5 min]
2026-06-21 16:22:48,620 [INFO] leo.loops: Crypto signal: 19 opps, top edge=93.9%
2026-06-21 16:22:53,185 [INFO] api_clients.polymarket_client: Polymarket: loaded 1000 active markets
2026-06-21 16:23:00,044 [INFO] strategies.btc_5min: BTC5Min: 11 BTC markets found (mins-to-close: [1432.0, 1427.0, 1432.0, 1422.0, 1417.0, 1412.0, 1417.0, 1407.0, -3.0, -3.0, 7.0]), 0 in entry window [0.2–1.5 min]
2026-06-21 16:23:19,235 [INFO] leo.loops: Crypto signal: 19 opps, top edge=93.9%
2026-06-21 16:23:21,927 [INFO] strategies.btc_5min: BTC5Min: 11 BTC markets found (mins-to-close: [1431.63, 1426.63, 1431.63, 1421.63, 1416.63, 1411.63, 1416.63, 1406.63, -3.37, -3.37, 6.63]), 0 in entry window [0.2–1.5 min]
2026-06-21 16:23:24,746 [INFO] leo.loops: OracleSqueeze: 28 opps, top edge=23.0%
2026-06-21 16:23:30,082 [INFO] api_clients.polymarket_client: Polymarket: loaded 1000 active markets
2026-06-21 16:23:43,717 [INFO] strategies.btc_5min: BTC5Min: 11 BTC markets found (mins-to-close: [1431.27, 1426.27, 1431.27, 1421.27, 1416.27, 1411.27, 1416.27, 1406.27, -3.73, -3.73, 6.27]), 0 in entry window [0.2–1.5 min]
2026-06-21 16:23:49,829 [INFO] leo.loops: Crypto signal: 19 opps, top edge=93.9%
2026-06-21 16:24:05,027 [INFO] strategies.btc_5min: BTC5Min: 11 BTC markets found (mins-to-close: [1430.92, 1425.92, 1430.92, 1420.92, 1415.92, 1410.92, 1415.92, 1405.92, -4.08, -4.08, 5.92]), 0 in entry window [0.2–1.5 min]
2026-06-21 16:24:07,194 [INFO] api_clients.polymarket_client: Polymarket: loaded 1000 active markets
2026-06-21 16:24:20,218 [INFO] leo.loops: Crypto signal: 19 opps, top edge=95.0%
2026-06-21 16:24:21,301 [INFO] strategies.news_fade: NewsFade: spike down detected on 0xebb200cb08bbe89c2523a345947d083a992e27cc479cf1b5568407751e026d2c 64.50%->59.50%
2026-06-21 16:24:21,303 [INFO] strategies.news_fade: NewsFade: spike down detected on 0x77d982cb20d98c6521cc4692027993dfa42061dbe29b826bf610857d469a0c64 76.00%->71.00%
2026-06-21 16:24:21,303 [INFO] strategies.news_fade: NewsFade: spike down detected on 0xa1f8f905fdd624cbf809fcd224045724492a2abf111d5dd08dde284f5a5aeef5 1.50%->0.50%
2026-06-21 16:24:21,304 [INFO] strategies.news_fade: NewsFade: spike up detected on 0x6ac087d25a6e7cfcb1c6fbf3e52e8de2d1debd728da04e614fb3396725d5ace9 2.20%->2.40%
2026-06-21 16:24:21,305 [INFO] strategies.news_fade: NewsFade: spike down detected on 0x2a5116abe6628a1d36075ffecaaf726c0a862af23b676cb915a31d8d864c3c7a 42.50%->39.50%
2026-06-21 16:24:21,305 [INFO] strategies.news_fade: NewsFade: spike up detected on 0xf1a9dcb15405b68c46fcc0902beae0e6fc8a312cbbcd8962b42ed491dd8d8e09 41.00%->43.50%
2026-06-21 16:24:21,306 [INFO] leo.loops: FavoriteShort: 4 opps, top edge=4.0%
2026-06-21 16:24:24,749 [INFO] leo.loops: OracleSqueeze: 28 opps, top edge=23.0%
2026-06-21 16:24:26,235 [INFO] strategies.btc_5min: BTC5Min: 10 BTC markets found (mins-to-close: [1430.56, 1425.56, 1430.56, 1420.56, 1415.56, 1410.56, 1415.56, 1405.56, -4.44, 5.56]), 0 in entry window [0.2–1.5 min]
2026-06-21 16:24:33,207 [WARNING] api_clients.pyth_client: Pyth SSE disconnected: Response payload is not completed: <TransferEncodingError: 400, message='Not enough data to satisfy transfer length header.'>, retrying in 1s
2026-06-21 16:24:34,212 [INFO] api_clients.pyth_client: Pyth SSE: connecting…
2026-06-21 16:24:35,008 [INFO] api_clients.pyth_client: Pyth SSE: stream live
2026-06-21 16:24:38,664 [WARNING] api_clients.pyth_client: Pyth SSE disconnected: Response payload is not completed: <TransferEncodingError: 400, message='Not enough data to satisfy transfer length header.'>, retrying in 1s
2026-06-21 16:24:39,666 [INFO] api_clients.pyth_client: Pyth SSE: connecting…
2026-06-21 16:24:40,720 [INFO] api_clients.pyth_client: Pyth SSE: stream live
2026-06-21 16:24:43,487 [INFO] api_clients.polymarket_client: Polymarket: loaded 1000 active markets
2026-06-21 16:24:48,202 [INFO] strategies.btc_5min: BTC5Min: 11 BTC markets found (mins-to-close: [1430.2, 1425.2, 1430.2, 1420.2, 1415.2, 1410.2, 1415.2, 1405.2, -4.8, 5.2, 5.2]), 0 in entry window [0.2–1.5 min]
2026-06-21 16:24:50,786 [INFO] leo.loops: Crypto signal: 20 opps, top edge=95.0%
2026-06-21 16:25:10,113 [INFO] strategies.btc_5min: BTC5Min: 11 BTC markets found (mins-to-close: [1444.83, 1429.83, 1424.83, 1429.83, 1419.83, 1414.83, 1409.83, 1414.83, -5.17, 4.83, 4.83]), 0 in entry window [0.2–1.5 min]
2026-06-21 16:25:20,321 [INFO] api_clients.polymarket_client: Polymarket: loaded 1000 active markets
2026-06-21 16:25:21,439 [INFO] leo.loops: Crypto signal: 18 opps, top edge=95.0%
2026-06-21 16:25:24,752 [INFO] leo.loops: OracleSqueeze: 27 opps, top edge=23.0%
2026-06-21 16:25:31,175 [INFO] strategies.btc_5min: BTC5Min: 11 BTC markets found (mins-to-close: [1444.48, 1429.48, 1424.48, 1429.48, 1419.48, 1414.48, 1409.48, 1414.48, -5.52, 4.48, 4.48]), 0 in entry window [0.2–1.5 min]
2026-06-21 16:25:52,104 [INFO] leo.loops: Crypto signal: 18 opps, top edge=95.0%
2026-06-21 16:25:52,336 [INFO] strategies.btc_5min: BTC5Min: 11 BTC markets found (mins-to-close: [1444.13, 1429.13, 1424.13, 1429.13, 1419.13, 1414.13, 1409.13, 1414.13, -5.87, 4.13, 4.13]), 0 in entry window [0.2–1.5 min]
2026-06-21 16:25:57,606 [INFO] api_clients.polymarket_client: Polymarket: loaded 1000 active markets
2026-06-21 16:26:14,465 [INFO] strategies.btc_5min: BTC5Min: 10 BTC markets found (mins-to-close: [1443.76, 1428.76, 1423.76, 1428.76, 1418.76, 1413.76, 1408.76, 1413.76, 3.76, 3.76]), 0 in entry window [0.2–1.5 min]
2026-06-21 16:26:17,788 [INFO] leo.loops: OFI: 1 opps, top edge=5.1%
2026-06-21 16:26:22,671 [INFO] leo.loops: Crypto signal: 18 opps, top edge=95.0%
2026-06-21 16:26:24,755 [INFO] leo.loops: OracleSqueeze: 30 opps, top edge=23.0%
2026-06-21 16:26:33,973 [INFO] api_clients.polymarket_client: Polymarket: loaded 1000 active markets
2026-06-21 16:26:35,486 [INFO] strategies.btc_5min: BTC5Min: 9 BTC markets found (mins-to-close: [1443.41, 1428.41, 1423.41, 1428.41, 1418.41, 1413.41, 1408.41, 1413.41, 3.41]), 0 in entry window [0.2–1.5 min]
2026-06-21 16:26:53,256 [INFO] leo.loops: Crypto signal: 18 opps, top edge=95.0%
2026-06-21 16:26:56,868 [INFO] strategies.btc_5min: BTC5Min: 9 BTC markets found (mins-to-close: [1443.05, 1428.05, 1423.05, 1428.05, 1418.05, 1413.05, 1408.05, 1413.05, 3.05]), 0 in entry window [0.2–1.5 min]
2026-06-21 16:27:10,793 [INFO] api_clients.polymarket_client: Polymarket: loaded 1000 active markets
2026-06-21 16:27:18,301 [INFO] strategies.btc_5min: BTC5Min: 9 BTC markets found (mins-to-close: [1442.69, 1427.69, 1422.69, 1427.69, 1417.69, 1412.69, 1407.69, 1412.69, 2.69]), 0 in entry window [0.2–1.5 min]
2026-06-21 16:27:23,910 [INFO] leo.loops: Crypto signal: 18 opps, top edge=95.0%
2026-06-21 16:27:24,758 [INFO] leo.loops: OracleSqueeze: 30 opps, top edge=23.0%
2026-06-21 16:27:39,847 [INFO] strategies.btc_5min: BTC5Min: 9 BTC markets found (mins-to-close: [1442.34, 1427.34, 1422.34, 1427.34, 1417.34, 1412.34, 1407.34, 1412.34, 2.34]), 0 in entry window [0.2–1.5 min]
2026-06-21 16:27:47,425 [INFO] api_clients.polymarket_client: Polymarket: loaded 1000 active markets
2026-06-21 16:27:54,727 [INFO] leo.loops: Crypto signal: 18 opps, top edge=95.0%
2026-06-21 16:28:00,859 [INFO] strategies.btc_5min: BTC5Min: 9 BTC markets found (mins-to-close: [1441.99, 1426.99, 1421.99, 1426.99, 1416.99, 1411.99, 1406.99, 1411.99, 1.99]), 0 in entry window [0.2–1.5 min]
2026-06-21 16:28:21,868 [INFO] strategies.btc_5min: BTC5Min: 9 BTC markets found (mins-to-close: [1441.64, 1426.64, 1421.64, 1426.64, 1416.64, 1411.64, 1406.64, 1411.64, 1.64]), 0 in entry window [0.2–1.5 min]
2026-06-21 16:28:24,761 [INFO] leo.loops: OracleSqueeze: 30 opps, top edge=23.0%
2026-06-21 16:28:24,959 [INFO] api_clients.polymarket_client: Polymarket: loaded 1000 active markets
2026-06-21 16:28:25,295 [INFO] leo.loops: Crypto signal: 18 opps, top edge=95.0%
2026-06-21 16:28:43,769 [INFO] strategies.btc_5min: BTC5Min: 9 BTC markets found (mins-to-close: [1441.27, 1426.27, 1421.27, 1426.27, 1416.27, 1411.27, 1406.27, 1411.27, 1.27]), 1 in entry window [0.2–1.5 min]
2026-06-21 16:28:55,910 [INFO] leo.loops: Crypto signal: 18 opps, top edge=95.0%
2026-06-21 16:29:02,109 [INFO] api_clients.polymarket_client: Polymarket: loaded 1000 active markets
2026-06-21 16:29:05,605 [INFO] strategies.btc_5min: BTC5Min: 10 BTC markets found (mins-to-close: [1440.91, 1425.91, 1420.91, 1425.91, 1415.91, 1410.91, 1405.91, 1410.91, 0.91, 0.91]), 2 in entry window [0.2–1.5 min]
2026-06-21 16:29:21,292 [INFO] strategies.news_fade: NewsFade: spike up detected on 0x4022b7de9cb574a351918523e6988df533d45bc035d1e79373202bcbed0e0cec 27.50%->31.00%
2026-06-21 16:29:21,293 [INFO] strategies.news_fade: NewsFade: spike up detected on 0xe955eda79ad9ac1e9c055edc23fb5134eb2ace68508645d261c4de8db921f8fa 0.60%->0.65%
2026-06-21 16:29:21,293 [INFO] strategies.news_fade: NewsFade: spike down detected on 0x42cb969cd8364ef5321982264325eef6db695c5466d725eb8ffa2c89cc679f67 0.50%->0.05%
2026-06-21 16:29:21,294 [INFO] strategies.news_fade: NewsFade: spike down detected on 0xcf6d720419275db28d1ff371742a042c728619bbd00d562e5206caab9d8d3341 38.00%->32.50%
2026-06-21 16:29:21,294 [INFO] strategies.news_fade: NewsFade: spike up detected on 0x43272c02b8407ed3f8d5b04fb4cb132d7a59c5df6ecc423afcf66f1c778d1887 0.25%->0.35%
2026-06-21 16:29:21,294 [INFO] strategies.news_fade: NewsFade: spike down detected on 0xa0bc0c7db051defd2425c4d79fbfa1a0252cec4a987572562038a090922d412e 1.80%->1.55%
2026-06-21 16:29:21,294 [INFO] strategies.news_fade: NewsFade: spike down detected on 0xff3c9f5d48a4edd728e4fd555cbb1c05e7fbb5118c9d7d4dd778c8d9e68fec56 0.50%->0.05%
2026-06-21 16:29:21,295 [INFO] leo.loops: FavoriteShort: 4 opps, top edge=4.0%
2026-06-21 16:29:24,748 [INFO] leo.loops: OracleSqueeze: 27 opps, top edge=23.0%
2026-06-21 16:29:26,462 [INFO] leo.loops: Crypto signal: 18 opps, top edge=95.0%
2026-06-21 16:29:26,957 [INFO] strategies.btc_5min: BTC5Min: 10 BTC markets found (mins-to-close: [1440.55, 1425.55, 1420.55, 1425.55, 1415.55, 1410.55, 1405.55, 1410.55, 0.55, 0.55]), 2 in entry window [0.2–1.5 min]
2026-06-21 16:29:38,694 [INFO] api_clients.polymarket_client: Polymarket: loaded 1000 active markets
2026-06-21 16:29:48,581 [INFO] strategies.btc_5min: BTC5Min: 10 BTC markets found (mins-to-close: [1440.19, 1425.19, 1420.19, 1425.19, 1415.19, 1410.19, 1405.19, 1410.19, 0.19, 0.19]), 0 in entry window [0.2–1.5 min]
2026-06-21 16:29:57,383 [INFO] leo.loops: Crypto signal: 18 opps, top edge=95.0%
2026-06-21 16:30:10,373 [INFO] strategies.btc_5min: BTC5Min: 11 BTC markets found (mins-to-close: [1434.83, 1429.83, 1439.83, 1424.83, 1419.83, 1424.83, 1414.83, 1409.83, 1404.83, -0.17, -0.17]), 0 in entry window [0.2–1.5 min]
2026-06-21 16:30:16,053 [INFO] api_clients.polymarket_client: Polymarket: loaded 1000 active markets
2026-06-21 16:30:18,253 [INFO] leo.loops: OFI: 2 opps, top edge=8.8%
2026-06-21 16:30:24,738 [INFO] leo.loops: OracleSqueeze: 26 opps, top edge=23.0%
2026-06-21 16:30:28,470 [INFO] leo.loops: Crypto signal: 19 opps, top edge=95.0%
2026-06-21 16:30:28,737 [INFO] api_clients.forecast_client: Forecast: loaded 0 questions (0 meta, 0 manifold)
2026-06-21 16:30:31,723 [INFO] strategies.btc_5min: BTC5Min: 11 BTC markets found (mins-to-close: [1434.47, 1429.47, 1439.47, 1424.47, 1419.47, 1424.47, 1414.47, 1409.47, 1404.47, -0.53, -0.53]), 0 in entry window [0.2–1.5 min]
2026-06-21 16:30:52,932 [INFO] api_clients.polymarket_client: Polymarket: loaded 1000 active markets
2026-06-21 16:30:53,585 [INFO] strategies.btc_5min: BTC5Min: 13 BTC markets found (mins-to-close: [1434.11, 1429.11, 1439.11, 1424.11, 1419.11, 1424.11, 1414.11, 1409.11, 1404.11, -0.89, -0.89, -0.89, -0.89]), 0 in entry window [0.2–1.5 min]
2026-06-21 16:30:59,086 [INFO] leo.loops: Crypto signal: 18 opps, top edge=95.0%
2026-06-21 16:31:15,151 [INFO] strategies.btc_5min: BTC5Min: 13 BTC markets found (mins-to-close: [1433.75, 1428.75, 1438.75, 1423.75, 1418.75, 1423.75, 1413.75, 1408.75, 1403.75, -1.25, -1.25, -1.25, -1.25]), 0 in entry window [0.2–1.5 min]
2026-06-21 16:31:24,738 [INFO] leo.loops: OracleSqueeze: 26 opps, top edge=22.6%
2026-06-21 16:31:29,424 [INFO] leo.loops: Crypto signal: 18 opps, top edge=95.0%
2026-06-21 16:31:29,652 [INFO] api_clients.polymarket_client: Polymarket: loaded 1000 active markets
2026-06-21 16:31:36,284 [INFO] strategies.btc_5min: BTC5Min: 13 BTC markets found (mins-to-close: [1433.4, 1428.4, 1438.4, 1423.4, 1418.4, 1423.4, 1413.4, 1408.4, 1403.4, -1.6, -1.6, -1.6, -1.6]), 0 in entry window [0.2–1.5 min]
2026-06-21 16:31:58,275 [INFO] strategies.btc_5min: BTC5Min: 13 BTC markets found (mins-to-close: [1433.03, 1428.03, 1438.03, 1423.03, 1418.03, 1423.03, 1413.03, 1408.03, 1403.03, -1.97, -1.97, -1.97, -1.97]), 0 in entry window [0.2–1.5 min]
2026-06-21 16:32:00,061 [INFO] leo.loops: Crypto signal: 18 opps, top edge=95.0%
2026-06-21 16:32:06,190 [INFO] api_clients.polymarket_client: Polymarket: loaded 1000 active markets
2026-06-21 16:32:19,710 [INFO] strategies.btc_5min: BTC5Min: 13 BTC markets found (mins-to-close: [1432.67, 1427.67, 1437.67, 1422.67, 1417.67, 1422.67, 1412.67, 1407.67, 1402.67, -2.33, -2.33, -2.33, -2.33]), 0 in entry window [0.2–1.5 min]
2026-06-21 16:32:24,741 [INFO] leo.loops: OracleSqueeze: 27 opps, top edge=22.0%
2026-06-21 16:32:30,627 [INFO] leo.loops: Crypto signal: 18 opps, top edge=95.0%
2026-06-21 16:32:40,784 [INFO] strategies.btc_5min: BTC5Min: 13 BTC markets found (mins-to-close: [1432.32, 1427.32, 1437.32, 1422.32, 1417.32, 1422.32, 1412.32, 1407.32, 1402.32, -2.68, -2.68, -2.68, -2.68]), 0 in entry window [0.2–1.5 min]
2026-06-21 16:32:43,652 [INFO] api_clients.polymarket_client: Polymarket: loaded 1000 active markets
2026-06-21 16:33:01,628 [INFO] leo.loops: Crypto signal: 18 opps, top edge=95.0%
2026-06-21 16:33:02,151 [INFO] strategies.btc_5min: BTC5Min: 13 BTC markets found (mins-to-close: [1431.96, 1426.96, 1436.96, 1421.96, 1416.96, 1421.96, 1411.96, 1406.96, 1401.96, -3.04, -3.04, -3.04, -3.04]), 0 in entry window [0.2–1.5 min]
2026-06-21 16:33:19,073 [WARNING] api_clients.pyth_client: Pyth SSE disconnected: Response payload is not completed: <TransferEncodingError: 400, message='Not enough data to satisfy transfer length header.'>, retrying in 1s
2026-06-21 16:33:19,847 [INFO] api_clients.polymarket_client: Polymarket: loaded 1000 active markets
2026-06-21 16:33:20,077 [INFO] api_clients.pyth_client: Pyth SSE: connecting…
2026-06-21 16:33:20,733 [INFO] api_clients.pyth_client: Pyth SSE: stream live
2026-06-21 16:33:22,213 [WARNING] api_clients.pyth_client: Pyth SSE disconnected: Response payload is not completed: <TransferEncodingError: 400, message='Not enough data to satisfy transfer length header.'>, retrying in 1s
2026-06-21 16:33:23,216 [INFO] api_clients.pyth_client: Pyth SSE: connecting…
2026-06-21 16:33:23,295 [INFO] strategies.btc_5min: BTC5Min: 13 BTC markets found (mins-to-close: [1431.61, 1426.61, 1436.61, 1421.61, 1416.61, 1421.61, 1411.61, 1406.61, 1401.61, -3.39, -3.39, -3.39, -3.39]), 0 in entry window [0.2–1.5 min]
2026-06-21 16:33:24,170 [INFO] api_clients.pyth_client: Pyth SSE: stream live
2026-06-21 16:33:24,745 [INFO] leo.loops: OracleSqueeze: 27 opps, top edge=22.0%
2026-06-21 16:33:32,194 [INFO] leo.loops: Crypto signal: 18 opps, top edge=95.0%
2026-06-21 16:33:44,954 [INFO] strategies.btc_5min: BTC5Min: 13 BTC markets found (mins-to-close: [1431.25, 1426.25, 1436.25, 1421.25, 1416.25, 1421.25, 1411.25, 1406.25, 1401.25, -3.75, -3.75, -3.75, -3.75]), 0 in entry window [0.2–1.5 min]
2026-06-21 16:33:56,842 [INFO] api_clients.polymarket_client: Polymarket: loaded 1000 active markets
2026-06-21 16:34:02,813 [INFO] leo.loops: Crypto signal: 18 opps, top edge=95.0%
2026-06-21 16:34:06,288 [INFO] strategies.btc_5min: BTC5Min: 13 BTC markets found (mins-to-close: [1430.9, 1425.9, 1435.9, 1420.9, 1415.9, 1420.9, 1410.9, 1405.9, 1400.9, -4.1, -4.1, -4.1, -4.1]), 0 in entry window [0.2–1.5 min]
2026-06-21 16:34:21,276 [INFO] strategies.news_fade: NewsFade: spike down detected on 0xe8c4faf45974a68fa5b72d7bb52012a249357454f17235f14e310dc4bb526a99 0.80%->0.75%
2026-06-21 16:34:21,277 [INFO] leo.loops: FavoriteShort: 4 opps, top edge=4.0%
2026-06-21 16:34:24,748 [INFO] leo.loops: OracleSqueeze: 26 opps, top edge=22.0%
2026-06-21 16:34:27,593 [INFO] strategies.btc_5min: BTC5Min: 13 BTC markets found (mins-to-close: [1430.54, 1425.54, 1435.54, 1420.54, 1415.54, 1420.54, 1410.54, 1405.54, 1400.54, -4.46, -4.46, -4.46, -4.46]), 0 in entry window [0.2–1.5 min]
2026-06-21 16:34:33,147 [INFO] leo.loops: Crypto signal: 18 opps, top edge=95.0%
2026-06-21 16:34:33,716 [INFO] api_clients.polymarket_client: Polymarket: loaded 1000 active markets
2026-06-21 16:34:49,148 [INFO] strategies.btc_5min: BTC5Min: 11 BTC markets found (mins-to-close: [1430.18, 1425.18, 1435.18, 1420.18, 1415.18, 1420.18, 1410.18, 1405.18, 1400.18, -4.82, -4.82]), 0 in entry window [0.2–1.5 min]
2026-06-21 16:35:03,736 [INFO] leo.loops: Crypto signal: 18 opps, top edge=95.0%
2026-06-21 16:35:10,756 [INFO] api_clients.polymarket_client: Polymarket: loaded 1000 active markets
2026-06-21 16:35:10,846 [INFO] strategies.btc_5min: BTC5Min: 10 BTC markets found (mins-to-close: [1434.82, 1429.82, 1424.82, 1434.82, 1419.82, 1414.82, 1419.82, 1409.82, -5.18, -5.18]), 0 in entry window [0.2–1.5 min]
2026-06-21 16:35:24,752 [INFO] leo.loops: OracleSqueeze: 31 opps, top edge=22.5%
2026-06-21 16:35:32,678 [INFO] strategies.btc_5min: BTC5Min: 10 BTC markets found (mins-to-close: [1434.46, 1429.46, 1424.46, 1434.46, 1419.46, 1414.46, 1419.46, 1409.46, -5.54, -5.54]), 0 in entry window [0.2–1.5 min]
2026-06-21 16:35:34,360 [INFO] leo.loops: Crypto signal: 18 opps, top edge=94.1%
2026-06-21 16:35:47,263 [INFO] api_clients.polymarket_client: Polymarket: loaded 1000 active markets
2026-06-21 16:35:54,645 [INFO] strategies.btc_5min: BTC5Min: 9 BTC markets found (mins-to-close: [1434.09, 1429.09, 1424.09, 1434.09, 1419.09, 1414.09, 1419.09, 1409.09, -0.91]), 0 in entry window [0.2–1.5 min]
2026-06-21 16:36:05,043 [INFO] leo.loops: Crypto signal: 18 opps, top edge=94.1%
2026-06-21 16:36:15,814 [INFO] strategies.btc_5min: BTC5Min: 9 BTC markets found (mins-to-close: [1433.74, 1428.74, 1423.74, 1433.74, 1418.74, 1413.74, 1418.74, 1408.74, -1.26]), 0 in entry window [0.2–1.5 min]
2026-06-21 16:36:24,095 [INFO] api_clients.polymarket_client: Polymarket: loaded 1000 active markets
2026-06-21 16:36:24,756 [INFO] leo.loops: OracleSqueeze: 27 opps, top edge=22.5%
2026-06-21 16:36:35,375 [INFO] leo.loops: Crypto signal: 18 opps, top edge=95.0%
2026-06-21 16:36:36,677 [INFO] strategies.btc_5min: BTC5Min: 9 BTC markets found (mins-to-close: [1433.39, 1428.39, 1423.39, 1433.39, 1418.39, 1413.39, 1418.39, 1408.39, -1.61]), 0 in entry window [0.2–1.5 min]
2026-06-21 16:36:58,506 [INFO] strategies.btc_5min: BTC5Min: 9 BTC markets found (mins-to-close: [1433.02, 1428.02, 1423.02, 1433.02, 1418.02, 1413.02, 1418.02, 1408.02, -1.98]), 0 in entry window [0.2–1.5 min]
2026-06-21 16:37:01,296 [INFO] api_clients.polymarket_client: Polymarket: loaded 1000 active markets
2026-06-21 16:37:05,958 [INFO] leo.loops: Crypto signal: 18 opps, top edge=95.0%
2026-06-21 16:37:20,136 [INFO] strategies.btc_5min: BTC5Min: 9 BTC markets found (mins-to-close: [1432.66, 1427.66, 1422.66, 1432.66, 1417.66, 1412.66, 1417.66, 1407.66, -2.34]), 0 in entry window [0.2–1.5 min]
2026-06-21 16:37:24,759 [INFO] leo.loops: OracleSqueeze: 28 opps, top edge=22.5%
2026-06-21 16:37:36,346 [INFO] leo.loops: Crypto signal: 18 opps, top edge=95.0%
2026-06-21 16:37:37,638 [INFO] api_clients.polymarket_client: Polymarket: loaded 1000 active markets
2026-06-21 16:37:41,516 [INFO] strategies.btc_5min: BTC5Min: 9 BTC markets found (mins-to-close: [1432.31, 1427.31, 1422.31, 1432.31, 1417.31, 1412.31, 1417.31, 1407.31, -2.69]), 0 in entry window [0.2–1.5 min]
2026-06-21 16:38:03,655 [INFO] strategies.btc_5min: BTC5Min: 9 BTC markets found (mins-to-close: [1431.94, 1426.94, 1421.94, 1431.94, 1416.94, 1411.94, 1416.94, 1406.94, -3.06]), 0 in entry window [0.2–1.5 min]
2026-06-21 16:38:06,972 [INFO] leo.loops: Crypto signal: 18 opps, top edge=95.0%
2026-06-21 16:38:14,610 [INFO] api_clients.polymarket_client: Polymarket: loaded 1000 active markets
2026-06-21 16:38:24,762 [INFO] leo.loops: OracleSqueeze: 28 opps, top edge=22.5%
2026-06-21 16:38:25,213 [INFO] strategies.btc_5min: BTC5Min: 9 BTC markets found (mins-to-close: [1431.58, 1426.58, 1421.58, 1431.58, 1416.58, 1411.58, 1416.58, 1406.58, -3.42]), 0 in entry window [0.2–1.5 min]
2026-06-21 16:38:37,567 [INFO] leo.loops: Crypto signal: 18 opps, top edge=95.0%
2026-06-21 16:38:46,551 [INFO] strategies.btc_5min: BTC5Min: 9 BTC markets found (mins-to-close: [1431.22, 1426.22, 1421.22, 1431.22, 1416.22, 1411.22, 1416.22, 1406.22, -3.78]), 0 in entry window [0.2–1.5 min]
2026-06-21 16:38:51,472 [INFO] api_clients.polymarket_client: Polymarket: loaded 1000 active markets
2026-06-21 16:39:06,083 [WARNING] api_clients.pyth_client: Pyth SSE disconnected: Response payload is not completed: <TransferEncodingError: 400, message='Not enough data to satisfy transfer length header.'>, retrying in 1s
2026-06-21 16:39:07,086 [INFO] api_clients.pyth_client: Pyth SSE: connecting…
2026-06-21 16:39:08,050 [INFO] api_clients.pyth_client: Pyth SSE: stream live
2026-06-21 16:39:08,218 [INFO] leo.loops: Crypto signal: 18 opps, top edge=95.0%
2026-06-21 16:39:08,542 [INFO] strategies.btc_5min: BTC5Min: 9 BTC markets found (mins-to-close: [1430.86, 1425.86, 1420.86, 1430.86, 1415.86, 1410.86, 1415.86, 1405.86, -4.14]), 0 in entry window [0.2–1.5 min]
2026-06-21 16:39:08,553 [WARNING] api_clients.pyth_client: Pyth SSE disconnected: Response payload is not completed: <TransferEncodingError: 400, message='Not enough data to satisfy transfer length header.'>, retrying in 1s
2026-06-21 16:39:09,555 [INFO] api_clients.pyth_client: Pyth SSE: connecting…
2026-06-21 16:39:10,458 [INFO] api_clients.pyth_client: Pyth SSE: stream live
2026-06-21 16:39:21,276 [INFO] strategies.news_fade: NewsFade: spike down detected on 0x27522dcf5698077665207c5479ac76741b052b2b57199d86f061d1e0dd3ef84a 72.40%->58.05%
2026-06-21 16:39:21,278 [INFO] strategies.news_fade: NewsFade: spike down detected on 0xe1bcc06698c334b73add34fa23d3a946bdb604118dc8ee326b40a53f367d5c26 8.50%->7.50%
2026-06-21 16:39:21,278 [INFO] strategies.news_fade: NewsFade: spike up detected on 0x8062cf78d93f9202f4c0a1018d141f4af35d486a368f07e65265f27d48b4e040 35.50%->46.50%
2026-06-21 16:39:21,279 [INFO] strategies.news_fade: NewsFade: spike up detected on 0x676c3f1becf1353cc8fbae7c58e1f07be3de1206ce45347751775577f5550878 0.95%->1.65%
2026-06-21 16:39:21,279 [INFO] strategies.news_fade: NewsFade: spike down detected on 0xc0e344654e8e780abca7605558842cfae27e4689b80d48f044141f6be8b2d96e 0.15%->0.10%
2026-06-21 16:39:21,279 [INFO] strategies.news_fade: NewsFade: spike down detected on 0x271660fedc0b7e2fb1d7f007b704e67102cb29d3def2ebaa66018041430d1fe0 10.00%->9.10%
2026-06-21 16:39:21,279 [INFO] strategies.news_fade: NewsFade: spike down detected on 0x035b38bea31637486e1135aaefba1985893120f920af44104a0019bc0a85eee0 62.50%->57.50%
2026-06-21 16:39:21,280 [INFO] leo.loops: FavoriteShort: 4 opps, top edge=4.0%
2026-06-21 16:39:24,764 [INFO] leo.loops: OracleSqueeze: 28 opps, top edge=22.5%
2026-06-21 16:39:27,791 [INFO] api_clients.polymarket_client: Polymarket: loaded 1000 active markets
2026-06-21 16:39:29,853 [INFO] strategies.btc_5min: BTC5Min: 10 BTC markets found (mins-to-close: [1430.5, 1425.5, 1420.5, 1430.5, 1415.5, 1410.5, 1415.5, 1405.5, -4.5, 0.5]), 1 in entry window [0.2–1.5 min]
2026-06-21 16:39:30,580 [INFO] leo.loops: BTC5Min: 1 opps, top edge=24.4%
2026-06-21 16:39:38,853 [INFO] leo.loops: Crypto signal: 18 opps, top edge=94.0%
2026-06-21 16:39:51,982 [INFO] strategies.btc_5min: BTC5Min: 10 BTC markets found (mins-to-close: [1430.13, 1425.13, 1420.13, 1430.13, 1415.13, 1410.13, 1415.13, 1405.13, -4.87, 0.13]), 0 in entry window [0.2–1.5 min]
2026-06-21 16:40:06,553 [INFO] api_clients.polymarket_client: Polymarket: loaded 1000 active markets
2026-06-21 16:40:09,460 [INFO] leo.loops: Crypto signal: 18 opps, top edge=94.0%
2026-06-21 16:40:13,427 [INFO] strategies.btc_5min: BTC5Min: 11 BTC markets found (mins-to-close: [1434.78, 1429.78, 1424.78, 1419.78, 1429.78, 1414.78, 1409.78, 1414.78, 1404.78, -5.22, -0.22]), 0 in entry window [0.2–1.5 min]
2026-06-21 16:40:24,767 [INFO] leo.loops: OracleSqueeze: 26 opps, top edge=22.5%
2026-06-21 16:40:34,890 [INFO] strategies.btc_5min: BTC5Min: 11 BTC markets found (mins-to-close: [1434.42, 1429.42, 1424.42, 1419.42, 1429.42, 1414.42, 1409.42, 1414.42, 1404.42, -5.58, -0.58]), 0 in entry window [0.2–1.5 min]
2026-06-21 16:40:40,013 [INFO] leo.loops: Crypto signal: 18 opps, top edge=94.0%
2026-06-21 16:40:43,428 [INFO] api_clients.polymarket_client: Polymarket: loaded 1000 active markets
2026-06-21 16:40:56,649 [INFO] strategies.btc_5min: BTC5Min: 11 BTC markets found (mins-to-close: [1434.06, 1429.06, 1424.06, 1419.06, 1429.06, 1414.06, 1409.06, 1414.06, 1404.06, -5.94, -0.94]), 0 in entry window [0.2–1.5 min]
2026-06-21 16:41:10,574 [INFO] leo.loops: Crypto signal: 19 opps, top edge=94.0%
2026-06-21 16:41:17,949 [INFO] strategies.btc_5min: BTC5Min: 11 BTC markets found (mins-to-close: [1433.7, 1428.7, 1423.7, 1418.7, 1428.7, 1413.7, 1408.7, 1413.7, 1403.7, -6.3, -1.3]), 0 in entry window [0.2–1.5 min]
2026-06-21 16:41:20,830 [INFO] api_clients.polymarket_client: Polymarket: loaded 1000 active markets
2026-06-21 16:41:24,771 [INFO] leo.loops: OracleSqueeze: 24 opps, top edge=23.0%
2026-06-21 16:41:31,889 [WARNING] api_clients.binance_client: Coinbase candle fetch failed (BTCUSDT): 
2026-06-21 16:41:39,300 [INFO] strategies.btc_5min: BTC5Min: 12 BTC markets found (mins-to-close: [1433.34, 1428.34, 1423.34, 1418.34, 1428.34, 1413.34, 1408.34, 1413.34, 1403.34, -1.66, -1.66, 3.34]), 0 in entry window [0.2–1.5 min]
2026-06-21 16:41:41,382 [INFO] leo.loops: Crypto signal: 18 opps, top edge=94.0%
2026-06-21 16:41:57,131 [INFO] api_clients.polymarket_client: Polymarket: loaded 1000 active markets
2026-06-21 16:42:00,729 [INFO] strategies.btc_5min: BTC5Min: 12 BTC markets found (mins-to-close: [1432.99, 1427.99, 1422.99, 1417.99, 1427.99, 1412.99, 1407.99, 1412.99, 1402.99, -2.01, -2.01, 2.99]), 0 in entry window [0.2–1.5 min]
2026-06-21 16:42:12,267 [INFO] leo.loops: Crypto signal: 19 opps, top edge=93.9%
2026-06-21 16:42:22,080 [INFO] strategies.btc_5min: BTC5Min: 12 BTC markets found (mins-to-close: [1432.63, 1427.63, 1422.63, 1417.63, 1427.63, 1412.63, 1407.63, 1412.63, 1402.63, -2.37, -2.37, 2.63]), 0 in entry window [0.2–1.5 min]
2026-06-21 16:42:24,774 [INFO] leo.loops: OracleSqueeze: 24 opps, top edge=23.0%
2026-06-21 16:42:34,049 [INFO] api_clients.polymarket_client: Polymarket: loaded 1000 active markets
2026-06-21 16:42:42,831 [INFO] leo.loops: Crypto signal: 19 opps, top edge=93.9%
2026-06-21 16:42:43,110 [INFO] strategies.btc_5min: BTC5Min: 12 BTC markets found (mins-to-close: [1432.28, 1427.28, 1422.28, 1417.28, 1427.28, 1412.28, 1407.28, 1412.28, 1402.28, -2.72, -2.72, 2.28]), 0 in entry window [0.2–1.5 min]
2026-06-21 16:43:05,012 [INFO] strategies.btc_5min: BTC5Min: 12 BTC markets found (mins-to-close: [1431.92, 1426.92, 1421.92, 1416.92, 1426.92, 1411.92, 1406.92, 1411.92, 1401.92, -3.08, -3.08, 1.92]), 0 in entry window [0.2–1.5 min]
2026-06-21 16:43:10,453 [INFO] api_clients.polymarket_client: Polymarket: loaded 1000 active markets
2026-06-21 16:43:13,458 [INFO] leo.loops: Crypto signal: 18 opps, top edge=93.9%
2026-06-21 16:43:24,778 [INFO] leo.loops: OracleSqueeze: 24 opps, top edge=23.0%
2026-06-21 16:43:26,640 [INFO] strategies.btc_5min: BTC5Min: 12 BTC markets found (mins-to-close: [1431.56, 1426.56, 1421.56, 1416.56, 1426.56, 1411.56, 1406.56, 1411.56, 1401.56, -3.44, -3.44, 1.56]), 0 in entry window [0.2–1.5 min]
2026-06-21 16:43:44,026 [INFO] leo.loops: Crypto signal: 18 opps, top edge=93.9%
2026-06-21 16:43:47,788 [INFO] api_clients.polymarket_client: Polymarket: loaded 1000 active markets
2026-06-21 16:43:47,915 [INFO] strategies.btc_5min: BTC5Min: 12 BTC markets found (mins-to-close: [1431.2, 1426.2, 1421.2, 1416.2, 1426.2, 1411.2, 1406.2, 1411.2, 1401.2, -3.8, -3.8, 1.2]), 1 in entry window [0.2–1.5 min]
2026-06-21 16:44:10,624 [INFO] strategies.btc_5min: BTC5Min: 12 BTC markets found (mins-to-close: [1430.82, 1425.82, 1420.82, 1415.82, 1425.82, 1410.82, 1405.82, 1410.82, 1400.82, -4.18, -4.18, 0.82]), 1 in entry window [0.2–1.5 min]
2026-06-21 16:44:14,588 [INFO] leo.loops: Crypto signal: 18 opps, top edge=93.9%
2026-06-21 16:44:21,279 [INFO] strategies.news_fade: NewsFade: spike down detected on 0x413da7343afd0147d2a799ff849c19c68c25161c33802e1f63fdea032c7f1a6f 44.50%->36.50%
2026-06-21 16:44:21,280 [INFO] strategies.news_fade: NewsFade: spike down detected on 0x9e6efc35e18b1bfec85ac55722ec63db2b531dfd24c767b34989ca935b09d077 8.00%->6.00%
2026-06-21 16:44:21,281 [INFO] strategies.news_fade: NewsFade: spike up detected on 0x70b0f4faf66b4a5e6e7bf47b6b20955e07e2573084238449c1ee68e08a387799 52.00%->56.50%
2026-06-21 16:44:21,282 [INFO] strategies.news_fade: NewsFade: spike up detected on 0x23575547a6d113666b134e86ab3a8dd1a1e4da093b51a3f0805ee9ffbde94260 24.50%->26.00%
2026-06-21 16:44:21,282 [INFO] strategies.news_fade: NewsFade: spike down detected on 0x75ab466b01a88c46673bdad7bfa004e349b914fd0fa1daf6448d4761904c82bc 8.00%->0.05%
2026-06-21 16:44:21,283 [INFO] strategies.news_fade: NewsFade: spike down detected on 0xf3d46066394e886695391eec383b0064673909752ba0fceae81250bdaf295aee 19.50%->14.50%
2026-06-21 16:44:21,284 [INFO] leo.loops: FavoriteShort: 4 opps, top edge=4.0%
2026-06-21 16:44:24,336 [INFO] api_clients.polymarket_client: Polymarket: loaded 1000 active markets
2026-06-21 16:44:24,780 [INFO] leo.loops: OracleSqueeze: 23 opps, top edge=23.0%
2026-06-21 16:44:32,441 [INFO] strategies.btc_5min: BTC5Min: 13 BTC markets found (mins-to-close: [1430.46, 1425.46, 1420.46, 1415.46, 1425.46, 1410.46, 1405.46, 1410.46, 1400.46, -4.54, 0.46, 0.46, 0.46]), 3 in entry window [0.2–1.5 min]
2026-06-21 16:44:44,926 [INFO] leo.loops: Crypto signal: 18 opps, top edge=93.9%
2026-06-21 16:44:50,631 [INFO] api_clients.weather_client: Weather: refreshed 13 city forecasts
2026-06-21 16:44:50,637 [INFO] leo.loops: Weather: 15 opps, top edge=97.8%
2026-06-21 16:44:53,731 [INFO] strategies.btc_5min: BTC5Min: 13 BTC markets found (mins-to-close: [1430.1, 1425.1, 1420.1, 1415.1, 1425.1, 1410.1, 1405.1, 1410.1, 1400.1, -4.9, 0.1, 0.1, 0.1]), 0 in entry window [0.2–1.5 min]
2026-06-21 16:45:01,076 [INFO] api_clients.polymarket_client: Polymarket: loaded 1000 active markets
2026-06-21 16:45:15,206 [INFO] strategies.btc_5min: BTC5Min: 6 BTC markets found (mins-to-close: [1434.75, 1439.75, -5.25, -0.25, -0.25, -0.25]), 0 in entry window [0.2–1.5 min]
2026-06-21 16:45:15,791 [INFO] leo.loops: Crypto signal: 19 opps, top edge=93.9%
2026-06-21 16:45:24,789 [INFO] leo.loops: OracleSqueeze: 23 opps, top edge=23.0%
2026-06-21 16:45:29,739 [INFO] api_clients.forecast_client: Forecast: loaded 0 questions (0 meta, 0 manifold)
2026-06-21 16:45:36,911 [INFO] strategies.btc_5min: BTC5Min: 6 BTC markets found (mins-to-close: [1434.38, 1439.38, -5.62, -0.62, -0.62, -0.62]), 0 in entry window [0.2–1.5 min]
2026-06-21 16:45:38,900 [INFO] api_clients.polymarket_client: Polymarket: loaded 1000 active markets
2026-06-21 16:45:46,394 [INFO] leo.loops: Crypto signal: 18 opps, top edge=93.9%
2026-06-21 16:45:58,210 [INFO] strategies.btc_5min: BTC5Min: 6 BTC markets found (mins-to-close: [1434.03, 1439.03, -5.97, -0.97, -0.97, -0.97]), 0 in entry window [0.2–1.5 min]
2026-06-21 16:46:16,049 [INFO] api_clients.polymarket_client: Polymarket: loaded 1000 active markets
2026-06-21 16:46:16,993 [INFO] leo.loops: Crypto signal: 18 opps, top edge=95.0%
2026-06-21 16:46:19,582 [INFO] strategies.btc_5min: BTC5Min: 5 BTC markets found (mins-to-close: [1433.67, 1438.67, -1.33, -1.33, -1.33]), 0 in entry window [0.2–1.5 min]
2026-06-21 16:46:20,054 [INFO] leo.loops: OFI: 1 opps, top edge=6.7%
2026-06-21 16:46:24,797 [INFO] leo.loops: OracleSqueeze: 28 opps, top edge=21.5%
2026-06-21 16:46:40,884 [INFO] strategies.btc_5min: BTC5Min: 5 BTC markets found (mins-to-close: [1433.32, 1438.32, -1.68, -1.68, -1.68]), 0 in entry window [0.2–1.5 min]
2026-06-21 16:46:47,563 [INFO] leo.loops: Crypto signal: 18 opps, top edge=95.0%
2026-06-21 16:46:52,647 [INFO] api_clients.polymarket_client: Polymarket: loaded 1000 active markets
2026-06-21 16:47:02,212 [INFO] strategies.btc_5min: BTC5Min: 5 BTC markets found (mins-to-close: [1432.96, 1437.96, -2.04, -2.04, -2.04]), 0 in entry window [0.2–1.5 min]
2026-06-21 16:47:18,438 [INFO] leo.loops: Crypto signal: 19 opps, top edge=93.9%
2026-06-21 16:47:23,832 [INFO] strategies.btc_5min: BTC5Min: 5 BTC markets found (mins-to-close: [1432.6, 1437.6, -2.4, -2.4, -2.4]), 0 in entry window [0.2–1.5 min]
2026-06-21 16:47:24,798 [INFO] leo.loops: OracleSqueeze: 29 opps, top edge=21.5%
2026-06-21 16:47:29,465 [INFO] api_clients.polymarket_client: Polymarket: loaded 1000 active markets
2026-06-21 16:47:45,651 [INFO] strategies.btc_5min: BTC5Min: 5 BTC markets found (mins-to-close: [1432.24, 1437.24, -2.76, -2.76, -2.76]), 0 in entry window [0.2–1.5 min]
2026-06-21 16:47:49,111 [INFO] leo.loops: Crypto signal: 19 opps, top edge=93.9%
2026-06-21 16:48:06,667 [INFO] api_clients.polymarket_client: Polymarket: loaded 1000 active markets
2026-06-21 16:48:07,369 [INFO] strategies.btc_5min: BTC5Min: 5 BTC markets found (mins-to-close: [1431.88, 1436.88, -3.12, -3.12, -3.12]), 0 in entry window [0.2–1.5 min]
2026-06-21 16:48:20,002 [INFO] leo.loops: Crypto signal: 19 opps, top edge=93.9%
2026-06-21 16:48:20,243 [INFO] leo.loops: OFI: 1 opps, top edge=7.2%
2026-06-21 16:48:24,800 [INFO] leo.loops: OracleSqueeze: 29 opps, top edge=21.5%
2026-06-21 16:48:29,051 [INFO] strategies.btc_5min: BTC5Min: 5 BTC markets found (mins-to-close: [1431.52, 1436.52, -3.48, -3.48, -3.48]), 0 in entry window [0.2–1.5 min]
2026-06-21 16:48:43,253 [INFO] api_clients.polymarket_client: Polymarket: loaded 1000 active markets
2026-06-21 16:48:50,395 [INFO] strategies.btc_5min: BTC5Min: 5 BTC markets found (mins-to-close: [1431.16, 1436.16, -3.84, -3.84, -3.84]), 0 in entry window [0.2–1.5 min]
2026-06-21 16:48:50,436 [INFO] leo.loops: Crypto signal: 19 opps, top edge=93.9%
2026-06-21 16:49:12,491 [INFO] strategies.btc_5min: BTC5Min: 5 BTC markets found (mins-to-close: [1430.79, 1435.79, -4.21, -4.21, -4.21]), 0 in entry window [0.2–1.5 min]
2026-06-21 16:49:19,996 [INFO] api_clients.polymarket_client: Polymarket: loaded 1000 active markets
2026-06-21 16:49:21,030 [INFO] leo.loops: Crypto signal: 18 opps, top edge=93.9%
2026-06-21 16:49:21,292 [INFO] strategies.news_fade: NewsFade: spike down detected on 0x6bd38225e20be4f4953e027150092ed70c09288cd978f079fd2ff411b8b5183e 0.60%->0.45%
2026-06-21 16:49:21,293 [INFO] strategies.news_fade: NewsFade: spike down detected on 0x79e25e8748da66060d9d6a123a1df90d7904ef707b313c2a899edfd71fd49df9 6.15%->5.05%
2026-06-21 16:49:21,293 [INFO] strategies.news_fade: NewsFade: spike up detected on 0x95724e9465b99bd8faf3f834c9583a78799548aa897b6e1826b35ceaef246085 2.55%->2.90%
2026-06-21 16:49:21,293 [INFO] strategies.news_fade: NewsFade: spike up detected on 0xacfc843170791970f3d730112fcb9937d2c6f25d83480113dbff300ef12d9163 0.40%->0.45%
2026-06-21 16:49:21,293 [INFO] strategies.news_fade: NewsFade: spike down detected on 0xc12b550c2be5c4aaefa6a88a0c047144ea50bf0c88ac32744024a9b194a8a0e2 52.50%->45.50%
2026-06-21 16:49:21,294 [INFO] strategies.news_fade: NewsFade: spike up detected on 0xa1b9197a70166b28f64766c468da80dbfced6e64efac9b80d87cac9c0e1540aa 0.45%->0.50%
2026-06-21 16:49:21,294 [INFO] strategies.news_fade: NewsFade: spike down detected on 0x61b1f622fd1e1f36d5ad797167c9a4dfad332a6e143b75d6283e82cedd154cdf 2.50%->1.10%
2026-06-21 16:49:21,294 [INFO] strategies.news_fade: NewsFade: spike down detected on 0x74cff4f2fa829c29f677232157c2793bb8b1ee836c9978ffe9e426182cc7244f 0.80%->0.75%
2026-06-21 16:49:21,295 [INFO] strategies.news_fade: NewsFade: spike up detected on 0xc83af306cefdfcca945c5ff688c0bb9bafd2a98920dd427ef6f06dd803d7642b 0.05%->0.15%
2026-06-21 16:49:21,295 [INFO] strategies.news_fade: NewsFade: spike up detected on 0x2c25a78eefc6dd604c562578793ceb8479c85b5e213e4fd9af92f78e22078ba2 0.45%->0.60%
2026-06-21 16:49:21,296 [INFO] leo.loops: FavoriteShort: 5 opps, top edge=4.0%
2026-06-21 16:49:24,802 [INFO] leo.loops: OracleSqueeze: 30 opps, top edge=21.5%
2026-06-21 16:49:33,906 [INFO] strategies.btc_5min: BTC5Min: 3 BTC markets found (mins-to-close: [1430.43, 1435.43, -4.57]), 0 in entry window [0.2–1.5 min]
2026-06-21 16:49:51,351 [INFO] leo.loops: Crypto signal: 19 opps, top edge=93.9%
2026-06-21 16:49:55,217 [INFO] strategies.btc_5min: BTC5Min: 3 BTC markets found (mins-to-close: [1430.08, 1435.08, -4.92]), 0 in entry window [0.2–1.5 min]
2026-06-21 16:49:57,581 [INFO] api_clients.polymarket_client: Polymarket: loaded 1000 active markets
2026-06-21 16:50:17,493 [INFO] strategies.btc_5min: BTC5Min: 3 BTC markets found (mins-to-close: [1434.71, 1429.71, -5.29]), 0 in entry window [0.2–1.5 min]
2026-06-21 16:50:22,231 [INFO] leo.loops: Crypto signal: 19 opps, top edge=93.9%
2026-06-21 16:50:24,806 [INFO] leo.loops: OracleSqueeze: 30 opps, top edge=21.5%
2026-06-21 16:50:33,877 [INFO] api_clients.polymarket_client: Polymarket: loaded 1000 active markets
2026-06-21 16:50:39,082 [INFO] strategies.btc_5min: BTC5Min: 3 BTC markets found (mins-to-close: [1434.35, 1429.35, -5.65]), 0 in entry window [0.2–1.5 min]
2026-06-21 16:50:52,564 [INFO] leo.loops: Crypto signal: 17 opps, top edge=93.9%
2026-06-21 16:51:00,506 [INFO] strategies.btc_5min: BTC5Min: 3 BTC markets found (mins-to-close: [1433.99, 1428.99, -6.01]), 0 in entry window [0.2–1.5 min]
2026-06-21 16:51:10,715 [INFO] api_clients.polymarket_client: Polymarket: loaded 1000 active markets
2026-06-21 16:51:22,175 [INFO] strategies.btc_5min: BTC5Min: 3 BTC markets found (mins-to-close: [1433.63, 1428.63, -1.37]), 0 in entry window [0.2–1.5 min]
2026-06-21 16:51:23,192 [INFO] leo.loops: Crypto signal: 17 opps, top edge=93.9%
2026-06-21 16:51:24,810 [INFO] leo.loops: OracleSqueeze: 28 opps, top edge=23.0%
2026-06-21 16:51:43,562 [INFO] strategies.btc_5min: BTC5Min: 3 BTC markets found (mins-to-close: [1433.27, 1428.27, -1.73]), 0 in entry window [0.2–1.5 min]
2026-06-21 16:51:47,944 [INFO] api_clients.polymarket_client: Polymarket: loaded 1000 active markets
2026-06-21 16:51:53,925 [INFO] leo.loops: Crypto signal: 18 opps, top edge=93.8%
2026-06-21 16:52:05,272 [INFO] strategies.btc_5min: BTC5Min: 3 BTC markets found (mins-to-close: [1432.91, 1427.91, -2.09]), 0 in entry window [0.2–1.5 min]
2026-06-21 16:52:24,650 [INFO] api_clients.polymarket_client: Polymarket: loaded 1000 active markets
2026-06-21 16:52:24,815 [INFO] leo.loops: OracleSqueeze: 25 opps, top edge=23.0%
2026-06-21 16:52:25,220 [INFO] leo.loops: Crypto signal: 18 opps, top edge=93.8%
2026-06-21 16:52:26,757 [INFO] strategies.btc_5min: BTC5Min: 3 BTC markets found (mins-to-close: [1432.55, 1427.55, -2.45]), 0 in entry window [0.2–1.5 min]
2026-06-21 16:52:48,199 [INFO] strategies.btc_5min: BTC5Min: 3 BTC markets found (mins-to-close: [1432.2, 1427.2, -2.8]), 0 in entry window [0.2–1.5 min]
2026-06-21 16:52:55,820 [INFO] leo.loops: Crypto signal: 18 opps, top edge=93.8%
2026-06-21 16:52:56,934 [WARNING] api_clients.pyth_client: Pyth SSE disconnected: Response payload is not completed: <TransferEncodingError: 400, message='Not enough data to satisfy transfer length header.'>, retrying in 1s
2026-06-21 16:52:57,937 [INFO] api_clients.pyth_client: Pyth SSE: connecting…
2026-06-21 16:52:58,692 [INFO] api_clients.pyth_client: Pyth SSE: stream live
2026-06-21 16:53:01,732 [INFO] api_clients.polymarket_client: Polymarket: loaded 1000 active markets
2026-06-21 16:53:04,839 [WARNING] api_clients.pyth_client: Pyth SSE disconnected: Response payload is not completed: <TransferEncodingError: 400, message='Not enough data to satisfy transfer length header.'>, retrying in 1s
2026-06-21 16:53:05,843 [INFO] api_clients.pyth_client: Pyth SSE: connecting…
2026-06-21 16:53:06,625 [INFO] api_clients.pyth_client: Pyth SSE: stream live
2026-06-21 16:53:09,237 [INFO] strategies.btc_5min: BTC5Min: 3 BTC markets found (mins-to-close: [1431.85, 1426.85, -3.15]), 0 in entry window [0.2–1.5 min]
2026-06-21 16:53:24,818 [INFO] leo.loops: OracleSqueeze: 25 opps, top edge=23.0%
2026-06-21 16:53:26,736 [INFO] leo.loops: Crypto signal: 18 opps, top edge=93.8%
2026-06-21 16:53:31,624 [INFO] strategies.btc_5min: BTC5Min: 3 BTC markets found (mins-to-close: [1431.47, 1426.47, -3.53]), 0 in entry window [0.2–1.5 min]
2026-06-21 16:53:38,264 [INFO] api_clients.polymarket_client: Polymarket: loaded 1000 active markets
2026-06-21 16:53:52,689 [INFO] strategies.btc_5min: BTC5Min: 3 BTC markets found (mins-to-close: [1431.12, 1426.12, -3.88]), 0 in entry window [0.2–1.5 min]
2026-06-21 16:53:57,427 [INFO] leo.loops: Crypto signal: 17 opps, top edge=93.8%
2026-06-21 16:54:14,548 [INFO] strategies.btc_5min: BTC5Min: 3 BTC markets found (mins-to-close: [1430.76, 1425.76, -4.24]), 0 in entry window [0.2–1.5 min]
2026-06-21 16:54:15,859 [INFO] api_clients.polymarket_client: Polymarket: loaded 1000 active markets
2026-06-21 16:54:21,296 [INFO] strategies.news_fade: NewsFade: spike up detected on 0xeefef4320deec275a7191ad901469eec59544dc1fd53fed93f6d3b97c33787a5 4.55%->4.85%
2026-06-21 16:54:21,296 [INFO] strategies.news_fade: NewsFade: spike down detected on 0x75a50ed92507226816900d6da63984b4db752ad3a3f73e691514416cc5ccd980 32.50%->27.50%
2026-06-21 16:54:21,296 [INFO] strategies.news_fade: NewsFade: spike down detected on 0x468ada0750c0e44bd4cc51955466dc9f7bdaee7a293e50421f80fb3b6a23feed 7.15%->6.35%
2026-06-21 16:54:21,296 [INFO] strategies.news_fade: NewsFade: spike down detected on 0x1e285f49c483634426c54834f840f6bfe780e0039eb0ad31357b936600b7c2d2 41.00%->30.00%
2026-06-21 16:54:21,297 [INFO] strategies.news_fade: NewsFade: spike down detected on 0xce6f2c7437b15b808a6be3ea61fc125077e35ce7cc55b66fdbf15f7ce22493ea 9.50%->8.50%
2026-06-21 16:54:21,297 [INFO] strategies.news_fade: NewsFade: spike down detected on 0x671a0cb1c18cc4166536648335ee075380776b54b89218999a4cdd842e27168a 21.00%->19.50%
2026-06-21 16:54:21,298 [INFO] strategies.news_fade: NewsFade: spike down detected on 0x8c51041e0461958766ea2bc6b7f7037ae8de44cf8592ff03451900bc781323a6 0.50%->0.45%
2026-06-21 16:54:21,298 [INFO] strategies.news_fade: NewsFade: spike up detected on 0x22fe05de40d5d0bea38b848c964ebf4c975709171d723cb55c1aeb3681e57c6f 52.00%->56.50%
2026-06-21 16:54:21,299 [INFO] leo.loops: FavoriteShort: 5 opps, top edge=4.0%
2026-06-21 16:54:22,712 [INFO] leo.loops: OFI: 1 opps, top edge=5.5%
2026-06-21 16:54:24,823 [INFO] leo.loops: OracleSqueeze: 28 opps, top edge=23.0%
2026-06-21 16:54:28,242 [INFO] leo.loops: Crypto signal: 19 opps, top edge=95.0%
2026-06-21 16:54:36,307 [INFO] strategies.btc_5min: BTC5Min: 5 BTC markets found (mins-to-close: [1430.39, 1425.39, -4.61, 0.39, 5.39]), 1 in entry window [0.2–1.5 min]
2026-06-21 16:54:52,939 [INFO] api_clients.polymarket_client: Polymarket: loaded 1000 active markets
2026-06-21 16:54:58,388 [INFO] strategies.btc_5min: BTC5Min: 5 BTC markets found (mins-to-close: [1430.03, 1425.03, -4.97, 0.03, 5.03]), 0 in entry window [0.2–1.5 min]
2026-06-21 16:54:58,899 [INFO] leo.loops: Crypto signal: 19 opps, top edge=95.0%
2026-06-21 16:55:20,489 [INFO] strategies.btc_5min: BTC5Min: 6 BTC markets found (mins-to-close: [1434.66, 1444.66, 1429.66, -5.34, -0.34, 4.66]), 0 in entry window [0.2–1.5 min]
2026-06-21 16:55:24,827 [INFO] leo.loops: OracleSqueeze: 28 opps, top edge=23.0%
2026-06-21 16:55:29,500 [INFO] leo.loops: Crypto signal: 18 opps, top edge=95.0%
2026-06-21 16:55:29,643 [INFO] api_clients.polymarket_client: Polymarket: loaded 1000 active markets
2026-06-21 16:55:41,773 [INFO] strategies.btc_5min: BTC5Min: 6 BTC markets found (mins-to-close: [1434.3, 1444.3, 1429.3, -5.7, -0.7, 4.3]), 0 in entry window [0.2–1.5 min]
2026-06-21 16:56:00,345 [INFO] leo.loops: Crypto signal: 18 opps, top edge=95.0%
2026-06-21 16:56:03,142 [INFO] strategies.btc_5min: BTC5Min: 6 BTC markets found (mins-to-close: [1433.95, 1443.95, 1428.95, -6.05, -1.05, 3.95]), 0 in entry window [0.2–1.5 min]
2026-06-21 16:56:06,991 [INFO] api_clients.polymarket_client: Polymarket: loaded 1000 active markets
2026-06-21 16:56:24,829 [INFO] leo.loops: OracleSqueeze: 31 opps, top edge=23.0%
2026-06-21 16:56:24,931 [INFO] strategies.btc_5min: BTC5Min: 6 BTC markets found (mins-to-close: [1433.58, 1443.58, 1428.58, -1.42, -1.42, 3.58]), 0 in entry window [0.2–1.5 min]
2026-06-21 16:56:30,969 [INFO] leo.loops: Crypto signal: 18 opps, top edge=95.0%
2026-06-21 16:56:43,321 [INFO] api_clients.polymarket_client: Polymarket: loaded 1000 active markets
2026-06-21 16:56:46,332 [INFO] strategies.btc_5min: BTC5Min: 7 BTC markets found (mins-to-close: [1433.23, 1443.23, 1428.23, -1.77, -1.77, 3.23, 3.23]), 0 in entry window [0.2–1.5 min]
2026-06-21 16:57:01,626 [INFO] leo.loops: Crypto signal: 18 opps, top edge=95.0%
2026-06-21 16:57:07,648 [INFO] strategies.btc_5min: BTC5Min: 7 BTC markets found (mins-to-close: [1432.87, 1442.87, 1427.87, -2.13, -2.13, 2.87, 2.87]), 0 in entry window [0.2–1.5 min]
2026-06-21 16:57:19,902 [INFO] api_clients.polymarket_client: Polymarket: loaded 1000 active markets
2026-06-21 16:57:24,833 [INFO] leo.loops: OracleSqueeze: 31 opps, top edge=23.0%
2026-06-21 16:57:29,164 [INFO] strategies.btc_5min: BTC5Min: 7 BTC markets found (mins-to-close: [1432.51, 1442.51, 1427.51, -2.49, -2.49, 2.51, 2.51]), 0 in entry window [0.2–1.5 min]
2026-06-21 16:57:32,214 [INFO] leo.loops: Crypto signal: 19 opps, top edge=93.8%
2026-06-21 16:57:50,518 [INFO] strategies.btc_5min: BTC5Min: 7 BTC markets found (mins-to-close: [1432.16, 1442.16, 1427.16, -2.84, -2.84, 2.16, 2.16]), 0 in entry window [0.2–1.5 min]
2026-06-21 16:57:56,798 [INFO] api_clients.polymarket_client: Polymarket: loaded 1000 active markets
2026-06-21 16:58:02,779 [INFO] leo.loops: Crypto signal: 19 opps, top edge=93.8%
2026-06-21 16:58:13,196 [INFO] strategies.btc_5min: BTC5Min: 7 BTC markets found (mins-to-close: [1431.78, 1441.78, 1426.78, -3.22, -3.22, 1.78, 1.78]), 0 in entry window [0.2–1.5 min]
2026-06-21 16:58:24,836 [INFO] leo.loops: OracleSqueeze: 31 opps, top edge=23.0%
2026-06-21 16:58:33,369 [INFO] leo.loops: Crypto signal: 18 opps, top edge=95.0%
2026-06-21 16:58:33,484 [INFO] api_clients.polymarket_client: Polymarket: loaded 1000 active markets
2026-06-21 16:58:34,101 [INFO] strategies.btc_5min: BTC5Min: 7 BTC markets found (mins-to-close: [1431.43, 1441.43, 1426.43, -3.57, -3.57, 1.43, 1.43]), 2 in entry window [0.2–1.5 min]
2026-06-21 16:58:34,830 [INFO] leo.loops: BTC5Min: 1 opps, top edge=39.0%
2026-06-21 16:58:56,195 [INFO] strategies.btc_5min: BTC5Min: 7 BTC markets found (mins-to-close: [1431.06, 1441.06, 1426.06, -3.94, -3.94, 1.06, 1.06]), 2 in entry window [0.2–1.5 min]
2026-06-21 16:58:56,456 [INFO] leo.loops: BTC5Min: 1 opps, top edge=23.3%
2026-06-21 16:59:04,006 [INFO] leo.loops: Crypto signal: 18 opps, top edge=95.0%
2026-06-21 16:59:10,172 [INFO] api_clients.polymarket_client: Polymarket: loaded 1000 active markets
2026-06-21 16:59:17,205 [INFO] strategies.btc_5min: BTC5Min: 7 BTC markets found (mins-to-close: [1430.71, 1440.71, 1425.71, -4.29, 0.71, 0.71, 0.71]), 3 in entry window [0.2–1.5 min]
2026-06-21 16:59:21,297 [INFO] strategies.news_fade: NewsFade: spike down detected on 0x84b64f4673b608dff6ef9d64099ad83427b9e4010556a8077e2fa7f01765ae71 15.50%->7.55%
2026-06-21 16:59:21,298 [INFO] strategies.news_fade: NewsFade: spike down detected on 0x5813dc7ee3feea004711c97bdf27c407c3e943d876432ef50b49b8399eae9f37 12.50%->11.50%
2026-06-21 16:59:21,298 [INFO] strategies.news_fade: NewsFade: spike up detected on 0x8b2e3e3316ce31a33e06a8b565bac9dd628cedd1f5843550ac3eb7af6558dcaa 92.50%->99.95%
2026-06-21 16:59:21,298 [INFO] strategies.news_fade: NewsFade: spike down detected on 0xa80c60c7d6bc7e5beb94f095e2ad56afc96e54bd267395ccaf61ee89168821fd 0.30%->0.25%
2026-06-21 16:59:21,299 [INFO] strategies.news_fade: NewsFade: spike up detected on 0xb266b012fdf96f54db41cefe2f4bf1c2ae0976487fdd49783bcc15dd0666d5b9 2.75%->4.20%
2026-06-21 16:59:21,300 [INFO] leo.loops: FavoriteShort: 5 opps, top edge=4.0%
2026-06-21 16:59:24,841 [INFO] leo.loops: OracleSqueeze: 27 opps, top edge=23.0%
2026-06-21 16:59:34,609 [INFO] leo.loops: Crypto signal: 18 opps, top edge=95.0%
2026-06-21 16:59:38,434 [INFO] strategies.btc_5min: BTC5Min: 7 BTC markets found (mins-to-close: [1430.36, 1440.36, 1425.36, -4.64, 0.36, 0.36, 0.36]), 3 in entry window [0.2–1.5 min]
2026-06-21 16:59:46,715 [INFO] api_clients.polymarket_client: Polymarket: loaded 1000 active markets
2026-06-21 16:59:59,699 [INFO] strategies.btc_5min: BTC5Min: 7 BTC markets found (mins-to-close: [1430.01, 1440.01, 1425.01, -4.99, 0.01, 0.01, 0.01]), 0 in entry window [0.2–1.5 min]
2026-06-21 17:00:05,197 [INFO] leo.loops: Crypto signal: 18 opps, top edge=95.0%
2026-06-21 17:00:21,285 [INFO] strategies.btc_5min: BTC5Min: 8 BTC markets found (mins-to-close: [1434.65, 1429.65, 1439.65, 1424.65, -5.35, -0.35, -0.35, -0.35]), 0 in entry window [0.2–1.5 min]
2026-06-21 17:00:23,378 [INFO] leo.loops: OFI: 2 opps, top edge=16.5%
2026-06-21 17:00:24,066 [INFO] api_clients.polymarket_client: Polymarket: loaded 1000 active markets
2026-06-21 17:00:24,843 [INFO] leo.loops: OracleSqueeze: 28 opps, top edge=23.0%
2026-06-21 17:00:30,724 [INFO] api_clients.forecast_client: Forecast: loaded 0 questions (0 meta, 0 manifold)
2026-06-21 17:00:35,768 [INFO] leo.loops: Crypto signal: 18 opps, top edge=95.0%
2026-06-21 17:00:42,884 [INFO] strategies.btc_5min: BTC5Min: 8 BTC markets found (mins-to-close: [1434.29, 1429.29, 1439.29, 1424.29, -5.71, -0.71, -0.71, -0.71]), 0 in entry window [0.2–1.5 min]
2026-06-21 17:01:00,485 [INFO] api_clients.polymarket_client: Polymarket: loaded 1000 active markets
2026-06-21 17:01:04,859 [INFO] strategies.btc_5min: BTC5Min: 8 BTC markets found (mins-to-close: [1433.92, 1428.92, 1438.92, 1423.92, -1.08, -1.08, -1.08, -1.08]), 0 in entry window [0.2–1.5 min]
2026-06-21 17:01:06,337 [INFO] leo.loops: Crypto signal: 17 opps, top edge=95.0%
2026-06-21 17:01:24,869 [INFO] leo.loops: OracleSqueeze: 24 opps, top edge=23.0%
2026-06-21 17:01:26,730 [INFO] strategies.btc_5min: BTC5Min: 8 BTC markets found (mins-to-close: [1433.55, 1428.55, 1438.55, 1423.55, -1.45, -1.45, -1.45, -1.45]), 0 in entry window [0.2–1.5 min]
2026-06-21 17:01:37,070 [INFO] leo.loops: Crypto signal: 17 opps, top edge=95.0%
2026-06-21 17:01:37,407 [INFO] api_clients.polymarket_client: Polymarket: loaded 1000 active markets
2026-06-21 17:01:47,769 [INFO] strategies.btc_5min: BTC5Min: 7 BTC markets found (mins-to-close: [1433.2, 1428.2, 1438.2, 1423.2, -1.8, -1.8, -1.8]), 0 in entry window [0.2–1.5 min]
2026-06-21 17:02:07,973 [INFO] leo.loops: Crypto signal: 17 opps, top edge=95.0%
2026-06-21 17:02:08,895 [INFO] strategies.btc_5min: BTC5Min: 7 BTC markets found (mins-to-close: [1432.85, 1427.85, 1437.85, 1422.85, -2.15, -2.15, -2.15]), 0 in entry window [0.2–1.5 min]
2026-06-21 17:02:14,568 [INFO] api_clients.polymarket_client: Polymarket: loaded 1000 active markets
2026-06-21 17:02:24,891 [INFO] leo.loops: OracleSqueeze: 22 opps, top edge=23.0%
2026-06-21 17:02:31,081 [INFO] strategies.btc_5min: BTC5Min: 7 BTC markets found (mins-to-close: [1432.48, 1427.48, 1437.48, 1422.48, -2.52, -2.52, -2.52]), 0 in entry window [0.2–1.5 min]
2026-06-21 17:02:43,420 [INFO] leo.loops: Crypto signal: 17 opps, top edge=95.0%
2026-06-21 17:02:51,087 [INFO] api_clients.polymarket_client: Polymarket: loaded 1000 active markets
2026-06-21 17:02:52,130 [INFO] strategies.btc_5min: BTC5Min: 7 BTC markets found (mins-to-close: [1432.13, 1427.13, 1437.13, 1422.13, -2.87, -2.87, -2.87]), 0 in entry window [0.2–1.5 min]
2026-06-21 17:03:14,003 [INFO] leo.loops: Crypto signal: 17 opps, top edge=95.0%
2026-06-21 17:03:14,180 [INFO] strategies.btc_5min: BTC5Min: 7 BTC markets found (mins-to-close: [1431.76, 1426.76, 1436.76, 1421.76, -3.24, -3.24, -3.24]), 0 in entry window [0.2–1.5 min]
2026-06-21 17:03:24,895 [INFO] leo.loops: OracleSqueeze: 22 opps, top edge=23.0%
2026-06-21 17:03:27,776 [INFO] api_clients.polymarket_client: Polymarket: loaded 1000 active markets
2026-06-21 17:03:35,735 [INFO] strategies.btc_5min: BTC5Min: 7 BTC markets found (mins-to-close: [1431.4, 1426.4, 1436.4, 1421.4, -3.6, -3.6, -3.6]), 0 in entry window [0.2–1.5 min]
2026-06-21 17:03:44,601 [INFO] leo.loops: Crypto signal: 17 opps, top edge=95.0%
2026-06-21 17:03:57,342 [INFO] strategies.btc_5min: BTC5Min: 7 BTC markets found (mins-to-close: [1431.04, 1426.04, 1436.04, 1421.04, -3.96, -3.96, -3.96]), 0 in entry window [0.2–1.5 min]
2026-06-21 17:04:04,802 [INFO] api_clients.polymarket_client: Polymarket: loaded 1000 active markets
2026-06-21 17:04:15,235 [INFO] leo.loops: Crypto signal: 18 opps, top edge=95.0%
2026-06-21 17:04:18,611 [INFO] strategies.btc_5min: BTC5Min: 6 BTC markets found (mins-to-close: [1430.69, 1425.69, 1435.69, 1420.69, -4.31, -4.31]), 0 in entry window [0.2–1.5 min]
2026-06-21 17:04:21,339 [INFO] strategies.news_fade: NewsFade: spike down detected on 0xa7962b12241616d83dcb8c70fc33aa0f48b1ec46a3ad6a23db21d3885dedc4cb 0.35%->0.30%
2026-06-21 17:04:21,339 [INFO] strategies.news_fade: NewsFade: spike down detected on 0xe4a523f5258fecd737a5adcc64c07e756ff842bc2648ee2520ed54f8fbbae2c7 2.25%->2.00%
2026-06-21 17:04:21,339 [INFO] strategies.news_fade: NewsFade: spike down detected on 0x6109b80a68bbc51587b3100565d9c6dd94b7212c34cdb5e2bda47e6fc1850da2 43.50%->33.50%
2026-06-21 17:04:21,340 [INFO] strategies.news_fade: NewsFade: spike up detected on 0x603b54737c0573fa3b0f9a808856f6147c0f122d0ddef59859287371312deb49 8.15%->8.80%
2026-06-21 17:04:21,340 [INFO] leo.loops: FavoriteShort: 5 opps, top edge=4.0%
2026-06-21 17:04:24,898 [INFO] leo.loops: OracleSqueeze: 20 opps, top edge=23.0%
2026-06-21 17:04:40,719 [INFO] strategies.btc_5min: BTC5Min: 6 BTC markets found (mins-to-close: [1430.32, 1425.32, 1435.32, 1420.32, -4.68, -4.68]), 0 in entry window [0.2–1.5 min]
2026-06-21 17:04:41,966 [INFO] api_clients.polymarket_client: Polymarket: loaded 1000 active markets
2026-06-21 17:04:45,846 [INFO] leo.loops: Crypto signal: 18 opps, top edge=95.0%
2026-06-21 17:05:03,065 [INFO] strategies.btc_5min: BTC5Min: 5 BTC markets found (mins-to-close: [1429.95, 1424.95, 1434.95, 1419.95, -5.05]), 0 in entry window [0.2–1.5 min]
2026-06-21 17:05:16,561 [INFO] leo.loops: Crypto signal: 18 opps, top edge=95.0%
2026-06-21 17:05:19,809 [INFO] api_clients.polymarket_client: Polymarket: loaded 1000 active markets
2026-06-21 17:05:24,139 [INFO] strategies.btc_5min: BTC5Min: 5 BTC markets found (mins-to-close: [1434.6, 1429.6, 1424.6, 1434.6, -5.4]), 0 in entry window [0.2–1.5 min]
2026-06-21 17:05:24,901 [INFO] leo.loops: OracleSqueeze: 20 opps, top edge=23.0%
2026-06-21 17:05:46,546 [INFO] strategies.btc_5min: BTC5Min: 5 BTC markets found (mins-to-close: [1434.22, 1429.22, 1424.22, 1434.22, -5.78]), 0 in entry window [0.2–1.5 min]
2026-06-21 17:05:47,168 [INFO] leo.loops: Crypto signal: 18 opps, top edge=95.0%
2026-06-21 17:05:56,546 [INFO] api_clients.polymarket_client: Polymarket: loaded 1000 active markets
2026-06-21 17:06:08,077 [INFO] strategies.btc_5min: BTC5Min: 5 BTC markets found (mins-to-close: [1433.87, 1428.87, 1423.87, 1433.87, 8.87]), 0 in entry window [0.2–1.5 min]
2026-06-21 17:06:18,065 [INFO] leo.loops: Crypto signal: 19 opps, top edge=95.0%
2026-06-21 17:06:20,663 [WARNING] api_clients.pyth_client: Pyth SSE disconnected: Response payload is not completed: <TransferEncodingError: 400, message='Not enough data to satisfy transfer length header.'>, retrying in 1s
2026-06-21 17:06:21,666 [INFO] api_clients.pyth_client: Pyth SSE: connecting…
2026-06-21 17:06:22,339 [INFO] api_clients.pyth_client: Pyth SSE: stream live
2026-06-21 17:06:24,905 [INFO] leo.loops: OracleSqueeze: 20 opps, top edge=23.0%
2026-06-21 17:06:26,604 [WARNING] api_clients.pyth_client: Pyth SSE disconnected: Response payload is not completed: <TransferEncodingError: 400, message='Not enough data to satisfy transfer length header.'>, retrying in 1s
2026-06-21 17:06:27,607 [INFO] api_clients.pyth_client: Pyth SSE: connecting…
2026-06-21 17:06:28,655 [INFO] api_clients.pyth_client: Pyth SSE: stream live
2026-06-21 17:06:29,675 [INFO] strategies.btc_5min: BTC5Min: 5 BTC markets found (mins-to-close: [1433.51, 1428.51, 1423.51, 1433.51, 8.51]), 0 in entry window [0.2–1.5 min]
2026-06-21 17:06:33,615 [INFO] api_clients.polymarket_client: Polymarket: loaded 1000 active markets
2026-06-21 17:06:48,652 [INFO] leo.loops: Crypto signal: 19 opps, top edge=95.0%
2026-06-21 17:06:50,963 [INFO] strategies.btc_5min: BTC5Min: 6 BTC markets found (mins-to-close: [1433.15, 1428.15, 1423.15, 1433.15, 8.15, 3.15]), 0 in entry window [0.2–1.5 min]
2026-06-21 17:07:10,084 [INFO] api_clients.polymarket_client: Polymarket: loaded 1000 active markets
2026-06-21 17:07:12,512 [INFO] strategies.btc_5min: BTC5Min: 6 BTC markets found (mins-to-close: [1432.79, 1427.79, 1422.79, 1432.79, 7.79, 2.79]), 0 in entry window [0.2–1.5 min]
2026-06-21 17:07:19,247 [INFO] leo.loops: Crypto signal: 20 opps, top edge=95.0%
2026-06-21 17:07:24,909 [INFO] leo.loops: OracleSqueeze: 19 opps, top edge=23.0%
2026-06-21 17:07:33,724 [INFO] strategies.btc_5min: BTC5Min: 6 BTC markets found (mins-to-close: [1432.44, 1427.44, 1422.44, 1432.44, 7.44, 2.44]), 0 in entry window [0.2–1.5 min]
2026-06-21 17:07:47,000 [INFO] api_clients.polymarket_client: Polymarket: loaded 1000 active markets
2026-06-21 17:07:49,820 [INFO] leo.loops: Crypto signal: 20 opps, top edge=95.0%
2026-06-21 17:07:54,802 [INFO] strategies.btc_5min: BTC5Min: 6 BTC markets found (mins-to-close: [1432.09, 1427.09, 1422.09, 1432.09, 7.09, 2.09]), 0 in entry window [0.2–1.5 min]
2026-06-21 17:08:16,999 [INFO] strategies.btc_5min: BTC5Min: 6 BTC markets found (mins-to-close: [1431.72, 1426.72, 1421.72, 1431.72, 6.72, 1.72]), 0 in entry window [0.2–1.5 min]
2026-06-21 17:08:20,399 [INFO] leo.loops: Crypto signal: 20 opps, top edge=95.0%
2026-06-21 17:08:23,802 [INFO] api_clients.polymarket_client: Polymarket: loaded 1000 active markets
2026-06-21 17:08:24,912 [INFO] leo.loops: OracleSqueeze: 19 opps, top edge=23.0%
2026-06-21 17:08:39,060 [INFO] strategies.btc_5min: BTC5Min: 6 BTC markets found (mins-to-close: [1431.35, 1426.35, 1421.35, 1431.35, 6.35, 1.35]), 1 in entry window [0.2–1.5 min]
2026-06-21 17:08:39,824 [INFO] leo.loops: BTC5Min: 1 opps, top edge=36.8%
2026-06-21 17:08:50,724 [INFO] leo.loops: Crypto signal: 20 opps, top edge=95.0%
2026-06-21 17:09:00,927 [INFO] strategies.btc_5min: BTC5Min: 6 BTC markets found (mins-to-close: [1430.98, 1425.98, 1420.98, 1430.98, 5.98, 0.98]), 1 in entry window [0.2–1.5 min]
2026-06-21 17:09:00,993 [INFO] api_clients.polymarket_client: Polymarket: loaded 1000 active markets
2026-06-21 17:09:01,522 [INFO] leo.loops: BTC5Min: 1 opps, top edge=41.5%
2026-06-21 17:09:21,341 [INFO] strategies.news_fade: NewsFade: spike up detected on 0xea03e8b36b2383f50b5056743f97e52df9bf496280247b14fab7332d5f50e1b8 16.50%->17.50%
2026-06-21 17:09:21,341 [INFO] strategies.news_fade: NewsFade: spike down detected on 0xf47125a3640583900868a2e1f102d2c093c8a1512fb379709446d9cad73578d8 3.35%->2.70%
2026-06-21 17:09:21,341 [INFO] strategies.news_fade: NewsFade: spike down detected on 0xa61700026c9208cdfaf356fce8de01f1108855d45b27b0d79c0516562d23ee77 0.85%->0.60%
2026-06-21 17:09:21,342 [INFO] strategies.news_fade: NewsFade: spike up detected on 0xabc55c0f3ed701133905d0751d21cd49c364da8fb51609ffcf6008330c50f77d 9.65%->10.50%
2026-06-21 17:09:21,342 [INFO] strategies.news_fade: NewsFade: spike down detected on 0xcf773e63e6ee5c8690281e1fb3ab0eeb24778950d02e1614437e7bb4ff654d6b 5.50%->0.05%
2026-06-21 17:09:21,343 [INFO] strategies.news_fade: NewsFade: spike up detected on 0x53f01b1d1a475a1cd8c1657d97b699dfefe632870b0ef898b5212b64304a7ce3 0.05%->0.10%
2026-06-21 17:09:21,343 [INFO] strategies.news_fade: NewsFade: spike up detected on 0x0aa3336f2f0d980a34b07b6eb39dcf1fe9ba543c01b06eb2150e9aab507ef84a 0.15%->0.30%
2026-06-21 17:09:21,343 [INFO] strategies.news_fade: NewsFade: spike down detected on 0xd4948a51aa46f2c0be569ff226112263adcb282db76b2d3125f5515f8ff43dd8 1.10%->1.00%
2026-06-21 17:09:21,343 [INFO] strategies.news_fade: NewsFade: spike up detected on 0x0b755fb0a049c45843f1384e7467deb70d9c434c24cccb43811c7ca952a73637 0.05%->0.15%
2026-06-21 17:09:21,344 [INFO] strategies.news_fade: NewsFade: spike up detected on 0x508da6623d3dc9dfeee966f53ad82cb29c1ca3ce132171c198ff3f4a8461c845 0.05%->0.20%
2026-06-21 17:09:21,345 [INFO] leo.loops: FavoriteShort: 4 opps, top edge=4.0%
2026-06-21 17:09:21,382 [INFO] leo.loops: Crypto signal: 18 opps, top edge=93.6%
2026-06-21 17:09:22,442 [INFO] strategies.btc_5min: BTC5Min: 6 BTC markets found (mins-to-close: [1430.63, 1425.63, 1420.63, 1430.63, 5.63, 0.63]), 1 in entry window [0.2–1.5 min]
2026-06-21 17:09:22,713 [INFO] leo.loops: BTC5Min: 1 opps, top edge=41.5%
2026-06-21 17:09:24,920 [INFO] leo.loops: OracleSqueeze: 18 opps, top edge=23.0%
2026-06-21 17:09:37,435 [INFO] api_clients.polymarket_client: Polymarket: loaded 1000 active markets
2026-06-21 17:09:43,851 [INFO] strategies.btc_5min: BTC5Min: 7 BTC markets found (mins-to-close: [1430.27, 1425.27, 1420.27, 1430.27, 0.27, 5.27, 0.27]), 2 in entry window [0.2–1.5 min]
2026-06-21 17:09:44,104 [INFO] leo.loops: BTC5Min: 1 opps, top edge=41.5%
2026-06-21 17:09:52,017 [INFO] leo.loops: Crypto signal: 18 opps, top edge=93.6%
2026-06-21 17:10:05,452 [INFO] strategies.btc_5min: BTC5Min: 7 BTC markets found (mins-to-close: [1429.91, 1424.91, 1419.91, 1429.91, -0.09, 4.91, -0.09]), 0 in entry window [0.2–1.5 min]
2026-06-21 17:10:14,320 [INFO] api_clients.polymarket_client: Polymarket: loaded 1000 active markets
2026-06-21 17:10:22,958 [INFO] leo.loops: Crypto signal: 18 opps, top edge=93.5%
2026-06-21 17:10:24,924 [INFO] leo.loops: OracleSqueeze: 17 opps, top edge=23.0%
2026-06-21 17:10:26,832 [INFO] strategies.btc_5min: BTC5Min: 6 BTC markets found (mins-to-close: [1434.55, 1444.55, -0.45, 4.55, 4.55, -0.45]), 0 in entry window [0.2–1.5 min]
2026-06-21 17:10:48,649 [INFO] strategies.btc_5min: BTC5Min: 6 BTC markets found (mins-to-close: [1434.19, 1444.19, -0.81, 4.19, 4.19, -0.81]), 0 in entry window [0.2–1.5 min]
2026-06-21 17:10:52,060 [INFO] api_clients.polymarket_client: Polymarket: loaded 1000 active markets
2026-06-21 17:10:53,536 [INFO] leo.loops: Crypto signal: 18 opps, top edge=93.7%
2026-06-21 17:11:11,051 [INFO] strategies.btc_5min: BTC5Min: 6 BTC markets found (mins-to-close: [1433.82, 1443.82, -1.18, 3.82, 3.82, -1.18]), 0 in entry window [0.2–1.5 min]
2026-06-21 17:11:24,185 [INFO] leo.loops: Crypto signal: 18 opps, top edge=93.7%
2026-06-21 17:11:24,926 [INFO] leo.loops: OracleSqueeze: 17 opps, top edge=22.0%
2026-06-21 17:11:28,469 [INFO] api_clients.polymarket_client: Polymarket: loaded 1000 active markets
2026-06-21 17:11:32,317 [INFO] strategies.btc_5min: BTC5Min: 5 BTC markets found (mins-to-close: [1433.46, 1443.46, -1.54, 3.46, -1.54]), 0 in entry window [0.2–1.5 min]
2026-06-21 17:11:53,608 [INFO] strategies.btc_5min: BTC5Min: 5 BTC markets found (mins-to-close: [1433.11, 1443.11, -1.89, 3.11, -1.89]), 0 in entry window [0.2–1.5 min]
2026-06-21 17:11:54,746 [INFO] leo.loops: Crypto signal: 20 opps, top edge=93.7%
2026-06-21 17:12:05,374 [INFO] api_clients.polymarket_client: Polymarket: loaded 1000 active markets
2026-06-21 17:12:15,053 [INFO] strategies.btc_5min: BTC5Min: 4 BTC markets found (mins-to-close: [1432.75, 1442.75, -2.25, 2.75]), 0 in entry window [0.2–1.5 min]
2026-06-21 17:12:24,941 [INFO] leo.loops: OracleSqueeze: 18 opps, top edge=22.0%
2026-06-21 17:12:25,378 [INFO] leo.loops: Crypto signal: 20 opps, top edge=93.7%
2026-06-21 17:12:36,570 [INFO] strategies.btc_5min: BTC5Min: 4 BTC markets found (mins-to-close: [1432.39, 1442.39, -2.61, 2.39]), 0 in entry window [0.2–1.5 min]
2026-06-21 17:12:42,427 [INFO] api_clients.polymarket_client: Polymarket: loaded 1000 active markets
2026-06-21 17:12:55,707 [INFO] leo.loops: Crypto signal: 20 opps, top edge=93.7%
2026-06-21 17:12:57,885 [INFO] strategies.btc_5min: BTC5Min: 4 BTC markets found (mins-to-close: [1432.04, 1442.04, -2.96, 2.04]), 0 in entry window [0.2–1.5 min]
2026-06-21 17:13:19,248 [INFO] api_clients.polymarket_client: Polymarket: loaded 1000 active markets
2026-06-21 17:13:19,478 [INFO] strategies.btc_5min: BTC5Min: 4 BTC markets found (mins-to-close: [1431.68, 1441.68, -3.32, 1.68]), 0 in entry window [0.2–1.5 min]
2026-06-21 17:13:24,942 [INFO] leo.loops: OracleSqueeze: 18 opps, top edge=22.0%
2026-06-21 17:13:26,589 [INFO] leo.loops: Crypto signal: 20 opps, top edge=93.7%
2026-06-21 17:13:41,083 [INFO] strategies.btc_5min: BTC5Min: 4 BTC markets found (mins-to-close: [1431.32, 1441.32, -3.68, 1.32]), 1 in entry window [0.2–1.5 min]
2026-06-21 17:13:42,002 [INFO] leo.loops: BTC5Min: 1 opps, top edge=96.5%
2026-06-21 17:13:55,830 [INFO] api_clients.polymarket_client: Polymarket: loaded 1000 active markets
2026-06-21 17:13:56,913 [INFO] leo.loops: Crypto signal: 20 opps, top edge=93.7%
2026-06-21 17:14:02,753 [INFO] strategies.btc_5min: BTC5Min: 4 BTC markets found (mins-to-close: [1430.95, 1440.95, -4.05, 0.95]), 1 in entry window [0.2–1.5 min]
2026-06-21 17:14:03,008 [INFO] leo.loops: BTC5Min: 1 opps, top edge=96.4%
2026-06-21 17:14:21,344 [INFO] strategies.news_fade: NewsFade: spike down detected on 0x2cd24d17f5680dc6e7b7d67c712a223ae85550745597e81bd2d2b8d073443951 0.70%->0.65%
2026-06-21 17:14:21,344 [INFO] strategies.news_fade: NewsFade: spike up detected on 0xf0b20a493096cbbbdad34d09fde8f664fa35cd2124e161d5b72e01f9c264d2c6 0.15%->0.25%
2026-06-21 17:14:21,345 [INFO] strategies.news_fade: NewsFade: spike up detected on 0xed2b27cf6f1dc265a4889b2b68be11b8cf85c40de0d755e1b88fd3299cc542a4 0.15%->0.20%
2026-06-21 17:14:21,345 [INFO] strategies.news_fade: NewsFade: spike down detected on 0xdf76a9c5c5975263ed28535caa414579df6f4ec4f7ea988d2de29ab0d66a4249 9.50%->8.50%
2026-06-21 17:14:21,345 [INFO] strategies.news_fade: NewsFade: spike down detected on 0x7ca95f6c38e50e158279df39b2f30dbd005edc94ee64c6e4f50912e40bd16b5c 0.35%->0.30%
2026-06-21 17:14:21,346 [INFO] strategies.news_fade: NewsFade: spike down detected on 0x5ee7e89133f57fc642b7722946ac6615e01157b732f84541988dff91c9373c15 10.50%->8.50%
2026-06-21 17:14:21,347 [INFO] strategies.news_fade: NewsFade: spike up detected on 0xbe2161199ecb28cda126451733b5d83e62af60bf36617c5502e21402002cd8df 5.25%->5.95%
2026-06-21 17:14:21,347 [INFO] strategies.news_fade: NewsFade: spike down detected on 0xd33ae2d10c8348e441e4bfd07b52a81ea6dfdfe5c6980833392b8446d1326c81 1.65%->1.20%
2026-06-21 17:14:21,348 [INFO] leo.loops: FavoriteShort: 4 opps, top edge=4.0%
2026-06-21 17:14:23,242 [WARNING] api_clients.pyth_client: Pyth SSE disconnected: Response payload is not completed: <TransferEncodingError: 400, message='Not enough data to satisfy transfer length header.'>, retrying in 1s
2026-06-21 17:14:24,244 [INFO] api_clients.pyth_client: Pyth SSE: connecting…
2026-06-21 17:14:24,732 [INFO] api_clients.pyth_client: Pyth SSE: stream live
2026-06-21 17:14:24,927 [INFO] strategies.btc_5min: BTC5Min: 4 BTC markets found (mins-to-close: [1430.58, 1440.58, -4.42, 0.58]), 1 in entry window [0.2–1.5 min]
2026-06-21 17:14:24,944 [INFO] leo.loops: OracleSqueeze: 18 opps, top edge=22.0%
2026-06-21 17:14:25,186 [INFO] leo.loops: BTC5Min: 1 opps, top edge=90.8%
2026-06-21 17:14:27,644 [INFO] leo.loops: Crypto signal: 20 opps, top edge=93.7%
2026-06-21 17:14:30,751 [WARNING] api_clients.pyth_client: Pyth SSE disconnected: Response payload is not completed: <TransferEncodingError: 400, message='Not enough data to satisfy transfer length header.'>, retrying in 1s
2026-06-21 17:14:31,768 [INFO] api_clients.pyth_client: Pyth SSE: connecting…
2026-06-21 17:14:32,626 [INFO] api_clients.polymarket_client: Polymarket: loaded 1000 active markets
2026-06-21 17:14:33,618 [INFO] api_clients.pyth_client: Pyth SSE: stream live
2026-06-21 17:14:46,441 [INFO] strategies.btc_5min: BTC5Min: 5 BTC markets found (mins-to-close: [1430.23, 1440.23, 0.23, 0.23, 0.23]), 3 in entry window [0.2–1.5 min]
2026-06-21 17:14:46,704 [INFO] leo.loops: BTC5Min: 2 opps, top edge=96.9%
2026-06-21 17:14:51,493 [INFO] api_clients.weather_client: Weather: refreshed 13 city forecasts
2026-06-21 17:14:51,500 [INFO] leo.loops: Weather: 14 opps, top edge=97.9%
2026-06-21 17:14:52,589 [INFO] leo.loops: RangeStraddle: 1 opps, top edge=5.5%
2026-06-21 17:14:57,985 [INFO] leo.loops: Crypto signal: 19 opps, top edge=93.7%
2026-06-21 17:15:09,283 [INFO] strategies.btc_5min: BTC5Min: 6 BTC markets found (mins-to-close: [1434.85, 1429.85, 1439.85, -0.15, -0.15, -0.15]), 0 in entry window [0.2–1.5 min]
2026-06-21 17:15:09,598 [INFO] api_clients.polymarket_client: Polymarket: loaded 1000 active markets
2026-06-21 17:15:24,947 [INFO] leo.loops: OracleSqueeze: 17 opps, top edge=22.0%
2026-06-21 17:15:28,606 [INFO] leo.loops: Crypto signal: 19 opps, top edge=93.7%
2026-06-21 17:15:30,909 [INFO] strategies.btc_5min: BTC5Min: 5 BTC markets found (mins-to-close: [1434.48, 1429.48, 1439.48, -0.52, -0.52]), 0 in entry window [0.2–1.5 min]
2026-06-21 17:15:31,744 [INFO] api_clients.forecast_client: Forecast: loaded 0 questions (0 meta, 0 manifold)
2026-06-21 17:15:45,901 [INFO] api_clients.polymarket_client: Polymarket: loaded 1000 active markets
2026-06-21 17:15:52,790 [INFO] strategies.btc_5min: BTC5Min: 5 BTC markets found (mins-to-close: [1434.12, 1429.12, 1439.12, -0.88, -0.88]), 0 in entry window [0.2–1.5 min]
2026-06-21 17:15:53,183 [INFO] leo.loops: RangeStraddle: 1 opps, top edge=5.5%
2026-06-21 17:15:58,937 [INFO] leo.loops: Crypto signal: 19 opps, top edge=93.7%
2026-06-21 17:16:14,070 [INFO] strategies.btc_5min: BTC5Min: 5 BTC markets found (mins-to-close: [1433.77, 1428.77, 1438.77, -1.23, -1.23]), 0 in entry window [0.2–1.5 min]
2026-06-21 17:16:22,749 [INFO] api_clients.polymarket_client: Polymarket: loaded 1000 active markets
2026-06-21 17:16:24,951 [INFO] leo.loops: OracleSqueeze: 17 opps, top edge=22.4%
2026-06-21 17:16:29,755 [INFO] leo.loops: Crypto signal: 18 opps, top edge=94.8%
2026-06-21 17:16:35,262 [INFO] strategies.btc_5min: BTC5Min: 7 BTC markets found (mins-to-close: [1433.41, 1428.41, 1438.41, -1.59, -1.59, -1.59, -1.59]), 0 in entry window [0.2–1.5 min]
2026-06-21 17:16:54,063 [INFO] leo.loops: RangeStraddle: 1 opps, top edge=5.5%
2026-06-21 17:16:56,461 [INFO] strategies.btc_5min: BTC5Min: 7 BTC markets found (mins-to-close: [1433.06, 1428.06, 1438.06, -1.94, -1.94, -1.94, -1.94]), 0 in entry window [0.2–1.5 min]
2026-06-21 17:16:59,823 [INFO] api_clients.polymarket_client: Polymarket: loaded 1000 active markets
2026-06-21 17:17:00,323 [INFO] leo.loops: Crypto signal: 17 opps, top edge=94.8%
2026-06-21 17:17:18,297 [INFO] strategies.btc_5min: BTC5Min: 7 BTC markets found (mins-to-close: [1432.7, 1427.7, 1437.7, -2.3, -2.3, -2.3, -2.3]), 0 in entry window [0.2–1.5 min]
2026-06-21 17:17:24,954 [INFO] leo.loops: OracleSqueeze: 17 opps, top edge=22.4%
2026-06-21 17:17:30,893 [INFO] leo.loops: Crypto signal: 17 opps, top edge=94.8%
2026-06-21 17:17:36,115 [INFO] api_clients.polymarket_client: Polymarket: loaded 1000 active markets
2026-06-21 17:17:39,609 [INFO] strategies.btc_5min: BTC5Min: 7 BTC markets found (mins-to-close: [1432.34, 1427.34, 1437.34, -2.66, -2.66, -2.66, -2.66]), 0 in entry window [0.2–1.5 min]
2026-06-21 17:17:54,628 [INFO] leo.loops: RangeStraddle: 1 opps, top edge=5.5%
2026-06-21 17:18:00,877 [INFO] strategies.btc_5min: BTC5Min: 7 BTC markets found (mins-to-close: [1431.99, 1426.99, 1436.99, -3.01, -3.01, -3.01, -3.01]), 0 in entry window [0.2–1.5 min]
2026-06-21 17:18:01,294 [INFO] leo.loops: Crypto signal: 18 opps, top edge=94.8%
2026-06-21 17:18:12,735 [INFO] api_clients.polymarket_client: Polymarket: loaded 1000 active markets
2026-06-21 17:18:22,621 [INFO] strategies.btc_5min: BTC5Min: 7 BTC markets found (mins-to-close: [1431.62, 1426.62, 1436.62, -3.38, -3.38, -3.38, -3.38]), 0 in entry window [0.2–1.5 min]
2026-06-21 17:18:24,965 [INFO] leo.loops: OracleSqueeze: 17 opps, top edge=22.4%
2026-06-21 17:18:32,164 [INFO] leo.loops: Crypto signal: 18 opps, top edge=93.7%
2026-06-21 17:18:43,906 [INFO] strategies.btc_5min: BTC5Min: 7 BTC markets found (mins-to-close: [1431.27, 1426.27, 1436.27, -3.73, -3.73, -3.73, -3.73]), 0 in entry window [0.2–1.5 min]
2026-06-21 17:18:49,613 [INFO] api_clients.polymarket_client: Polymarket: loaded 1000 active markets
2026-06-21 17:18:55,232 [INFO] leo.loops: RangeStraddle: 1 opps, top edge=5.5%
2026-06-21 17:19:02,726 [INFO] leo.loops: Crypto signal: 17 opps, top edge=93.7%
2026-06-21 17:19:05,253 [INFO] strategies.btc_5min: BTC5Min: 7 BTC markets found (mins-to-close: [1430.91, 1425.91, 1435.91, -4.09, -4.09, -4.09, -4.09]), 0 in entry window [0.2–1.5 min]
2026-06-21 17:19:21,351 [INFO] strategies.news_fade: NewsFade: spike up detected on 0x2785303a9349d892f464c251c1a39b838a8c535022c54b5a826c9d55c4049db1 0.65%->0.75%
2026-06-21 17:19:21,353 [INFO] strategies.news_fade: NewsFade: spike up detected on 0xbd85740fcb891a4e12edd6fdb26656cb24e65f12aee67193ca751bb6ffdc184c 16.00%->20.00%
2026-06-21 17:19:21,355 [INFO] strategies.news_fade: NewsFade: spike up detected on 0xf5c4387485467089802d3768ed360e70850d1f7676414f3e6e9dcf15d9d5b720 2.55%->3.05%
2026-06-21 17:19:21,356 [INFO] strategies.news_fade: NewsFade: spike up detected on 0x6c85fe5b4197dc55dafef8368acaddb96adb892447730dfa53076c537b0bd9f6 0.15%->0.20%
2026-06-21 17:19:21,358 [INFO] leo.loops: FavoriteShort: 3 opps, top edge=4.0%
2026-06-21 17:19:24,970 [INFO] leo.loops: OracleSqueeze: 17 opps, top edge=22.4%
2026-06-21 17:19:26,687 [INFO] api_clients.polymarket_client: Polymarket: loaded 1000 active markets
2026-06-21 17:19:26,894 [INFO] strategies.btc_5min: BTC5Min: 6 BTC markets found (mins-to-close: [1430.55, 1425.55, 1435.55, -4.45, -4.45, 0.55]), 1 in entry window [0.2–1.5 min]
2026-06-21 17:19:33,305 [INFO] leo.loops: Crypto signal: 22 opps, top edge=94.8%
2026-06-21 17:19:49,321 [INFO] strategies.btc_5min: BTC5Min: 6 BTC markets found (mins-to-close: [1430.18, 1425.18, 1435.18, -4.82, -4.82, 0.18]), 0 in entry window [0.2–1.5 min]
2026-06-21 17:19:55,817 [INFO] leo.loops: RangeStraddle: 1 opps, top edge=5.1%
2026-06-21 17:20:03,289 [INFO] api_clients.polymarket_client: Polymarket: loaded 1000 active markets
2026-06-21 17:20:03,672 [INFO] leo.loops: Crypto signal: 22 opps, top edge=94.8%
2026-06-21 17:20:10,804 [INFO] strategies.btc_5min: BTC5Min: 7 BTC markets found (mins-to-close: [1434.82, 1429.82, 1424.82, 1434.82, -5.18, -5.18, -0.18]), 0 in entry window [0.2–1.5 min]
2026-06-21 17:20:24,972 [INFO] leo.loops: OracleSqueeze: 20 opps, top edge=22.4%
2026-06-21 17:20:32,714 [INFO] strategies.btc_5min: BTC5Min: 7 BTC markets found (mins-to-close: [1434.45, 1429.45, 1424.45, 1434.45, -5.55, -5.55, -0.55]), 0 in entry window [0.2–1.5 min]
2026-06-21 17:20:34,267 [INFO] leo.loops: Crypto signal: 22 opps, top edge=94.8%
2026-06-21 17:20:40,045 [INFO] api_clients.polymarket_client: Polymarket: loaded 1000 active markets
2026-06-21 17:20:54,261 [INFO] strategies.btc_5min: BTC5Min: 7 BTC markets found (mins-to-close: [1434.1, 1429.1, 1424.1, 1434.1, -5.9, -5.9, -0.9]), 0 in entry window [0.2–1.5 min]
2026-06-21 17:20:56,378 [INFO] leo.loops: RangeStraddle: 1 opps, top edge=5.1%
2026-06-21 17:21:04,614 [INFO] leo.loops: Crypto signal: 21 opps, top edge=94.8%
2026-06-21 17:21:09,974 [WARNING] api_clients.pyth_client: Pyth SSE disconnected: Response payload is not completed: <TransferEncodingError: 400, message='Not enough data to satisfy transfer length header.'>, retrying in 1s
2026-06-21 17:21:11,034 [INFO] api_clients.pyth_client: Pyth SSE: connecting…
2026-06-21 17:21:11,688 [INFO] api_clients.pyth_client: Pyth SSE: stream live
2026-06-21 17:21:15,414 [INFO] strategies.btc_5min: BTC5Min: 7 BTC markets found (mins-to-close: [1433.74, 1428.74, 1423.74, 1433.74, -6.26, -6.26, -1.26]), 0 in entry window [0.2–1.5 min]
2026-06-21 17:21:17,120 [INFO] api_clients.polymarket_client: Polymarket: loaded 1000 active markets
2026-06-21 17:21:18,957 [WARNING] api_clients.pyth_client: Pyth SSE disconnected: Response payload is not completed: <TransferEncodingError: 400, message='Not enough data to satisfy transfer length header.'>, retrying in 1s
2026-06-21 17:21:19,960 [INFO] api_clients.pyth_client: Pyth SSE: connecting…
2026-06-21 17:21:20,606 [INFO] api_clients.pyth_client: Pyth SSE: stream live
2026-06-21 17:21:24,976 [INFO] leo.loops: OracleSqueeze: 20 opps, top edge=20.5%
2026-06-21 17:21:35,519 [INFO] leo.loops: Crypto signal: 22 opps, top edge=94.8%
2026-06-21 17:21:36,546 [INFO] strategies.btc_5min: BTC5Min: 5 BTC markets found (mins-to-close: [1433.39, 1428.39, 1423.39, 1433.39, -1.61]), 0 in entry window [0.2–1.5 min]
2026-06-21 17:21:54,346 [INFO] api_clients.polymarket_client: Polymarket: loaded 1000 active markets
2026-06-21 17:21:57,004 [INFO] leo.loops: RangeStraddle: 2 opps, top edge=6.0%
2026-06-21 17:21:57,720 [INFO] strategies.btc_5min: BTC5Min: 5 BTC markets found (mins-to-close: [1433.04, 1428.04, 1423.04, 1433.04, -1.96]), 0 in entry window [0.2–1.5 min]
2026-06-21 17:22:05,828 [INFO] leo.loops: Crypto signal: 20 opps, top edge=94.8%
2026-06-21 17:22:19,012 [INFO] strategies.btc_5min: BTC5Min: 5 BTC markets found (mins-to-close: [1432.68, 1427.68, 1422.68, 1432.68, -2.32]), 0 in entry window [0.2–1.5 min]
2026-06-21 17:22:24,979 [INFO] leo.loops: OracleSqueeze: 19 opps, top edge=20.5%
2026-06-21 17:22:31,235 [INFO] api_clients.polymarket_client: Polymarket: loaded 1000 active markets
2026-06-21 17:22:36,528 [INFO] leo.loops: Crypto signal: 20 opps, top edge=94.8%
2026-06-21 17:22:40,052 [INFO] strategies.btc_5min: BTC5Min: 5 BTC markets found (mins-to-close: [1432.33, 1427.33, 1422.33, 1432.33, -2.67]), 0 in entry window [0.2–1.5 min]
2026-06-21 17:22:57,669 [INFO] leo.loops: RangeStraddle: 2 opps, top edge=6.0%
2026-06-21 17:23:01,339 [INFO] strategies.btc_5min: BTC5Min: 5 BTC markets found (mins-to-close: [1431.98, 1426.98, 1421.98, 1431.98, -3.02]), 0 in entry window [0.2–1.5 min]
2026-06-21 17:23:07,160 [INFO] leo.loops: Crypto signal: 20 opps, top edge=94.8%
2026-06-21 17:23:07,976 [INFO] api_clients.polymarket_client: Polymarket: loaded 1000 active markets
2026-06-21 17:23:23,544 [INFO] strategies.btc_5min: BTC5Min: 5 BTC markets found (mins-to-close: [1431.61, 1426.61, 1421.61, 1431.61, -3.39]), 0 in entry window [0.2–1.5 min]
2026-06-21 17:23:24,982 [INFO] leo.loops: OracleSqueeze: 19 opps, top edge=20.5%
2026-06-21 17:23:37,753 [INFO] leo.loops: Crypto signal: 19 opps, top edge=94.8%
2026-06-21 17:23:44,817 [INFO] strategies.btc_5min: BTC5Min: 5 BTC markets found (mins-to-close: [1431.25, 1426.25, 1421.25, 1431.25, -3.75]), 0 in entry window [0.2–1.5 min]
2026-06-21 17:23:44,904 [INFO] api_clients.polymarket_client: Polymarket: loaded 1000 active markets
2026-06-21 17:23:58,275 [INFO] leo.loops: RangeStraddle: 2 opps, top edge=6.0%
2026-06-21 17:24:06,402 [INFO] strategies.btc_5min: BTC5Min: 5 BTC markets found (mins-to-close: [1430.89, 1425.89, 1420.89, 1430.89, -4.11]), 0 in entry window [0.2–1.5 min]
2026-06-21 17:24:08,331 [INFO] leo.loops: Crypto signal: 19 opps, top edge=94.8%
2026-06-21 17:24:21,359 [INFO] strategies.news_fade: NewsFade: spike up detected on 0xfbe85201ab2b4acff01cd5a3639039fc813d3448c64db081f70926bd9b9e74e9 81.50%->90.00%
2026-06-21 17:24:21,360 [INFO] strategies.news_fade: NewsFade: spike up detected on 0x4815b9206b324492a71047496aadea8eb20e39b363792a6f8e828643361f5aa6 62.50%->73.50%
2026-06-21 17:24:21,360 [INFO] strategies.news_fade: NewsFade: spike down detected on 0x96b3985a648e790f3a6bcdf544f92fe490c29944f06711a2fae35cfb3760e5a3 0.25%->0.15%
2026-06-21 17:24:21,361 [INFO] strategies.news_fade: NewsFade: spike up detected on 0x86f43746cbd692719483aaeedc657eef89d9ffb91d6ffceacb1edf533e049516 10.10%->11.10%
2026-06-21 17:24:21,361 [INFO] strategies.news_fade: NewsFade: spike up detected on 0xc32a544f65e3a8ffec6499e40290f10fa68a3f4a4819dfd366b6cb1fd7c4be1d 2.25%->2.40%
2026-06-21 17:24:21,362 [INFO] strategies.news_fade: NewsFade: spike down detected on 0xf594ba6176332f3b96609dfcc858de00ce1c79bda4ad3eb0f2e1ef60cd38ff14 33.45%->28.00%
2026-06-21 17:24:21,362 [INFO] strategies.news_fade: NewsFade: spike down detected on 0x404f8cff823a8692b2225d2372429300a73093a0838d614839e626b0d13d501c 1.70%->1.40%
2026-06-21 17:24:21,363 [INFO] strategies.news_fade: NewsFade: spike down detected on 0x4da1ddaaaf15e03d16aff30fe95bc6641022ffffce32ed07c03e2b95db91ccd8 5.45%->1.30%
2026-06-21 17:24:21,364 [INFO] leo.loops: FavoriteShort: 4 opps, top edge=4.0%
2026-06-21 17:24:21,434 [INFO] api_clients.polymarket_client: Polymarket: loaded 1000 active markets
2026-06-21 17:24:24,985 [INFO] leo.loops: OracleSqueeze: 17 opps, top edge=20.5%
2026-06-21 17:24:27,949 [INFO] strategies.btc_5min: BTC5Min: 6 BTC markets found (mins-to-close: [1430.53, 1425.53, 1420.53, 1430.53, 0.53, 5.53]), 1 in entry window [0.2–1.5 min]
2026-06-21 17:24:38,943 [INFO] leo.loops: Crypto signal: 19 opps, top edge=94.8%
2026-06-21 17:24:50,164 [INFO] strategies.btc_5min: BTC5Min: 6 BTC markets found (mins-to-close: [1430.16, 1425.16, 1420.16, 1430.16, 0.16, 5.16]), 0 in entry window [0.2–1.5 min]
2026-06-21 17:24:58,117 [INFO] api_clients.polymarket_client: Polymarket: loaded 1000 active markets
2026-06-21 17:24:58,877 [INFO] leo.loops: RangeStraddle: 1 opps, top edge=6.0%
2026-06-21 17:25:09,282 [INFO] leo.loops: Crypto signal: 19 opps, top edge=94.8%
2026-06-21 17:25:11,272 [INFO] strategies.btc_5min: BTC5Min: 8 BTC markets found (mins-to-close: [1434.81, 1444.81, 1429.81, 1424.81, 1419.81, 1429.81, -0.19, 4.81]), 0 in entry window [0.2–1.5 min]
2026-06-21 17:25:24,990 [INFO] leo.loops: OracleSqueeze: 17 opps, top edge=20.5%
2026-06-21 17:25:32,814 [INFO] strategies.btc_5min: BTC5Min: 8 BTC markets found (mins-to-close: [1434.45, 1444.45, 1429.45, 1424.45, 1419.45, 1429.45, -0.55, 4.45]), 0 in entry window [0.2–1.5 min]
2026-06-21 17:25:35,929 [INFO] api_clients.polymarket_client: Polymarket: loaded 1000 active markets
2026-06-21 17:25:40,145 [INFO] leo.loops: Crypto signal: 19 opps, top edge=94.6%
2026-06-21 17:25:54,063 [INFO] strategies.btc_5min: BTC5Min: 8 BTC markets found (mins-to-close: [1434.1, 1444.1, 1429.1, 1424.1, 1419.1, 1429.1, -0.9, 4.1]), 0 in entry window [0.2–1.5 min]
2026-06-21 17:25:59,441 [INFO] leo.loops: RangeStraddle: 1 opps, top edge=6.0%
2026-06-21 17:26:10,526 [INFO] leo.loops: Crypto signal: 19 opps, top edge=94.6%
2026-06-21 17:26:12,855 [INFO] api_clients.polymarket_client: Polymarket: loaded 1000 active markets
2026-06-21 17:26:15,064 [INFO] strategies.btc_5min: BTC5Min: 9 BTC markets found (mins-to-close: [1433.75, 1443.75, 1428.75, 1423.75, 1418.75, 1428.75, -1.25, -1.25, 3.75]), 0 in entry window [0.2–1.5 min]
2026-06-21 17:26:24,994 [INFO] leo.loops: OracleSqueeze: 15 opps, top edge=23.0%
2026-06-21 17:26:37,157 [INFO] strategies.btc_5min: BTC5Min: 9 BTC markets found (mins-to-close: [1433.38, 1443.38, 1428.38, 1423.38, 1418.38, 1428.38, -1.62, -1.62, 3.38]), 0 in entry window [0.2–1.5 min]
2026-06-21 17:26:41,188 [INFO] leo.loops: Crypto signal: 18 opps, top edge=94.6%
2026-06-21 17:26:49,684 [INFO] api_clients.polymarket_client: Polymarket: loaded 1000 active markets
2026-06-21 17:26:59,053 [INFO] strategies.btc_5min: BTC5Min: 9 BTC markets found (mins-to-close: [1433.02, 1443.02, 1428.02, 1423.02, 1418.02, 1428.02, -1.98, -1.98, 3.02]), 0 in entry window [0.2–1.5 min]
2026-06-21 17:27:11,499 [INFO] leo.loops: Crypto signal: 18 opps, top edge=94.6%
2026-06-21 17:27:20,359 [INFO] strategies.btc_5min: BTC5Min: 9 BTC markets found (mins-to-close: [1432.66, 1442.66, 1427.66, 1422.66, 1417.66, 1427.66, -2.34, -2.34, 2.66]), 0 in entry window [0.2–1.5 min]
2026-06-21 17:27:25,040 [INFO] leo.loops: OracleSqueeze: 13 opps, top edge=23.0%
2026-06-21 17:27:26,443 [INFO] api_clients.polymarket_client: Polymarket: loaded 1000 active markets
2026-06-21 17:27:42,094 [INFO] leo.loops: Crypto signal: 18 opps, top edge=94.6%
2026-06-21 17:27:42,504 [INFO] strategies.btc_5min: BTC5Min: 9 BTC markets found (mins-to-close: [1432.29, 1442.29, 1427.29, 1422.29, 1417.29, 1427.29, -2.71, -2.71, 2.29]), 0 in entry window [0.2–1.5 min]
2026-06-21 17:28:03,314 [INFO] api_clients.polymarket_client: Polymarket: loaded 1000 active markets
2026-06-21 17:28:03,858 [INFO] strategies.btc_5min: BTC5Min: 9 BTC markets found (mins-to-close: [1431.94, 1441.94, 1426.94, 1421.94, 1416.94, 1426.94, -3.06, -3.06, 1.94]), 0 in entry window [0.2–1.5 min]
2026-06-21 17:28:12,654 [INFO] leo.loops: Crypto signal: 18 opps, top edge=94.6%
2026-06-21 17:28:25,042 [INFO] leo.loops: OracleSqueeze: 13 opps, top edge=23.0%
2026-06-21 17:28:25,148 [INFO] strategies.btc_5min: BTC5Min: 9 BTC markets found (mins-to-close: [1431.58, 1441.58, 1426.58, 1421.58, 1416.58, 1426.58, -3.42, -3.42, 1.58]), 0 in entry window [0.2–1.5 min]
2026-06-21 17:28:39,885 [INFO] api_clients.polymarket_client: Polymarket: loaded 1000 active markets
2026-06-21 17:28:43,560 [INFO] leo.loops: Crypto signal: 18 opps, top edge=94.6%
2026-06-21 17:28:46,181 [INFO] strategies.btc_5min: BTC5Min: 9 BTC markets found (mins-to-close: [1431.23, 1441.23, 1426.23, 1421.23, 1416.23, 1426.23, -3.77, -3.77, 1.23]), 1 in entry window [0.2–1.5 min]
2026-06-21 17:29:08,463 [INFO] strategies.btc_5min: BTC5Min: 9 BTC markets found (mins-to-close: [1430.86, 1440.86, 1425.86, 1420.86, 1415.86, 1425.86, -4.14, -4.14, 0.86]), 1 in entry window [0.2–1.5 min]
2026-06-21 17:29:14,142 [INFO] leo.loops: Crypto signal: 18 opps, top edge=94.6%
2026-06-21 17:29:16,884 [INFO] api_clients.polymarket_client: Polymarket: loaded 1000 active markets
2026-06-21 17:29:21,363 [INFO] strategies.news_fade: NewsFade: spike up detected on 0x6992fdf39435fb8aa0b765e24f98cb621fd1f7b6458865387c0ea303da2f0003 14.90%->15.85%
2026-06-21 17:29:21,364 [INFO] strategies.news_fade: NewsFade: spike down detected on 0xb196a122933da9aff6cb8b0f3764d0dc5db1859f46c0481c711521eee8524291 1.10%->0.95%
2026-06-21 17:29:21,364 [INFO] strategies.news_fade: NewsFade: spike up detected on 0xa65e9c75c4ad990e97e598f4c279887da5d51e0dddb781fcca0691c1c2798d9e 0.05%->0.10%
2026-06-21 17:29:21,364 [INFO] strategies.news_fade: NewsFade: spike down detected on 0x14fad2a17d62f79aa7a253406860ef8b36129e195166dfe59a02529fbadc773b 52.50%->43.50%
2026-06-21 17:29:21,364 [INFO] strategies.news_fade: NewsFade: spike up detected on 0x5855117839bd56c9e715535965e811cf39cf888e2bc40968888851956f97d102 0.35%->0.45%
2026-06-21 17:29:21,364 [INFO] strategies.news_fade: NewsFade: spike down detected on 0xfcf2fffa4d54b30ff81caaa75ea0c8a76996c52a4b0526b3effb4fc8217fae59 0.50%->0.45%
2026-06-21 17:29:21,364 [INFO] strategies.news_fade: NewsFade: spike up detected on 0x6c3c20ffe84b4c2e974071e32516fc82a2762b2b32d4024387fff9d9481da123 29.50%->31.50%
2026-06-21 17:29:21,364 [INFO] strategies.news_fade: NewsFade: spike down detected on 0x1efaf9378a1b6841a167cf30e4bcc23b6c224363715c44fb33003db85e1f912d 13.50%->12.50%
2026-06-21 17:29:21,365 [INFO] strategies.news_fade: NewsFade: spike up detected on 0xbfe9afdc8ee63ae05390f983745281caf67242cd7a69b6a6950335067a99a871 3.15%->3.45%
2026-06-21 17:29:21,365 [INFO] strategies.news_fade: NewsFade: spike up detected on 0xacb437eeb6da5ba63a293dea40f46d6301e38db8905b7506aa9e6be2871129b4 13.50%->20.50%
2026-06-21 17:29:21,365 [INFO] strategies.news_fade: NewsFade: spike down detected on 0x43f295d4597258ef58c759e25af5373cb1af1af76d77ce8c588e04d899f7f434 9.45%->5.00%
2026-06-21 17:29:21,365 [INFO] strategies.news_fade: NewsFade: spike up detected on 0xe0d9f508a249e0070db06eb7d1e1fb17eb23c963f6fb722c4c3f81e23240c1cd 2.05%->2.20%
2026-06-21 17:29:21,365 [INFO] strategies.news_fade: NewsFade: spike up detected on 0x622f731565e02ed55281efe5ae5ac81cf54a609f1978a52f2ecb562da3167601 0.70%->0.85%
2026-06-21 17:29:21,365 [INFO] strategies.news_fade: NewsFade: spike up detected on 0xd136f80c161a40baa5890a7792a2a5bf264de0d5ef2711a23e4564b429969ff8 10.50%->11.50%
2026-06-21 17:29:21,365 [INFO] strategies.news_fade: NewsFade: spike up detected on 0x2e4de2056302758ad153502b91d330069ecebfd9be1f0b07a79c9a9cbff35db9 15.00%->22.00%
2026-06-21 17:29:21,367 [INFO] strategies.news_fade: NewsFade: spike down detected on 0x68212bf4f50718fdacafa5b785a24588ddcd97f5b9711236034cb7812defd5a0 9.50%->8.00%
2026-06-21 17:29:21,367 [INFO] strategies.news_fade: NewsFade: spike down detected on 0x6c3ca2b6a12c4f3f569c97abc4458f386a46cc030d4f0ab3cebc5347212aecef 0.15%->0.05%
2026-06-21 17:29:21,368 [INFO] leo.loops: FavoriteShort: 5 opps, top edge=4.0%
2026-06-21 17:29:25,044 [INFO] leo.loops: OracleSqueeze: 14 opps, top edge=23.0%
2026-06-21 17:29:29,718 [INFO] strategies.btc_5min: BTC5Min: 7 BTC markets found (mins-to-close: [1430.5, 1440.5, 1425.5, 1420.5, 1415.5, 1425.5, -4.5]), 0 in entry window [0.2–1.5 min]
2026-06-21 17:29:44,863 [INFO] leo.loops: Crypto signal: 18 opps, top edge=94.6%
2026-06-21 17:29:50,755 [INFO] strategies.btc_5min: BTC5Min: 7 BTC markets found (mins-to-close: [1430.15, 1440.15, 1425.15, 1420.15, 1415.15, 1425.15, -4.85]), 0 in entry window [0.2–1.5 min]
2026-06-21 17:29:54,140 [INFO] api_clients.polymarket_client: Polymarket: loaded 1000 active markets
2026-06-21 17:30:12,074 [INFO] strategies.btc_5min: BTC5Min: 8 BTC markets found (mins-to-close: [1434.8, 1429.8, 1439.8, 1424.8, 1419.8, 1414.8, 1424.8, -5.2]), 0 in entry window [0.2–1.5 min]
2026-06-21 17:30:15,429 [INFO] leo.loops: Crypto signal: 18 opps, top edge=94.6%
2026-06-21 17:30:25,067 [INFO] leo.loops: OracleSqueeze: 14 opps, top edge=23.0%
2026-06-21 17:30:31,664 [INFO] api_clients.polymarket_client: Polymarket: loaded 1000 active markets
2026-06-21 17:30:32,684 [INFO] api_clients.forecast_client: Forecast: loaded 0 questions (0 meta, 0 manifold)
2026-06-21 17:30:33,952 [INFO] strategies.btc_5min: BTC5Min: 8 BTC markets found (mins-to-close: [1434.43, 1429.43, 1439.43, 1424.43, 1419.43, 1414.43, 1424.43, -5.57]), 0 in entry window [0.2–1.5 min]
2026-06-21 17:30:46,014 [INFO] leo.loops: Crypto signal: 18 opps, top edge=94.7%
2026-06-21 17:30:55,465 [INFO] strategies.btc_5min: BTC5Min: 8 BTC markets found (mins-to-close: [1434.08, 1429.08, 1439.08, 1424.08, 1419.08, 1414.08, 1424.08, -5.92]), 0 in entry window [0.2–1.5 min]
2026-06-21 17:31:08,454 [INFO] api_clients.polymarket_client: Polymarket: loaded 1000 active markets
2026-06-21 17:31:16,585 [INFO] leo.loops: Crypto signal: 18 opps, top edge=94.7%
2026-06-21 17:31:16,739 [INFO] strategies.btc_5min: BTC5Min: 8 BTC markets found (mins-to-close: [1433.72, 1428.72, 1438.72, 1423.72, 1418.72, 1413.72, 1423.72, -1.28]), 0 in entry window [0.2–1.5 min]
2026-06-21 17:31:25,070 [INFO] leo.loops: OracleSqueeze: 13 opps, top edge=22.5%
2026-06-21 17:31:38,870 [INFO] strategies.btc_5min: BTC5Min: 8 BTC markets found (mins-to-close: [1433.35, 1428.35, 1438.35, 1423.35, 1418.35, 1413.35, 1423.35, -1.65]), 0 in entry window [0.2–1.5 min]
2026-06-21 17:31:45,202 [INFO] api_clients.polymarket_client: Polymarket: loaded 1000 active markets
2026-06-21 17:31:51,921 [WARNING] api_clients.binance_client: Coinbase snapshot fetch failed (BTCUSDT): 
2026-06-21 17:31:51,935 [INFO] leo.loops: Crypto signal: 18 opps, top edge=94.7%
2026-06-21 17:32:00,403 [INFO] strategies.btc_5min: BTC5Min: 8 BTC markets found (mins-to-close: [1432.99, 1427.99, 1437.99, 1422.99, 1417.99, 1412.99, 1422.99, -2.01]), 0 in entry window [0.2–1.5 min]
2026-06-21 17:32:22,105 [INFO] api_clients.polymarket_client: Polymarket: loaded 1000 active markets
2026-06-21 17:32:22,552 [INFO] leo.loops: Crypto signal: 18 opps, top edge=95.0%
2026-06-21 17:32:22,709 [INFO] strategies.btc_5min: BTC5Min: 8 BTC markets found (mins-to-close: [1432.62, 1427.62, 1437.62, 1422.62, 1417.62, 1412.62, 1422.62, -2.38]), 0 in entry window [0.2–1.5 min]
2026-06-21 17:32:25,074 [INFO] leo.loops: OracleSqueeze: 15 opps, top edge=22.5%
2026-06-21 17:32:44,497 [INFO] strategies.btc_5min: BTC5Min: 8 BTC markets found (mins-to-close: [1432.26, 1427.26, 1437.26, 1422.26, 1417.26, 1412.26, 1422.26, -2.74]), 0 in entry window [0.2–1.5 min]
2026-06-21 17:32:53,154 [INFO] leo.loops: Crypto signal: 18 opps, top edge=95.0%
2026-06-21 17:32:57,560 [WARNING] api_clients.pyth_client: Pyth SSE disconnected: Response payload is not completed: <TransferEncodingError: 400, message='Not enough data to satisfy transfer length header.'>, retrying in 1s
2026-06-21 17:32:58,562 [INFO] api_clients.pyth_client: Pyth SSE: connecting…
2026-06-21 17:32:58,781 [INFO] api_clients.polymarket_client: Polymarket: loaded 1000 active markets
2026-06-21 17:32:59,073 [INFO] api_clients.pyth_client: Pyth SSE: stream live
2026-06-21 17:33:01,698 [WARNING] api_clients.pyth_client: Pyth SSE disconnected: Response payload is not completed: <TransferEncodingError: 400, message='Not enough data to satisfy transfer length header.'>, retrying in 1s
2026-06-21 17:33:02,700 [INFO] api_clients.pyth_client: Pyth SSE: connecting…
2026-06-21 17:33:05,137 [INFO] api_clients.pyth_client: Pyth SSE: stream live
2026-06-21 17:33:05,787 [INFO] strategies.btc_5min: BTC5Min: 8 BTC markets found (mins-to-close: [1431.9, 1426.9, 1436.9, 1421.9, 1416.9, 1411.9, 1421.9, -3.1]), 0 in entry window [0.2–1.5 min]
2026-06-21 17:33:23,750 [INFO] leo.loops: Crypto signal: 18 opps, top edge=95.0%
2026-06-21 17:33:25,076 [INFO] leo.loops: OracleSqueeze: 15 opps, top edge=22.5%
2026-06-21 17:33:27,430 [INFO] strategies.btc_5min: BTC5Min: 8 BTC markets found (mins-to-close: [1431.54, 1426.54, 1436.54, 1421.54, 1416.54, 1411.54, 1421.54, -3.46]), 0 in entry window [0.2–1.5 min]
2026-06-21 17:33:35,468 [INFO] api_clients.polymarket_client: Polymarket: loaded 1000 active markets
2026-06-21 17:33:49,025 [INFO] strategies.btc_5min: BTC5Min: 8 BTC markets found (mins-to-close: [1431.18, 1426.18, 1436.18, 1421.18, 1416.18, 1411.18, 1421.18, -3.82]), 0 in entry window [0.2–1.5 min]
2026-06-21 17:33:54,314 [INFO] leo.loops: Crypto signal: 18 opps, top edge=95.0%
2026-06-21 17:34:10,612 [INFO] strategies.btc_5min: BTC5Min: 8 BTC markets found (mins-to-close: [1430.82, 1425.82, 1435.82, 1420.82, 1415.82, 1410.82, 1420.82, -4.18]), 0 in entry window [0.2–1.5 min]
2026-06-21 17:34:12,892 [INFO] api_clients.polymarket_client: Polymarket: loaded 1000 active markets
2026-06-21 17:34:21,368 [INFO] strategies.news_fade: NewsFade: spike down detected on 0x5ccfe1b69a582d2985db08a8481a0d74c314b1fce9b4711ae2efb2c6467fe6aa 1.35%->1.25%
2026-06-21 17:34:21,368 [INFO] strategies.news_fade: NewsFade: spike up detected on 0x5efa976ebe94080bbda7e45605333ff8f30156cc91604d66c41eb52fd3e25f3e 2.80%->3.00%
2026-06-21 17:34:21,369 [INFO] strategies.news_fade: NewsFade: spike down detected on 0x20e78e189bd0d2826aa19c265f6f2e1f07a30ec47cfbf13419579fc0f3b79084 16.35%->12.50%
2026-06-21 17:34:21,369 [INFO] strategies.news_fade: NewsFade: spike up detected on 0x31459a82ce47644cadda0ac0c0d4bb67b98d4881d41f28eea5dbdc80b78cdcb3 93.00%->99.95%
2026-06-21 17:34:21,369 [INFO] strategies.news_fade: NewsFade: spike down detected on 0xd0536d9612e041312235baceac52bde48821e8aad4607533513b3782904b7d49 0.40%->0.35%
2026-06-21 17:34:21,369 [INFO] strategies.news_fade: NewsFade: spike up detected on 0x197734bbf1817303ad0fd49ca856565689cdd83ae3a3a44318946854f91610c9 56.00%->60.00%
2026-06-21 17:34:21,369 [INFO] strategies.news_fade: NewsFade: spike down detected on 0x1aea6fe12da230778165420f1b76f2b01246f9447c2f4bbc098ecc9d17860611 0.55%->0.50%
2026-06-21 17:34:21,370 [INFO] strategies.news_fade: NewsFade: spike up detected on 0x6c16438604e202f5b992ff02d150cbbd7615673978b67ac8864a57b1ae210a61 0.60%->0.80%
2026-06-21 17:34:21,370 [INFO] strategies.news_fade: NewsFade: spike down detected on 0x70187b4770796788b9d1f3fc6652c596870a9a837b96c832441652588f26029d 7.25%->6.65%
2026-06-21 17:34:21,371 [INFO] leo.loops: FavoriteShort: 5 opps, top edge=4.0%
2026-06-21 17:34:24,755 [INFO] leo.loops: Crypto signal: 18 opps, top edge=95.0%
2026-06-21 17:34:25,079 [INFO] leo.loops: OracleSqueeze: 16 opps, top edge=22.5%
2026-06-21 17:34:31,895 [INFO] strategies.btc_5min: BTC5Min: 8 BTC markets found (mins-to-close: [1430.47, 1425.47, 1435.47, 1420.47, 1415.47, 1410.47, 1420.47, -4.53]), 0 in entry window [0.2–1.5 min]
2026-06-21 17:34:49,270 [INFO] api_clients.polymarket_client: Polymarket: loaded 1000 active markets
2026-06-21 17:34:53,511 [INFO] strategies.btc_5min: BTC5Min: 8 BTC markets found (mins-to-close: [1430.11, 1425.11, 1435.11, 1420.11, 1415.11, 1410.11, 1420.11, -4.89]), 0 in entry window [0.2–1.5 min]
2026-06-21 17:34:55,370 [INFO] leo.loops: Crypto signal: 18 opps, top edge=95.0%
2026-06-21 17:35:14,859 [INFO] strategies.btc_5min: BTC5Min: 9 BTC markets found (mins-to-close: [1434.75, 1429.75, 1424.75, 1434.75, 1419.75, 1414.75, 1409.75, 1419.75, -5.25]), 0 in entry window [0.2–1.5 min]
2026-06-21 17:35:25,082 [INFO] leo.loops: OracleSqueeze: 16 opps, top edge=22.5%
2026-06-21 17:35:26,268 [INFO] leo.loops: Crypto signal: 18 opps, top edge=94.7%
2026-06-21 17:35:26,280 [INFO] api_clients.polymarket_client: Polymarket: loaded 1000 active markets
2026-06-21 17:35:36,205 [INFO] strategies.btc_5min: BTC5Min: 9 BTC markets found (mins-to-close: [1434.4, 1429.4, 1424.4, 1434.4, 1419.4, 1414.4, 1409.4, 1419.4, -5.6]), 0 in entry window [0.2–1.5 min]
2026-06-21 17:35:57,095 [INFO] leo.loops: Crypto signal: 18 opps, top edge=94.6%
2026-06-21 17:35:57,545 [INFO] strategies.btc_5min: BTC5Min: 9 BTC markets found (mins-to-close: [1434.04, 1429.04, 1424.04, 1434.04, 1419.04, 1414.04, 1409.04, 1419.04, -5.96]), 0 in entry window [0.2–1.5 min]
2026-06-21 17:36:03,114 [INFO] api_clients.polymarket_client: Polymarket: loaded 1000 active markets
2026-06-21 17:36:18,821 [INFO] strategies.btc_5min: BTC5Min: 8 BTC markets found (mins-to-close: [1433.69, 1428.69, 1423.69, 1433.69, 1418.69, 1413.69, 1408.69, 1418.69]), 0 in entry window [0.2–1.5 min]
2026-06-21 17:36:25,085 [INFO] leo.loops: OracleSqueeze: 18 opps, top edge=23.0%
2026-06-21 17:36:27,800 [INFO] leo.loops: Crypto signal: 18 opps, top edge=94.6%
2026-06-21 17:36:40,255 [INFO] api_clients.polymarket_client: Polymarket: loaded 1000 active markets
2026-06-21 17:36:40,332 [INFO] strategies.btc_5min: BTC5Min: 9 BTC markets found (mins-to-close: [1433.33, 1428.33, 1423.33, 1433.33, 1418.33, 1413.33, 1408.33, 1418.33, 8.33]), 0 in entry window [0.2–1.5 min]
2026-06-21 17:36:58,390 [INFO] leo.loops: Crypto signal: 18 opps, top edge=94.6%
2026-06-21 17:37:01,600 [INFO] strategies.btc_5min: BTC5Min: 9 BTC markets found (mins-to-close: [1432.97, 1427.97, 1422.97, 1432.97, 1417.97, 1412.97, 1407.97, 1417.97, 7.97]), 0 in entry window [0.2–1.5 min]
2026-06-21 17:37:16,695 [INFO] api_clients.polymarket_client: Polymarket: loaded 1000 active markets
2026-06-21 17:37:23,719 [INFO] strategies.btc_5min: BTC5Min: 9 BTC markets found (mins-to-close: [1432.6, 1427.6, 1422.6, 1432.6, 1417.6, 1412.6, 1407.6, 1417.6, 7.6]), 0 in entry window [0.2–1.5 min]
2026-06-21 17:37:25,086 [INFO] leo.loops: OracleSqueeze: 14 opps, top edge=23.0%
2026-06-21 17:37:28,989 [INFO] leo.loops: Crypto signal: 18 opps, top edge=94.6%
2026-06-21 17:37:45,314 [INFO] strategies.btc_5min: BTC5Min: 9 BTC markets found (mins-to-close: [1432.24, 1427.24, 1422.24, 1432.24, 1417.24, 1412.24, 1407.24, 1417.24, 7.24]), 0 in entry window [0.2–1.5 min]
2026-06-21 17:37:53,712 [INFO] api_clients.polymarket_client: Polymarket: loaded 1000 active markets
2026-06-21 17:37:59,579 [INFO] leo.loops: Crypto signal: 18 opps, top edge=94.6%
2026-06-21 17:38:06,639 [INFO] strategies.btc_5min: BTC5Min: 9 BTC markets found (mins-to-close: [1431.89, 1426.89, 1421.89, 1431.89, 1416.89, 1411.89, 1406.89, 1416.89, 6.89]), 0 in entry window [0.2–1.5 min]
2026-06-21 17:38:25,090 [INFO] leo.loops: OracleSqueeze: 14 opps, top edge=23.0%
2026-06-21 17:38:28,155 [INFO] strategies.btc_5min: BTC5Min: 9 BTC markets found (mins-to-close: [1431.53, 1426.53, 1421.53, 1431.53, 1416.53, 1411.53, 1406.53, 1416.53, 6.53]), 0 in entry window [0.2–1.5 min]
2026-06-21 17:38:30,413 [INFO] leo.loops: Crypto signal: 18 opps, top edge=94.6%
2026-06-21 17:38:31,081 [INFO] api_clients.polymarket_client: Polymarket: loaded 1000 active markets
2026-06-21 17:38:50,279 [INFO] strategies.btc_5min: BTC5Min: 9 BTC markets found (mins-to-close: [1431.16, 1426.16, 1421.16, 1431.16, 1416.16, 1411.16, 1406.16, 1416.16, 6.16]), 0 in entry window [0.2–1.5 min]
2026-06-21 17:39:01,015 [INFO] leo.loops: Crypto signal: 18 opps, top edge=94.6%
2026-06-21 17:39:07,381 [INFO] api_clients.polymarket_client: Polymarket: loaded 1000 active markets
2026-06-21 17:39:11,268 [INFO] strategies.btc_5min: BTC5Min: 10 BTC markets found (mins-to-close: [1430.81, 1425.81, 1420.81, 1430.81, 1415.81, 1410.81, 1405.81, 1415.81, 0.81, 5.81]), 1 in entry window [0.2–1.5 min]
2026-06-21 17:39:12,171 [INFO] leo.loops: BTC5Min: 1 opps, top edge=9.3%
2026-06-21 17:39:14,531 [WARNING] api_clients.pyth_client: Pyth SSE disconnected: Response payload is not completed: <TransferEncodingError: 400, message='Not enough data to satisfy transfer length header.'>, retrying in 1s
2026-06-21 17:39:15,536 [INFO] api_clients.pyth_client: Pyth SSE: connecting…
2026-06-21 17:39:15,778 [INFO] api_clients.pyth_client: Pyth SSE: stream live
2026-06-21 17:39:21,370 [INFO] strategies.news_fade: NewsFade: spike up detected on 0x0189df05ed7bf84d799213b01a79571e305c03b2ac5359cfbb3a323448ba20fa 2.05%->2.25%
2026-06-21 17:39:21,371 [INFO] strategies.news_fade: NewsFade: spike down detected on 0xa00c509b4673f5cdc94755e83afc2fa483d29a64e06e079dae63edb60a117f96 9.05%->5.65%
2026-06-21 17:39:21,372 [INFO] strategies.news_fade: NewsFade: spike down detected on 0x0fc751446629fdf52b5ce3f816a52d443dafe0e6dc68a4001ec14bdb38fb39d5 28.25%->26.35%
2026-06-21 17:39:21,373 [INFO] strategies.news_fade: NewsFade: spike up detected on 0x9da911e2abe9705934ff65325d1405271e0861b00217e67b3e3a0ef5edb4dfd8 9.50%->10.50%
2026-06-21 17:39:21,373 [INFO] strategies.news_fade: NewsFade: spike down detected on 0xee786ee609e3a767dfc625f3b6fb73f8cf143abfff4ca2ee7caf5cbf3a93089f 0.15%->0.05%
2026-06-21 17:39:21,373 [INFO] strategies.news_fade: NewsFade: spike down detected on 0x0e2c79c390539e05d0b2cf3daa78966aa0e37abac226903ef30622ad50205019 63.50%->58.50%
2026-06-21 17:39:21,374 [INFO] leo.loops: FavoriteShort: 5 opps, top edge=4.0%
2026-06-21 17:39:25,092 [INFO] leo.loops: OracleSqueeze: 10 opps, top edge=23.0%
2026-06-21 17:39:31,907 [INFO] leo.loops: Crypto signal: 18 opps, top edge=95.0%
2026-06-21 17:39:32,915 [INFO] strategies.btc_5min: BTC5Min: 10 BTC markets found (mins-to-close: [1430.45, 1425.45, 1420.45, 1430.45, 1415.45, 1410.45, 1405.45, 1415.45, 0.45, 5.45]), 1 in entry window [0.2–1.5 min]
2026-06-21 17:39:33,170 [INFO] leo.loops: BTC5Min: 1 opps, top edge=9.5%
2026-06-21 17:39:40,191 [WARNING] api_clients.pyth_client: Pyth SSE disconnected: Response payload is not completed: <TransferEncodingError: 400, message='Not enough data to satisfy transfer length header.'>, retrying in 1s
2026-06-21 17:39:41,193 [INFO] api_clients.pyth_client: Pyth SSE: connecting…
2026-06-21 17:39:41,690 [INFO] api_clients.pyth_client: Pyth SSE: stream live
2026-06-21 17:39:44,147 [INFO] api_clients.polymarket_client: Polymarket: loaded 1000 active markets
2026-06-21 17:39:52,636 [WARNING] api_clients.pyth_client: Pyth SSE disconnected: Response payload is not completed: <TransferEncodingError: 400, message='Not enough data to satisfy transfer length header.'>, retrying in 1s
2026-06-21 17:39:53,639 [INFO] api_clients.pyth_client: Pyth SSE: connecting…
2026-06-21 17:39:54,386 [INFO] api_clients.pyth_client: Pyth SSE: stream live
2026-06-21 17:39:54,475 [INFO] strategies.btc_5min: BTC5Min: 10 BTC markets found (mins-to-close: [1430.09, 1425.09, 1420.09, 1430.09, 1415.09, 1410.09, 1405.09, 1415.09, 0.09, 5.09]), 0 in entry window [0.2–1.5 min]
2026-06-21 17:40:02,471 [INFO] leo.loops: Crypto signal: 18 opps, top edge=95.0%
2026-06-21 17:40:16,099 [INFO] strategies.btc_5min: BTC5Min: 12 BTC markets found (mins-to-close: [1434.73, 1444.73, 1429.73, 1424.73, 1419.73, 1429.73, 1414.73, 1409.73, 1404.73, 1414.73, -0.27, 4.73]), 0 in entry window [0.2–1.5 min]
2026-06-21 17:40:21,485 [INFO] api_clients.polymarket_client: Polymarket: loaded 1000 active markets
2026-06-21 17:40:25,095 [INFO] leo.loops: OracleSqueeze: 10 opps, top edge=23.0%
2026-06-21 17:40:33,313 [INFO] leo.loops: Crypto signal: 18 opps, top edge=95.0%
2026-06-21 17:40:37,411 [INFO] strategies.btc_5min: BTC5Min: 13 BTC markets found (mins-to-close: [1434.38, 1444.38, 1429.38, 1424.38, 1419.38, 1429.38, 1414.38, 1409.38, 1404.38, 1414.38, -0.62, 4.38, 4.38]), 0 in entry window [0.2–1.5 min]
2026-06-21 17:40:57,954 [INFO] api_clients.polymarket_client: Polymarket: loaded 1000 active markets
2026-06-21 17:40:59,251 [INFO] strategies.btc_5min: BTC5Min: 13 BTC markets found (mins-to-close: [1434.01, 1444.01, 1429.01, 1424.01, 1419.01, 1429.01, 1414.01, 1409.01, 1404.01, 1414.01, -0.99, 4.01, 4.01]), 0 in entry window [0.2–1.5 min]
2026-06-21 17:41:03,866 [INFO] leo.loops: Crypto signal: 18 opps, top edge=95.0%
2026-06-21 17:41:20,400 [INFO] strategies.btc_5min: BTC5Min: 13 BTC markets found (mins-to-close: [1433.66, 1443.66, 1428.66, 1423.66, 1418.66, 1428.66, 1413.66, 1408.66, 1403.66, 1413.66, -1.34, 3.66, 3.66]), 0 in entry window [0.2–1.5 min]
2026-06-21 17:41:25,095 [INFO] leo.loops: OracleSqueeze: 6 opps, top edge=11.5%
2026-06-21 17:41:34,421 [INFO] leo.loops: Crypto signal: 18 opps, top edge=94.7%
2026-06-21 17:41:34,836 [INFO] api_clients.polymarket_client: Polymarket: loaded 1000 active markets
2026-06-21 17:41:41,439 [INFO] strategies.btc_5min: BTC5Min: 12 BTC markets found (mins-to-close: [1433.31, 1443.31, 1428.31, 1423.31, 1418.31, 1428.31, 1413.31, 1408.31, 1403.31, 1413.31, -1.69, 3.31]), 0 in entry window [0.2–1.5 min]
2026-06-21 17:42:03,243 [INFO] strategies.btc_5min: BTC5Min: 12 BTC markets found (mins-to-close: [1432.95, 1442.95, 1427.95, 1422.95, 1417.95, 1427.95, 1412.95, 1407.95, 1402.95, 1412.95, -2.05, 2.95]), 0 in entry window [0.2–1.5 min]
2026-06-21 17:42:04,982 [INFO] leo.loops: Crypto signal: 18 opps, top edge=94.7%
2026-06-21 17:42:11,467 [INFO] api_clients.polymarket_client: Polymarket: loaded 1000 active markets
2026-06-21 17:42:24,853 [INFO] strategies.btc_5min: BTC5Min: 12 BTC markets found (mins-to-close: [1432.59, 1442.59, 1427.59, 1422.59, 1417.59, 1427.59, 1412.59, 1407.59, 1402.59, 1412.59, -2.41, 2.59]), 0 in entry window [0.2–1.5 min]
2026-06-21 17:42:25,098 [INFO] leo.loops: OracleSqueeze: 7 opps, top edge=20.0%
2026-06-21 17:42:40,543 [INFO] leo.loops: Crypto signal: 18 opps, top edge=94.7%
2026-06-21 17:42:45,843 [INFO] strategies.btc_5min: BTC5Min: 12 BTC markets found (mins-to-close: [1432.24, 1442.24, 1427.24, 1422.24, 1417.24, 1427.24, 1412.24, 1407.24, 1402.24, 1412.24, -2.76, 2.24]), 0 in entry window [0.2–1.5 min]
2026-06-21 17:42:48,904 [INFO] api_clients.polymarket_client: Polymarket: loaded 1000 active markets
2026-06-21 17:43:07,849 [INFO] strategies.btc_5min: BTC5Min: 12 BTC markets found (mins-to-close: [1431.87, 1441.87, 1426.87, 1421.87, 1416.87, 1426.87, 1411.87, 1406.87, 1401.87, 1411.87, -3.13, 1.87]), 0 in entry window [0.2–1.5 min]
2026-06-21 17:43:10,970 [INFO] leo.loops: Crypto signal: 18 opps, top edge=94.7%
2026-06-21 17:43:24,987 [INFO] api_clients.polymarket_client: Polymarket: loaded 1000 active markets
2026-06-21 17:43:25,102 [INFO] leo.loops: OracleSqueeze: 7 opps, top edge=20.0%
2026-06-21 17:43:29,464 [INFO] strategies.btc_5min: BTC5Min: 12 BTC markets found (mins-to-close: [1431.51, 1441.51, 1426.51, 1421.51, 1416.51, 1426.51, 1411.51, 1406.51, 1401.51, 1411.51, -3.49, 1.51]), 0 in entry window [0.2–1.5 min]
2026-06-21 17:43:41,868 [INFO] leo.loops: Crypto signal: 18 opps, top edge=94.7%
2026-06-21 17:43:50,760 [INFO] strategies.btc_5min: BTC5Min: 12 BTC markets found (mins-to-close: [1431.15, 1441.15, 1426.15, 1421.15, 1416.15, 1426.15, 1411.15, 1406.15, 1401.15, 1411.15, -3.85, 1.15]), 1 in entry window [0.2–1.5 min]
2026-06-21 17:43:51,579 [INFO] leo.loops: BTC5Min: 1 opps, top edge=88.2%
2026-06-21 17:44:01,932 [INFO] api_clients.polymarket_client: Polymarket: loaded 1000 active markets
2026-06-21 17:44:12,324 [INFO] leo.loops: Crypto signal: 18 opps, top edge=94.7%
2026-06-21 17:44:12,335 [INFO] strategies.btc_5min: BTC5Min: 13 BTC markets found (mins-to-close: [1430.79, 1440.79, 1425.79, 1420.79, 1415.79, 1425.79, 1410.79, 1405.79, 1400.79, 1410.79, 0.79, 0.79, 0.79]), 3 in entry window [0.2–1.5 min]
2026-06-21 17:44:12,590 [INFO] leo.loops: BTC5Min: 3 opps, top edge=88.8%
2026-06-21 17:44:21,381 [INFO] strategies.news_fade: NewsFade: spike up detected on 0xfc5966f188267e87e24d89d85afc87a68860a3de64358e1c50be4b26edc115e2 86.50%->99.80%
2026-06-21 17:44:21,383 [INFO] strategies.news_fade: NewsFade: spike up detected on 0x84a45609bfdb644a15be71d679fbb4f115dea9109d9bac96e1bc049853e002f6 0.10%->0.15%
2026-06-21 17:44:21,384 [INFO] strategies.news_fade: NewsFade: spike up detected on 0x8e59230545c4d1abf66ffebc92f1c231163206a77e769155d0d845b058c06d28 1.10%->1.50%
2026-06-21 17:44:21,384 [INFO] strategies.news_fade: NewsFade: spike down detected on 0xa75027ddbd883169b0fef4779c912106fe9460536240a1d613d175f04b75ca25 8.05%->7.40%
2026-06-21 17:44:21,385 [INFO] strategies.news_fade: NewsFade: spike up detected on 0xaf19eaa6da9d74ff11150c587c5d9153254a5e337cb377dbeb638ed0a5fbfefe 6.15%->12.10%
2026-06-21 17:44:21,391 [INFO] leo.loops: FavoriteShort: 6 opps, top edge=4.0%
2026-06-21 17:44:25,106 [INFO] leo.loops: OracleSqueeze: 7 opps, top edge=20.0%
2026-06-21 17:44:33,862 [INFO] strategies.btc_5min: BTC5Min: 13 BTC markets found (mins-to-close: [1430.44, 1440.44, 1425.44, 1420.44, 1415.44, 1425.44, 1410.44, 1405.44, 1400.44, 1410.44, 0.44, 0.44, 0.44]), 3 in entry window [0.2–1.5 min]
2026-06-21 17:44:34,142 [INFO] leo.loops: BTC5Min: 3 opps, top edge=96.6%
2026-06-21 17:44:38,906 [INFO] api_clients.polymarket_client: Polymarket: loaded 1000 active markets
2026-06-21 17:44:43,184 [INFO] leo.loops: Crypto signal: 18 opps, top edge=94.7%
2026-06-21 17:44:52,277 [INFO] api_clients.weather_client: Weather: refreshed 13 city forecasts
2026-06-21 17:44:52,283 [INFO] leo.loops: Weather: 17 opps, top edge=97.9%
2026-06-21 17:44:55,145 [INFO] strategies.btc_5min: BTC5Min: 13 BTC markets found (mins-to-close: [1430.08, 1440.08, 1425.08, 1420.08, 1415.08, 1425.08, 1410.08, 1405.08, 1400.08, 1410.08, 0.08, 0.08, 0.08]), 0 in entry window [0.2–1.5 min]
2026-06-21 17:45:13,832 [INFO] leo.loops: Crypto signal: 19 opps, top edge=94.7%
2026-06-21 17:45:15,467 [INFO] api_clients.polymarket_client: Polymarket: loaded 1000 active markets
2026-06-21 17:45:16,201 [INFO] strategies.btc_5min: BTC5Min: 3 BTC markets found (mins-to-close: [1434.73, -0.27, -0.27]), 0 in entry window [0.2–1.5 min]
2026-06-21 17:45:25,108 [INFO] leo.loops: OracleSqueeze: 8 opps, top edge=20.0%
2026-06-21 17:45:33,678 [INFO] api_clients.forecast_client: Forecast: loaded 0 questions (0 meta, 0 manifold)
2026-06-21 17:45:38,120 [INFO] strategies.btc_5min: BTC5Min: 3 BTC markets found (mins-to-close: [1434.36, -0.64, -0.64]), 0 in entry window [0.2–1.5 min]
2026-06-21 17:45:44,402 [INFO] leo.loops: Crypto signal: 19 opps, top edge=94.2%
2026-06-21 17:45:52,184 [INFO] api_clients.polymarket_client: Polymarket: loaded 1000 active markets
2026-06-21 17:45:59,360 [INFO] strategies.btc_5min: BTC5Min: 4 BTC markets found (mins-to-close: [1434.01, -0.99, -0.99, -0.99]), 0 in entry window [0.2–1.5 min]
2026-06-21 17:46:14,730 [INFO] leo.loops: Crypto signal: 19 opps, top edge=94.2%
2026-06-21 17:46:20,636 [INFO] strategies.btc_5min: BTC5Min: 4 BTC markets found (mins-to-close: [1433.66, -1.34, -1.34, -1.34]), 0 in entry window [0.2–1.5 min]
2026-06-21 17:46:25,111 [INFO] leo.loops: OracleSqueeze: 8 opps, top edge=20.0%
2026-06-21 17:46:29,003 [INFO] api_clients.polymarket_client: Polymarket: loaded 1000 active markets
2026-06-21 17:46:42,194 [INFO] strategies.btc_5min: BTC5Min: 4 BTC markets found (mins-to-close: [1433.3, -1.7, -1.7, -1.7]), 0 in entry window [0.2–1.5 min]
2026-06-21 17:46:45,309 [INFO] leo.loops: Crypto signal: 19 opps, top edge=94.2%
2026-06-21 17:47:04,060 [INFO] strategies.btc_5min: BTC5Min: 4 BTC markets found (mins-to-close: [1432.93, -2.07, -2.07, -2.07]), 0 in entry window [0.2–1.5 min]
2026-06-21 17:47:06,445 [INFO] api_clients.polymarket_client: Polymarket: loaded 1000 active markets
2026-06-21 17:47:15,932 [INFO] leo.loops: Crypto signal: 19 opps, top edge=94.2%
2026-06-21 17:47:25,116 [INFO] leo.loops: OracleSqueeze: 9 opps, top edge=17.5%
2026-06-21 17:47:25,615 [INFO] strategies.btc_5min: BTC5Min: 4 BTC markets found (mins-to-close: [1432.57, -2.43, -2.43, -2.43]), 0 in entry window [0.2–1.5 min]
2026-06-21 17:47:42,769 [INFO] api_clients.polymarket_client: Polymarket: loaded 1000 active markets
2026-06-21 17:47:46,810 [INFO] leo.loops: Crypto signal: 19 opps, top edge=94.2%
2026-06-21 17:47:47,160 [INFO] strategies.btc_5min: BTC5Min: 4 BTC markets found (mins-to-close: [1432.21, -2.79, -2.79, -2.79]), 0 in entry window [0.2–1.5 min]
2026-06-21 17:48:08,952 [INFO] strategies.btc_5min: BTC5Min: 4 BTC markets found (mins-to-close: [1431.85, -3.15, -3.15, -3.15]), 0 in entry window [0.2–1.5 min]
2026-06-21 17:48:17,133 [INFO] leo.loops: Crypto signal: 20 opps, top edge=94.6%
2026-06-21 17:48:19,656 [INFO] api_clients.polymarket_client: Polymarket: loaded 1000 active markets
2026-06-21 17:48:25,121 [INFO] leo.loops: OracleSqueeze: 9 opps, top edge=17.5%
2026-06-21 17:48:30,313 [INFO] strategies.btc_5min: BTC5Min: 4 BTC markets found (mins-to-close: [1431.49, -3.51, -3.51, -3.51]), 0 in entry window [0.2–1.5 min]
2026-06-21 17:48:47,966 [INFO] leo.loops: Crypto signal: 20 opps, top edge=94.6%
2026-06-21 17:48:51,590 [INFO] strategies.btc_5min: BTC5Min: 4 BTC markets found (mins-to-close: [1431.14, -3.86, -3.86, -3.86]), 0 in entry window [0.2–1.5 min]
2026-06-21 17:48:56,943 [INFO] api_clients.polymarket_client: Polymarket: loaded 1000 active markets
2026-06-21 17:49:13,295 [INFO] strategies.btc_5min: BTC5Min: 4 BTC markets found (mins-to-close: [1430.78, -4.22, -4.22, -4.22]), 0 in entry window [0.2–1.5 min]
2026-06-21 17:49:18,602 [INFO] leo.loops: Crypto signal: 20 opps, top edge=94.7%
2026-06-21 17:49:21,401 [INFO] strategies.news_fade: NewsFade: spike up detected on 0x9d3f02264a94bafc676afd7add8b11442e6ec72dabaa69cefef835f0672275c7 3.70%->4.00%
2026-06-21 17:49:21,401 [INFO] strategies.news_fade: NewsFade: spike up detected on 0x59842b23552b9f3aa92f12fe37c86a307a8e80a61b2d662bfe9441f20864bd5d 8.50%->9.50%
2026-06-21 17:49:21,402 [INFO] strategies.news_fade: NewsFade: spike down detected on 0x45bdbc00baf989a4b8a51c20ada82148e1e1a43a05ab8767f4fd145eae418d57 54.00%->48.00%
2026-06-21 17:49:21,402 [INFO] strategies.news_fade: NewsFade: spike up detected on 0x3d5d7cac9e246f6fcad5b52cce4e0fa2d2273f9fbf8f4eadaeae86b098ae3275 12.50%->13.50%
2026-06-21 17:49:21,402 [INFO] strategies.news_fade: NewsFade: spike down detected on 0x464f6868120d3599020dbad1d60b8becd49c327aa693bfadf0fb7ad9754335ce 5.50%->4.50%
2026-06-21 17:49:21,402 [INFO] strategies.news_fade: NewsFade: spike down detected on 0x8db021423242954e8d656b1730c490f98304aa945b03a3295f213f03afcfba43 18.50%->0.50%
2026-06-21 17:49:21,403 [INFO] strategies.news_fade: NewsFade: spike down detected on 0x05b00b6740784aeb0628e9a3cde308a9b70fa3616a55508c569ec9717dee1a91 4.55%->3.85%
2026-06-21 17:49:21,405 [INFO] leo.loops: FavoriteShort: 6 opps, top edge=4.0%
2026-06-21 17:49:25,141 [INFO] leo.loops: OracleSqueeze: 9 opps, top edge=17.5%
2026-06-21 17:49:33,509 [INFO] api_clients.polymarket_client: Polymarket: loaded 1000 active markets
2026-06-21 17:49:34,769 [INFO] strategies.btc_5min: BTC5Min: 3 BTC markets found (mins-to-close: [1430.42, -4.58, 0.42]), 1 in entry window [0.2–1.5 min]
2026-06-21 17:49:49,184 [INFO] leo.loops: Crypto signal: 20 opps, top edge=94.7%
2026-06-21 17:49:57,029 [INFO] strategies.btc_5min: BTC5Min: 3 BTC markets found (mins-to-close: [1430.05, -4.95, 0.05]), 0 in entry window [0.2–1.5 min]
2026-06-21 17:50:10,481 [INFO] api_clients.polymarket_client: Polymarket: loaded 1000 active markets
2026-06-21 17:50:18,151 [INFO] strategies.btc_5min: BTC5Min: 4 BTC markets found (mins-to-close: [1434.7, 1429.7, -5.3, -0.3]), 0 in entry window [0.2–1.5 min]
2026-06-21 17:50:19,741 [INFO] leo.loops: Crypto signal: 19 opps, top edge=94.7%
2026-06-21 17:50:25,160 [INFO] leo.loops: OracleSqueeze: 9 opps, top edge=22.5%
2026-06-21 17:50:39,960 [INFO] strategies.btc_5min: BTC5Min: 4 BTC markets found (mins-to-close: [1434.33, 1429.33, -5.67, -0.67]), 0 in entry window [0.2–1.5 min]
2026-06-21 17:50:47,222 [INFO] api_clients.polymarket_client: Polymarket: loaded 1000 active markets
2026-06-21 17:50:50,329 [INFO] leo.loops: Crypto signal: 19 opps, top edge=94.8%
2026-06-21 17:51:00,961 [INFO] strategies.btc_5min: BTC5Min: 4 BTC markets found (mins-to-close: [1433.98, 1428.98, -6.02, -1.02]), 0 in entry window [0.2–1.5 min]
2026-06-21 17:51:20,661 [INFO] leo.loops: Crypto signal: 19 opps, top edge=95.0%
2026-06-21 17:51:21,960 [INFO] strategies.btc_5min: BTC5Min: 4 BTC markets found (mins-to-close: [1433.63, 1428.63, -6.37, -1.37]), 0 in entry window [0.2–1.5 min]
2026-06-21 17:51:25,082 [INFO] api_clients.polymarket_client: Polymarket: loaded 1000 active markets
2026-06-21 17:51:25,162 [INFO] leo.loops: OracleSqueeze: 8 opps, top edge=22.5%
2026-06-21 17:51:33,257 [WARNING] api_clients.pyth_client: Pyth SSE disconnected: Response payload is not completed: <TransferEncodingError: 400, message='Not enough data to satisfy transfer length header.'>, retrying in 1s
2026-06-21 17:51:34,301 [INFO] api_clients.pyth_client: Pyth SSE: connecting…
2026-06-21 17:51:34,899 [INFO] api_clients.pyth_client: Pyth SSE: stream live
2026-06-21 17:51:38,750 [WARNING] api_clients.pyth_client: Pyth SSE disconnected: Response payload is not completed: <TransferEncodingError: 400, message='Not enough data to satisfy transfer length header.'>, retrying in 1s
2026-06-21 17:51:39,753 [INFO] api_clients.pyth_client: Pyth SSE: connecting…
2026-06-21 17:51:41,349 [INFO] api_clients.pyth_client: Pyth SSE: stream live
2026-06-21 17:51:43,639 [INFO] strategies.btc_5min: BTC5Min: 4 BTC markets found (mins-to-close: [1433.27, 1428.27, -1.73, -1.73]), 0 in entry window [0.2–1.5 min]
2026-06-21 17:51:51,578 [INFO] leo.loops: Crypto signal: 18 opps, top edge=95.0%
2026-06-21 17:52:01,960 [INFO] api_clients.polymarket_client: Polymarket: loaded 1000 active markets
2026-06-21 17:52:05,005 [INFO] strategies.btc_5min: BTC5Min: 4 BTC markets found (mins-to-close: [1432.92, 1427.92, -2.08, -2.08]), 0 in entry window [0.2–1.5 min]
2026-06-21 17:52:21,895 [INFO] leo.loops: Crypto signal: 18 opps, top edge=95.0%
2026-06-21 17:52:25,166 [INFO] leo.loops: OracleSqueeze: 8 opps, top edge=22.5%
2026-06-21 17:52:26,336 [INFO] strategies.btc_5min: BTC5Min: 4 BTC markets found (mins-to-close: [1432.56, 1427.56, -2.44, -2.44]), 0 in entry window [0.2–1.5 min]
2026-06-21 17:52:38,645 [INFO] api_clients.polymarket_client: Polymarket: loaded 1000 active markets
2026-06-21 17:52:48,001 [INFO] strategies.btc_5min: BTC5Min: 4 BTC markets found (mins-to-close: [1432.2, 1427.2, -2.8, -2.8]), 0 in entry window [0.2–1.5 min]
2026-06-21 17:52:52,840 [INFO] leo.loops: Crypto signal: 18 opps, top edge=95.0%
2026-06-21 17:53:10,121 [INFO] strategies.btc_5min: BTC5Min: 4 BTC markets found (mins-to-close: [1431.83, 1426.83, -3.17, -3.17]), 0 in entry window [0.2–1.5 min]
2026-06-21 17:53:15,983 [INFO] api_clients.polymarket_client: Polymarket: loaded 1000 active markets
2026-06-21 17:53:23,395 [INFO] leo.loops: Crypto signal: 18 opps, top edge=95.0%
2026-06-21 17:53:25,168 [INFO] leo.loops: OracleSqueeze: 8 opps, top edge=22.5%
2026-06-21 17:53:31,418 [INFO] strategies.btc_5min: BTC5Min: 4 BTC markets found (mins-to-close: [1431.48, 1426.48, -3.52, -3.52]), 0 in entry window [0.2–1.5 min]
2026-06-21 17:53:52,815 [INFO] api_clients.polymarket_client: Polymarket: loaded 1000 active markets
2026-06-21 17:53:52,996 [INFO] strategies.btc_5min: BTC5Min: 4 BTC markets found (mins-to-close: [1431.12, 1426.12, -3.88, -3.88]), 0 in entry window [0.2–1.5 min]
2026-06-21 17:53:53,966 [INFO] leo.loops: Crypto signal: 18 opps, top edge=95.0%
2026-06-21 17:54:14,783 [INFO] strategies.btc_5min: BTC5Min: 4 BTC markets found (mins-to-close: [1430.75, 1425.75, -4.25, -4.25]), 0 in entry window [0.2–1.5 min]
2026-06-21 17:54:21,427 [INFO] strategies.news_fade: NewsFade: spike down detected on 0x964314cfa3bbe2b74e99f1973135a7678ba86ad048116b1a9846a9fa8cde646f 10.50%->9.50%
2026-06-21 17:54:21,428 [INFO] strategies.news_fade: NewsFade: spike down detected on 0x86c4455035d81c512138b8e38ade7defdb46708d3ee43098cdc8429a7d3b9bd9 1.60%->1.45%
2026-06-21 17:54:21,428 [INFO] strategies.news_fade: NewsFade: spike down detected on 0xc06ca16fb6f6512fb87a8469f4bc16079f1b6a07b43af974e2b55b7f53239aa7 49.50%->38.50%
2026-06-21 17:54:21,429 [INFO] strategies.news_fade: NewsFade: spike up detected on 0xe28714396c63822d0c1293f2aad16aaca02a143a32f20b71fd7fb58f078d6602 35.50%->38.50%
2026-06-21 17:54:21,429 [INFO] strategies.news_fade: NewsFade: spike up detected on 0x511e4f617cbdf200aed1dce58c174f4714ae5c0603d62a7d4502ac172ac0a565 1.75%->1.95%
2026-06-21 17:54:21,430 [INFO] leo.loops: FavoriteShort: 6 opps, top edge=4.0%
2026-06-21 17:54:24,295 [INFO] leo.loops: Crypto signal: 18 opps, top edge=95.0%
2026-06-21 17:54:25,171 [INFO] leo.loops: OracleSqueeze: 8 opps, top edge=22.5%
2026-06-21 17:54:29,318 [INFO] api_clients.polymarket_client: Polymarket: loaded 1000 active markets
2026-06-21 17:54:36,148 [INFO] strategies.btc_5min: BTC5Min: 4 BTC markets found (mins-to-close: [1430.4, 1425.4, -4.6, 0.4]), 1 in entry window [0.2–1.5 min]
2026-06-21 17:54:54,932 [INFO] leo.loops: Crypto signal: 20 opps, top edge=95.0%
2026-06-21 17:54:58,691 [INFO] strategies.btc_5min: BTC5Min: 4 BTC markets found (mins-to-close: [1430.02, 1425.02, -4.98, 0.02]), 0 in entry window [0.2–1.5 min]
2026-06-21 17:55:06,382 [INFO] api_clients.polymarket_client: Polymarket: loaded 1000 active markets
2026-06-21 17:55:19,767 [INFO] strategies.btc_5min: BTC5Min: 6 BTC markets found (mins-to-close: [1434.67, 1444.67, 1429.67, 1424.67, -5.33, -0.33]), 0 in entry window [0.2–1.5 min]
2026-06-21 17:55:25,173 [INFO] leo.loops: OracleSqueeze: 8 opps, top edge=20.5%
2026-06-21 17:55:25,262 [INFO] leo.loops: Crypto signal: 19 opps, top edge=95.0%
2026-06-21 17:55:41,952 [INFO] strategies.btc_5min: BTC5Min: 6 BTC markets found (mins-to-close: [1434.3, 1444.3, 1429.3, 1424.3, -5.7, -0.7]), 0 in entry window [0.2–1.5 min]
2026-06-21 17:55:43,671 [INFO] api_clients.polymarket_client: Polymarket: loaded 1000 active markets
2026-06-21 17:55:56,242 [INFO] leo.loops: Crypto signal: 19 opps, top edge=95.0%
2026-06-21 17:56:03,252 [INFO] strategies.btc_5min: BTC5Min: 6 BTC markets found (mins-to-close: [1433.95, 1443.95, 1428.95, 1423.95, -6.05, -1.05]), 0 in entry window [0.2–1.5 min]
2026-06-21 17:56:20,223 [INFO] api_clients.polymarket_client: Polymarket: loaded 1000 active markets
2026-06-21 17:56:24,297 [INFO] strategies.btc_5min: BTC5Min: 7 BTC markets found (mins-to-close: [1433.6, 1443.6, 1428.6, 1423.6, -1.4, -1.4, 3.6]), 0 in entry window [0.2–1.5 min]
2026-06-21 17:56:25,176 [INFO] leo.loops: OracleSqueeze: 7 opps, top edge=20.5%
2026-06-21 17:56:26,801 [INFO] leo.loops: Crypto signal: 20 opps, top edge=95.0%
2026-06-21 17:56:46,078 [INFO] strategies.btc_5min: BTC5Min: 7 BTC markets found (mins-to-close: [1433.23, 1443.23, 1428.23, 1423.23, -1.77, -1.77, 3.23]), 0 in entry window [0.2–1.5 min]
2026-06-21 17:56:56,918 [INFO] api_clients.polymarket_client: Polymarket: loaded 1000 active markets
2026-06-21 17:56:57,430 [INFO] leo.loops: Crypto signal: 20 opps, top edge=95.0%
2026-06-21 17:57:07,076 [INFO] strategies.btc_5min: BTC5Min: 7 BTC markets found (mins-to-close: [1432.88, 1442.88, 1427.88, 1422.88, -2.12, -2.12, 2.88]), 0 in entry window [0.2–1.5 min]
2026-06-21 17:57:25,179 [INFO] leo.loops: OracleSqueeze: 7 opps, top edge=20.0%
2026-06-21 17:57:27,996 [INFO] leo.loops: Crypto signal: 20 opps, top edge=95.0%
2026-06-21 17:57:28,439 [INFO] strategies.btc_5min: BTC5Min: 7 BTC markets found (mins-to-close: [1432.53, 1442.53, 1427.53, 1422.53, -2.47, -2.47, 2.53]), 0 in entry window [0.2–1.5 min]
2026-06-21 17:57:34,325 [INFO] api_clients.polymarket_client: Polymarket: loaded 1000 active markets
2026-06-21 17:57:50,275 [INFO] strategies.btc_5min: BTC5Min: 7 BTC markets found (mins-to-close: [1432.16, 1442.16, 1427.16, 1422.16, -2.84, -2.84, 2.16]), 0 in entry window [0.2–1.5 min]
2026-06-21 17:57:58,570 [INFO] leo.loops: Crypto signal: 20 opps, top edge=95.0%
2026-06-21 17:58:11,165 [INFO] api_clients.polymarket_client: Polymarket: loaded 1000 active markets
2026-06-21 17:58:11,338 [INFO] strategies.btc_5min: BTC5Min: 7 BTC markets found (mins-to-close: [1431.81, 1441.81, 1426.81, 1421.81, -3.19, -3.19, 1.81]), 0 in entry window [0.2–1.5 min]
2026-06-21 17:58:25,183 [INFO] leo.loops: OracleSqueeze: 7 opps, top edge=20.0%
2026-06-21 17:58:29,195 [INFO] leo.loops: Crypto signal: 20 opps, top edge=95.0%
2026-06-21 17:58:33,065 [INFO] strategies.btc_5min: BTC5Min: 7 BTC markets found (mins-to-close: [1431.45, 1441.45, 1426.45, 1421.45, -3.55, -3.55, 1.45]), 1 in entry window [0.2–1.5 min]
2026-06-21 17:58:47,580 [INFO] api_clients.polymarket_client: Polymarket: loaded 1000 active markets
2026-06-21 17:58:55,215 [INFO] strategies.btc_5min: BTC5Min: 7 BTC markets found (mins-to-close: [1431.08, 1441.08, 1426.08, 1421.08, -3.92, -3.92, 1.08]), 1 in entry window [0.2–1.5 min]
2026-06-21 17:58:59,752 [INFO] leo.loops: Crypto signal: 20 opps, top edge=95.0%
2026-06-21 17:59:16,993 [INFO] strategies.btc_5min: BTC5Min: 7 BTC markets found (mins-to-close: [1430.72, 1440.72, 1425.72, 1420.72, -4.28, -4.28, 0.72]), 1 in entry window [0.2–1.5 min]
2026-06-21 17:59:17,252 [INFO] leo.loops: BTC5Min: 1 opps, top edge=40.0%
2026-06-21 17:59:21,430 [INFO] strategies.news_fade: NewsFade: spike up detected on 0xa013d8d71c41e6fc8f984bcf783350fecead7aa897049acc1cbea8303cc26340 3.90%->4.25%
2026-06-21 17:59:21,431 [INFO] strategies.news_fade: NewsFade: spike up detected on 0xba8526e4bf87c26c043d7048d364508d066117c173a91f2c56a82128fdc9102c 56.50%->61.50%
2026-06-21 17:59:21,432 [INFO] strategies.news_fade: NewsFade: spike down detected on 0x0174a32ce50b11c793acc6a643e1d583c99fa52016a319eab4052f9a59f4eb18 0.55%->0.15%
2026-06-21 17:59:21,432 [INFO] strategies.news_fade: NewsFade: spike down detected on 0x007012bfbfb958e9c6dc698520f6c02cbcadc0463291590f44a33ecdb42a0e31 0.10%->0.05%
2026-06-21 17:59:21,433 [INFO] strategies.news_fade: NewsFade: spike down detected on 0x38f13b8e47050f25639e8fc979667ce0026052e99ec9201c29ec89692c8b6122 55.50%->49.50%
2026-06-21 17:59:21,433 [INFO] strategies.news_fade: NewsFade: spike down detected on 0x369547a2933277145a5c20cbb6ec6019f5e5cf989a6b7454b39a8c3e36e75626 2.30%->1.45%
2026-06-21 17:59:21,434 [INFO] leo.loops: FavoriteShort: 6 opps, top edge=4.0%
2026-06-21 17:59:24,457 [INFO] api_clients.polymarket_client: Polymarket: loaded 1000 active markets
2026-06-21 17:59:25,187 [INFO] leo.loops: OracleSqueeze: 9 opps, top edge=23.0%
2026-06-21 17:59:30,070 [INFO] leo.loops: Crypto signal: 18 opps, top edge=95.0%
2026-06-21 17:59:38,012 [INFO] strategies.btc_5min: BTC5Min: 8 BTC markets found (mins-to-close: [1430.37, 1440.37, 1425.37, 1420.37, -4.63, 0.37, 0.37, 0.37]), 3 in entry window [0.2–1.5 min]
2026-06-21 17:59:38,267 [INFO] leo.loops: BTC5Min: 3 opps, top edge=62.7%
2026-06-21 17:59:59,522 [INFO] strategies.btc_5min: BTC5Min: 8 BTC markets found (mins-to-close: [1430.01, 1440.01, 1425.01, 1420.01, -4.99, 0.01, 0.01, 0.01]), 0 in entry window [0.2–1.5 min]
2026-06-21 18:00:00,939 [INFO] leo.loops: Crypto signal: 18 opps, top edge=95.0%
2026-06-21 18:00:02,064 [INFO] api_clients.polymarket_client: Polymarket: loaded 1000 active markets
2026-06-21 18:00:21,416 [INFO] strategies.btc_5min: BTC5Min: 9 BTC markets found (mins-to-close: [1434.64, 1429.64, 1439.64, 1424.64, 1419.64, -5.36, -0.36, -0.36, -0.36]), 0 in entry window [0.2–1.5 min]
2026-06-21 18:00:25,190 [INFO] leo.loops: OracleSqueeze: 9 opps, top edge=23.0%
2026-06-21 18:00:31,258 [INFO] leo.loops: Crypto signal: 18 opps, top edge=95.0%
2026-06-21 18:00:34,718 [INFO] api_clients.forecast_client: Forecast: loaded 0 questions (0 meta, 0 manifold)
2026-06-21 18:00:38,308 [INFO] api_clients.polymarket_client: Polymarket: loaded 1000 active markets
2026-06-21 18:00:42,466 [INFO] strategies.btc_5min: BTC5Min: 9 BTC markets found (mins-to-close: [1434.29, 1429.29, 1439.29, 1424.29, 1419.29, -5.71, -0.71, -0.71, -0.71]), 0 in entry window [0.2–1.5 min]
2026-06-21 18:00:43,578 [WARNING] api_clients.pyth_client: Pyth SSE disconnected: Response payload is not completed: <TransferEncodingError: 400, message='Not enough data to satisfy transfer length header.'>, retrying in 1s
2026-06-21 18:00:44,580 [INFO] api_clients.pyth_client: Pyth SSE: connecting…
2026-06-21 18:00:45,145 [INFO] api_clients.pyth_client: Pyth SSE: stream live
2026-06-21 18:00:49,148 [WARNING] api_clients.pyth_client: Pyth SSE disconnected: Response payload is not completed: <TransferEncodingError: 400, message='Not enough data to satisfy transfer length header.'>, retrying in 1s
2026-06-21 18:00:50,151 [INFO] api_clients.pyth_client: Pyth SSE: connecting…
2026-06-21 18:00:52,240 [INFO] api_clients.pyth_client: Pyth SSE: stream live
2026-06-21 18:01:01,851 [INFO] leo.loops: Crypto signal: 18 opps, top edge=95.0%
2026-06-21 18:01:04,104 [INFO] strategies.btc_5min: BTC5Min: 9 BTC markets found (mins-to-close: [1433.93, 1428.93, 1438.93, 1423.93, 1418.93, -6.07, -1.07, -1.07, -1.07]), 0 in entry window [0.2–1.5 min]
2026-06-21 18:01:15,380 [INFO] api_clients.polymarket_client: Polymarket: loaded 1000 active markets
2026-06-21 18:01:25,194 [INFO] leo.loops: OracleSqueeze: 9 opps, top edge=23.0%
2026-06-21 18:01:25,814 [INFO] strategies.btc_5min: BTC5Min: 8 BTC markets found (mins-to-close: [1433.57, 1428.57, 1438.57, 1423.57, 1418.57, -1.43, -1.43, -1.43]), 0 in entry window [0.2–1.5 min]
2026-06-21 18:01:32,437 [INFO] leo.loops: Crypto signal: 20 opps, top edge=95.0%
2026-06-21 18:01:51,693 [INFO] strategies.btc_5min: BTC5Min: 8 BTC markets found (mins-to-close: [1433.14, 1428.14, 1438.14, 1423.14, 1418.14, -1.86, -1.86, -1.86]), 0 in entry window [0.2–1.5 min]
2026-06-21 18:01:52,317 [INFO] api_clients.polymarket_client: Polymarket: loaded 1000 active markets
2026-06-21 18:02:03,257 [INFO] leo.loops: Crypto signal: 20 opps, top edge=95.0%
2026-06-21 18:02:12,976 [INFO] strategies.btc_5min: BTC5Min: 8 BTC markets found (mins-to-close: [1432.78, 1427.78, 1437.78, 1422.78, 1417.78, -2.22, -2.22, -2.22]), 0 in entry window [0.2–1.5 min]
2026-06-21 18:02:25,200 [INFO] leo.loops: OracleSqueeze: 8 opps, top edge=23.0%
2026-06-21 18:02:28,501 [INFO] api_clients.polymarket_client: Polymarket: loaded 1000 active markets
2026-06-21 18:02:33,719 [INFO] leo.loops: Crypto signal: 19 opps, top edge=95.0%
2026-06-21 18:02:33,998 [INFO] strategies.btc_5min: BTC5Min: 8 BTC markets found (mins-to-close: [1432.43, 1427.43, 1437.43, 1422.43, 1417.43, -2.57, -2.57, -2.57]), 0 in entry window [0.2–1.5 min]
2026-06-21 18:02:56,132 [INFO] strategies.btc_5min: BTC5Min: 8 BTC markets found (mins-to-close: [1432.06, 1427.06, 1437.06, 1422.06, 1417.06, -2.94, -2.94, -2.94]), 0 in entry window [0.2–1.5 min]
2026-06-21 18:03:04,359 [INFO] leo.loops: Crypto signal: 19 opps, top edge=95.0%
2026-06-21 18:03:05,207 [INFO] api_clients.polymarket_client: Polymarket: loaded 1000 active markets
2026-06-21 18:03:17,462 [INFO] strategies.btc_5min: BTC5Min: 8 BTC markets found (mins-to-close: [1431.71, 1426.71, 1436.71, 1421.71, 1416.71, -3.29, -3.29, -3.29]), 0 in entry window [0.2–1.5 min]
2026-06-21 18:03:25,202 [INFO] leo.loops: OracleSqueeze: 8 opps, top edge=23.0%
2026-06-21 18:03:34,688 [INFO] leo.loops: Crypto signal: 19 opps, top edge=95.0%
2026-06-21 18:03:38,781 [INFO] strategies.btc_5min: BTC5Min: 8 BTC markets found (mins-to-close: [1431.35, 1426.35, 1436.35, 1421.35, 1416.35, -3.65, -3.65, -3.65]), 0 in entry window [0.2–1.5 min]
2026-06-21 18:03:42,600 [INFO] api_clients.polymarket_client: Polymarket: loaded 1000 active markets
2026-06-21 18:04:00,568 [INFO] strategies.btc_5min: BTC5Min: 8 BTC markets found (mins-to-close: [1430.99, 1425.99, 1435.99, 1420.99, 1415.99, -4.01, -4.01, -4.01]), 0 in entry window [0.2–1.5 min]
2026-06-21 18:04:05,133 [INFO] leo.loops: Crypto signal: 19 opps, top edge=95.0%
2026-06-21 18:04:18,963 [INFO] api_clients.polymarket_client: Polymarket: loaded 1000 active markets
2026-06-21 18:04:21,436 [INFO] strategies.news_fade: NewsFade: spike down detected on 0x21454470816337a6dadbea2140070a57ec40146b8e65bba2fbf8e4216ea6f0a1 9.50%->8.50%
2026-06-21 18:04:21,437 [INFO] strategies.news_fade: NewsFade: spike down detected on 0x0606faf1617005ffacd7776b75c0fa81e251ad5f1f0bcc040acef4c9725d72d4 3.90%->3.55%
2026-06-21 18:04:21,437 [INFO] strategies.news_fade: NewsFade: spike down detected on 0x74a9c69b933ee3d34c120d948e9f8be054af1b6722b68c9290041fe1605d48f9 4.50%->4.00%
2026-06-21 18:04:21,437 [INFO] strategies.news_fade: NewsFade: spike up detected on 0x9586c8a756737566608c7821cbb4eccd165a02f64502e7302bf14b13063e5e86 3.45%->4.95%
2026-06-21 18:04:21,437 [INFO] strategies.news_fade: NewsFade: spike down detected on 0x81c2acac24e3a38440ead75a25dad2a5341e9b039fe8deafdabe3af36dd129fe 1.15%->1.05%
2026-06-21 18:04:21,437 [INFO] strategies.news_fade: NewsFade: spike down detected on 0x8a743d2c48a6ffc5763e2209d4cf1053ccbae1a6eb80cc33bd702a3fe4b10156 0.80%->0.75%
2026-06-21 18:04:21,437 [INFO] strategies.news_fade: NewsFade: spike up detected on 0xe548b96ac678deaaab42f6ae6e32ae3fd84008cdb0afb0ae2ff1d812de274524 0.45%->0.80%
2026-06-21 18:04:21,438 [INFO] strategies.news_fade: NewsFade: spike up detected on 0xc6a98f63d1b7e41a27e15b16c11db7916a704ea0d9ad32558f327a99a7417e7d 74.00%->99.50%
2026-06-21 18:04:21,438 [INFO] strategies.news_fade: NewsFade: spike up detected on 0x1e369f3af5e6742b278f81ae6e6c3a5ea3ab14de97ac77364ea6dd1ca41ce848 1.70%->1.95%
2026-06-21 18:04:21,440 [INFO] leo.loops: FavoriteShort: 6 opps, top edge=4.0%
2026-06-21 18:04:22,489 [INFO] strategies.btc_5min: BTC5Min: 6 BTC markets found (mins-to-close: [1430.63, 1425.63, 1435.63, 1420.63, 1415.63, -4.37]), 0 in entry window [0.2–1.5 min]
2026-06-21 18:04:25,206 [INFO] leo.loops: OracleSqueeze: 8 opps, top edge=23.0%
2026-06-21 18:04:35,485 [INFO] leo.loops: Crypto signal: 19 opps, top edge=95.0%
2026-06-21 18:04:44,120 [INFO] strategies.btc_5min: BTC5Min: 6 BTC markets found (mins-to-close: [1430.26, 1425.26, 1435.26, 1420.26, 1415.26, -4.74]), 0 in entry window [0.2–1.5 min]
2026-06-21 18:04:55,748 [INFO] api_clients.polymarket_client: Polymarket: loaded 1000 active markets
2026-06-21 18:05:05,636 [INFO] strategies.btc_5min: BTC5Min: 6 BTC markets found (mins-to-close: [1429.91, 1424.91, 1434.91, 1419.91, 1414.91, -5.09]), 0 in entry window [0.2–1.5 min]
2026-06-21 18:05:05,957 [INFO] leo.loops: Crypto signal: 19 opps, top edge=95.0%
2026-06-21 18:05:25,188 [INFO] leo.loops: OracleSqueeze: 8 opps, top edge=23.0%
2026-06-21 18:05:27,446 [INFO] strategies.btc_5min: BTC5Min: 2 BTC markets found (mins-to-close: [1434.54, -5.46]), 0 in entry window [0.2–1.5 min]
2026-06-21 18:05:32,964 [INFO] api_clients.polymarket_client: Polymarket: loaded 1000 active markets
2026-06-21 18:05:36,503 [INFO] leo.loops: Crypto signal: 19 opps, top edge=95.0%
2026-06-21 18:05:48,959 [INFO] strategies.btc_5min: BTC5Min: 3 BTC markets found (mins-to-close: [1434.18, -5.82, 9.18]), 0 in entry window [0.2–1.5 min]
2026-06-21 18:06:07,088 [INFO] leo.loops: Crypto signal: 19 opps, top edge=95.0%
2026-06-21 18:06:09,454 [INFO] api_clients.polymarket_client: Polymarket: loaded 1000 active markets
2026-06-21 18:06:10,259 [INFO] strategies.btc_5min: BTC5Min: 2 BTC markets found (mins-to-close: [1433.83, 8.83]), 0 in entry window [0.2–1.5 min]
2026-06-21 18:06:25,175 [INFO] leo.loops: OracleSqueeze: 9 opps, top edge=23.0%
2026-06-21 18:06:31,407 [INFO] strategies.btc_5min: BTC5Min: 2 BTC markets found (mins-to-close: [1433.48, 8.48]), 0 in entry window [0.2–1.5 min]
2026-06-21 18:06:37,768 [INFO] leo.loops: Crypto signal: 18 opps, top edge=95.0%
2026-06-21 18:06:46,188 [INFO] api_clients.polymarket_client: Polymarket: loaded 1000 active markets
2026-06-21 18:06:52,757 [INFO] strategies.btc_5min: BTC5Min: 2 BTC markets found (mins-to-close: [1433.12, 8.12]), 0 in entry window [0.2–1.5 min]
2026-06-21 18:07:08,384 [INFO] leo.loops: Crypto signal: 18 opps, top edge=95.0%
2026-06-21 18:07:14,060 [INFO] strategies.btc_5min: BTC5Min: 2 BTC markets found (mins-to-close: [1432.77, 7.77]), 0 in entry window [0.2–1.5 min]
2026-06-21 18:07:23,008 [INFO] api_clients.polymarket_client: Polymarket: loaded 1000 active markets
2026-06-21 18:07:25,177 [INFO] leo.loops: OracleSqueeze: 9 opps, top edge=23.0%
2026-06-21 18:07:35,132 [INFO] strategies.btc_5min: BTC5Min: 2 BTC markets found (mins-to-close: [1432.41, 7.41]), 0 in entry window [0.2–1.5 min]
2026-06-21 18:07:38,704 [INFO] leo.loops: Crypto signal: 18 opps, top edge=95.0%
2026-06-21 18:07:56,917 [INFO] strategies.btc_5min: BTC5Min: 2 BTC markets found (mins-to-close: [1432.05, 7.05]), 0 in entry window [0.2–1.5 min]
2026-06-21 18:08:00,137 [INFO] api_clients.polymarket_client: Polymarket: loaded 1000 active markets
2026-06-21 18:08:09,283 [INFO] leo.loops: Crypto signal: 18 opps, top edge=95.0%
2026-06-21 18:08:18,881 [INFO] strategies.btc_5min: BTC5Min: 2 BTC markets found (mins-to-close: [1431.69, 6.69]), 0 in entry window [0.2–1.5 min]
2026-06-21 18:08:25,181 [INFO] leo.loops: OracleSqueeze: 9 opps, top edge=23.0%
2026-06-21 18:08:36,576 [INFO] api_clients.polymarket_client: Polymarket: loaded 1000 active markets
2026-06-21 18:08:39,894 [INFO] leo.loops: Crypto signal: 18 opps, top edge=95.0%
2026-06-21 18:08:40,178 [INFO] strategies.btc_5min: BTC5Min: 2 BTC markets found (mins-to-close: [1431.33, 6.33]), 0 in entry window [0.2–1.5 min]
2026-06-21 18:08:48,834 [WARNING] api_clients.pyth_client: Pyth SSE disconnected: Response payload is not completed: <TransferEncodingError: 400, message='Not enough data to satisfy transfer length header.'>, retrying in 1s
2026-06-21 18:08:49,839 [INFO] api_clients.pyth_client: Pyth SSE: connecting…
2026-06-21 18:08:50,529 [INFO] api_clients.pyth_client: Pyth SSE: stream live
2026-06-21 18:08:57,043 [WARNING] api_clients.pyth_client: Pyth SSE disconnected: Response payload is not completed: <TransferEncodingError: 400, message='Not enough data to satisfy transfer length header.'>, retrying in 1s
2026-06-21 18:08:58,045 [INFO] api_clients.pyth_client: Pyth SSE: connecting…
2026-06-21 18:08:59,963 [INFO] api_clients.pyth_client: Pyth SSE: stream live
2026-06-21 18:09:02,094 [INFO] strategies.btc_5min: BTC5Min: 2 BTC markets found (mins-to-close: [1430.97, 5.97]), 0 in entry window [0.2–1.5 min]
2026-06-21 18:09:10,727 [INFO] leo.loops: Crypto signal: 18 opps, top edge=95.0%
2026-06-21 18:09:13,374 [INFO] api_clients.polymarket_client: Polymarket: loaded 1000 active markets
2026-06-21 18:09:21,399 [INFO] strategies.news_fade: NewsFade: spike down detected on 0x6439c66cca805cdeb50925a4e67b85d0a2df66eb2f46983ff123fef019d14190 45.50%->42.50%
2026-06-21 18:09:21,401 [INFO] strategies.news_fade: NewsFade: spike down detected on 0x3bff97d05fc9f9cea85327b65b192e26288c59a71eafa12d9d249b50c487de98 0.15%->0.05%
2026-06-21 18:09:21,401 [INFO] strategies.news_fade: NewsFade: spike down detected on 0xa0e2b2e4d3ff27855cc95329b608a8a28bafa78c186c94d7ec041411cf165f10 24.50%->21.50%
2026-06-21 18:09:21,401 [INFO] strategies.news_fade: NewsFade: spike down detected on 0x6b66d4f2f6989c9e0d37eff285c14b357d5825ff3291ab7a240f9d973415643b 36.50%->32.50%
2026-06-21 18:09:21,402 [INFO] strategies.news_fade: NewsFade: spike up detected on 0xb5c0abeecb5502e6e8d83155c27819174d8317af3c425c3afc5a8c45257a3793 17.70%->21.15%
2026-06-21 18:09:21,402 [INFO] strategies.news_fade: NewsFade: spike up detected on 0x774448d69f60b84d855f56ad5bfe1d43b52c928911093efc1730194ce7b99809 16.50%->18.00%
2026-06-21 18:09:21,402 [INFO] strategies.news_fade: NewsFade: spike down detected on 0xaa07df9e536994ba605b8a69dd834941df0e4546a6647a8e8045977081931bc5 42.50%->39.00%
2026-06-21 18:09:21,402 [INFO] strategies.news_fade: NewsFade: spike up detected on 0x746952c6890a9281b34f30d6e3c40221b7074a2fac27cdedc6cb8992a73c0ea8 47.50%->54.50%
2026-06-21 18:09:21,403 [INFO] strategies.news_fade: NewsFade: spike down detected on 0x628b31594cadce2e57764e779fd7ecaf8fc754ddf971064b505e3eabdde71e11 0.25%->0.20%
2026-06-21 18:09:21,403 [INFO] strategies.news_fade: NewsFade: spike down detected on 0xdd173a27a1642c927b7975d8282844e44bcfbd26006e847704500103b4ce1288 0.50%->0.05%
2026-06-21 18:09:21,404 [INFO] strategies.news_fade: NewsFade: spike down detected on 0xd92a2b6359ddd1b3bde306d13ffeb68870497c5b715d4c776c3725a433a12f95 30.50%->28.50%
2026-06-21 18:09:21,404 [INFO] strategies.news_fade: NewsFade: spike down detected on 0x958693bdf3b5cc47eef5d79b71b2a831e0e83f4f97c942784a29f9b857356177 11.50%->9.00%
2026-06-21 18:09:21,404 [INFO] strategies.news_fade: NewsFade: spike up detected on 0x648138aadcca2070222deba2f8234425dd63970c336c79945065dcd341a779c0 39.00%->42.50%
2026-06-21 18:09:21,405 [INFO] strategies.news_fade: NewsFade: spike up detected on 0x6158e42cd3806f1b3e0a546d1e0956e6d3ce97f96939d5b793a04bdef44e9118 35.00%->40.50%
2026-06-21 18:09:21,405 [INFO] strategies.news_fade: NewsFade: spike down detected on 0x4137a3df7995691b8c05646b22ee7a8692458d14b507fe98318c83fd5cef3a6e 0.50%->0.05%
2026-06-21 18:09:21,405 [INFO] strategies.news_fade: NewsFade: spike down detected on 0x8d42c9f7ce54644f286fb37a32aace8d07136dc8cca16f01d5d423962c8fbc22 0.30%->0.10%
2026-06-21 18:09:21,405 [INFO] strategies.news_fade: NewsFade: spike up detected on 0xab34da411ff12ee1660a45b2fe3166a8bf726d0d3f5b491ec60d45e32d8207e9 0.45%->0.50%
2026-06-21 18:09:21,406 [INFO] strategies.news_fade: NewsFade: spike down detected on 0x54ee97ca5e391cdf7e52c773c72f31907d65b598c61d373e96de5e934e82763f 47.50%->31.00%
2026-06-21 18:09:21,406 [INFO] strategies.news_fade: NewsFade: spike up detected on 0x1bcbde89dd24c9b46d1f34cc958d2143c0e95f07a1e966b181f2f9b3c2b07eb8 35.00%->64.50%
2026-06-21 18:09:21,407 [INFO] strategies.news_fade: NewsFade: spike up detected on 0x6bbbb7121686fcec37d4023c81314b13d9c6a0e2bfd056d51d304b7060232c86 3.95%->4.40%
2026-06-21 18:09:21,407 [INFO] strategies.news_fade: NewsFade: spike down detected on 0x688f65175fb63e62f3aeb2acf60ed423ff5f272ab8ec121420ddfd49468b1788 70.50%->66.00%
2026-06-21 18:09:21,407 [INFO] strategies.news_fade: NewsFade: spike up detected on 0xe2ecd1105d08fef39596807f54d6620cdac6080000e49ecf901f82fd686a6e5e 37.15%->42.25%
2026-06-21 18:09:21,409 [INFO] leo.loops: FavoriteShort: 5 opps, top edge=4.0%
2026-06-21 18:09:23,415 [INFO] strategies.btc_5min: BTC5Min: 4 BTC markets found (mins-to-close: [1430.61, 0.61, 5.61, 5.61]), 1 in entry window [0.2–1.5 min]
2026-06-21 18:09:25,183 [INFO] leo.loops: OracleSqueeze: 5 opps, top edge=19.5%
2026-06-21 18:09:41,315 [INFO] leo.loops: Crypto signal: 18 opps, top edge=95.0%
2026-06-21 18:09:45,267 [INFO] strategies.btc_5min: BTC5Min: 4 BTC markets found (mins-to-close: [1430.25, 0.25, 5.25, 5.25]), 1 in entry window [0.2–1.5 min]
2026-06-21 18:09:50,644 [INFO] api_clients.polymarket_client: Polymarket: loaded 1000 active markets
2026-06-21 18:10:07,377 [INFO] strategies.btc_5min: BTC5Min: 4 BTC markets found (mins-to-close: [1429.88, -0.12, 4.88, 4.88]), 0 in entry window [0.2–1.5 min]
2026-06-21 18:10:11,891 [INFO] leo.loops: Crypto signal: 18 opps, top edge=95.0%
2026-06-21 18:10:25,186 [INFO] leo.loops: OracleSqueeze: 5 opps, top edge=19.5%
2026-06-21 18:10:26,996 [INFO] api_clients.polymarket_client: Polymarket: loaded 1000 active markets
2026-06-21 18:10:28,755 [INFO] strategies.btc_5min: BTC5Min: 5 BTC markets found (mins-to-close: [1444.52, 1434.52, 1429.52, -0.48, 4.52]), 0 in entry window [0.2–1.5 min]
2026-06-21 18:10:42,474 [INFO] leo.loops: Crypto signal: 17 opps, top edge=95.0%
2026-06-21 18:10:50,315 [INFO] strategies.btc_5min: BTC5Min: 5 BTC markets found (mins-to-close: [1444.16, 1434.16, 1429.16, -0.84, 4.16]), 0 in entry window [0.2–1.5 min]
2026-06-21 18:11:03,858 [INFO] api_clients.polymarket_client: Polymarket: loaded 1000 active markets
2026-06-21 18:11:11,836 [INFO] strategies.btc_5min: BTC5Min: 5 BTC markets found (mins-to-close: [1443.8, 1433.8, 1428.8, -1.2, 3.8]), 0 in entry window [0.2–1.5 min]
2026-06-21 18:11:13,077 [INFO] leo.loops: Crypto signal: 18 opps, top edge=95.0%
2026-06-21 18:11:25,190 [INFO] leo.loops: OracleSqueeze: 4 opps, top edge=19.5%
2026-06-21 18:11:33,102 [INFO] strategies.btc_5min: BTC5Min: 5 BTC markets found (mins-to-close: [1443.45, 1433.45, 1428.45, -1.55, 3.45]), 0 in entry window [0.2–1.5 min]
2026-06-21 18:11:40,684 [INFO] api_clients.polymarket_client: Polymarket: loaded 1000 active markets
2026-06-21 18:11:43,683 [INFO] leo.loops: Crypto signal: 18 opps, top edge=95.0%
2026-06-21 18:11:50,519 [WARNING] api_clients.pyth_client: Pyth SSE disconnected: Response payload is not completed: <TransferEncodingError: 400, message='Not enough data to satisfy transfer length header.'>, retrying in 1s
2026-06-21 18:11:51,527 [INFO] api_clients.pyth_client: Pyth SSE: connecting…
2026-06-21 18:11:52,098 [INFO] api_clients.pyth_client: Pyth SSE: stream live
2026-06-21 18:11:52,171 [WARNING] api_clients.pyth_client: Pyth SSE disconnected: Response payload is not completed: <TransferEncodingError: 400, message='Not enough data to satisfy transfer length header.'>, retrying in 1s
2026-06-21 18:11:53,175 [INFO] api_clients.pyth_client: Pyth SSE: connecting…
2026-06-21 18:11:54,054 [INFO] api_clients.pyth_client: Pyth SSE: stream live
2026-06-21 18:11:54,124 [INFO] strategies.btc_5min: BTC5Min: 5 BTC markets found (mins-to-close: [1443.1, 1433.1, 1428.1, -1.9, 3.1]), 0 in entry window [0.2–1.5 min]
2026-06-21 18:12:14,286 [INFO] leo.loops: Crypto signal: 18 opps, top edge=95.0%
2026-06-21 18:12:15,143 [INFO] strategies.btc_5min: BTC5Min: 5 BTC markets found (mins-to-close: [1442.75, 1432.75, 1427.75, -2.25, 2.75]), 0 in entry window [0.2–1.5 min]
2026-06-21 18:12:17,825 [INFO] api_clients.polymarket_client: Polymarket: loaded 1000 active markets
2026-06-21 18:12:25,194 [INFO] leo.loops: OracleSqueeze: 6 opps, top edge=22.5%
2026-06-21 18:12:36,467 [INFO] strategies.btc_5min: BTC5Min: 5 BTC markets found (mins-to-close: [1442.39, 1432.39, 1427.39, -2.61, 2.39]), 0 in entry window [0.2–1.5 min]
2026-06-21 18:12:45,185 [INFO] leo.loops: Crypto signal: 18 opps, top edge=95.0%
2026-06-21 18:12:54,153 [INFO] api_clients.polymarket_client: Polymarket: loaded 1000 active markets
2026-06-21 18:12:57,555 [INFO] strategies.btc_5min: BTC5Min: 5 BTC markets found (mins-to-close: [1442.04, 1432.04, 1427.04, -2.96, 2.04]), 0 in entry window [0.2–1.5 min]
2026-06-21 18:13:16,030 [INFO] leo.loops: Crypto signal: 18 opps, top edge=95.0%
2026-06-21 18:13:18,830 [INFO] strategies.btc_5min: BTC5Min: 5 BTC markets found (mins-to-close: [1441.69, 1431.69, 1426.69, -3.31, 1.69]), 0 in entry window [0.2–1.5 min]
2026-06-21 18:13:25,198 [INFO] leo.loops: OracleSqueeze: 6 opps, top edge=22.5%
2026-06-21 18:13:30,797 [INFO] api_clients.polymarket_client: Polymarket: loaded 1000 active markets
2026-06-21 18:13:39,830 [INFO] strategies.btc_5min: BTC5Min: 5 BTC markets found (mins-to-close: [1441.34, 1431.34, 1426.34, -3.66, 1.34]), 1 in entry window [0.2–1.5 min]
2026-06-21 18:13:40,551 [INFO] leo.loops: BTC5Min: 1 opps, top edge=55.9%
2026-06-21 18:13:46,838 [INFO] leo.loops: Crypto signal: 18 opps, top edge=95.0%
2026-06-21 18:14:01,625 [INFO] strategies.btc_5min: BTC5Min: 5 BTC markets found (mins-to-close: [1440.97, 1430.97, 1425.97, -4.03, 0.97]), 1 in entry window [0.2–1.5 min]
2026-06-21 18:14:07,637 [INFO] api_clients.polymarket_client: Polymarket: loaded 1000 active markets
2026-06-21 18:14:17,417 [INFO] leo.loops: Crypto signal: 19 opps, top edge=95.0%
2026-06-21 18:14:17,975 [WARNING] api_clients.pyth_client: Pyth SSE disconnected: Response payload is not completed: <TransferEncodingError: 400, message='Not enough data to satisfy transfer length header.'>, retrying in 1s
2026-06-21 18:14:19,038 [INFO] api_clients.pyth_client: Pyth SSE: connecting…
2026-06-21 18:14:19,558 [INFO] api_clients.pyth_client: Pyth SSE: stream live
2026-06-21 18:14:21,408 [INFO] strategies.news_fade: NewsFade: spike up detected on 0x57406925d820fbce21eee13b25206045221d569aba0585594a5b73ff481c1e59 9.50%->11.50%
2026-06-21 18:14:21,409 [INFO] strategies.news_fade: NewsFade: spike down detected on 0xecf1aace06530e80f9280636b1e1468c916fe89eac4e11e52a1a318177da7dfb 45.50%->0.35%
2026-06-21 18:14:21,410 [INFO] strategies.news_fade: NewsFade: spike up detected on 0xa75bb9517d2bfbf7ed9e15deb7fb5afc2a9fc4478152cec79dc545557b4348cb 9.00%->10.00%
2026-06-21 18:14:21,411 [INFO] strategies.news_fade: NewsFade: spike down detected on 0xab63ca4d2d0f4766e62c9f144dbc71fb08762d32be82a69d21386a20b8234dc7 0.60%->0.05%
2026-06-21 18:14:21,411 [INFO] strategies.news_fade: NewsFade: spike down detected on 0x80f26a282bbb39dddceeac9f6afe8aa5aa0ed11beebd005b3659f42c844a1f0b 19.00%->17.00%
2026-06-21 18:14:21,411 [INFO] strategies.news_fade: NewsFade: spike down detected on 0x3aeac96876e9ac27be1cc5868dcd2544cc74f686f25ba28dcb87d2e571788669 0.40%->0.35%
2026-06-21 18:14:21,412 [INFO] leo.loops: FavoriteShort: 5 opps, top edge=4.0%
2026-06-21 18:14:22,222 [WARNING] api_clients.pyth_client: Pyth SSE disconnected: Response payload is not completed: <TransferEncodingError: 400, message='Not enough data to satisfy transfer length header.'>, retrying in 1s
2026-06-21 18:14:23,243 [INFO] api_clients.pyth_client: Pyth SSE: connecting…
2026-06-21 18:14:23,268 [INFO] strategies.btc_5min: BTC5Min: 6 BTC markets found (mins-to-close: [1440.61, 1430.61, 1425.61, 0.61, 0.61, 0.61]), 3 in entry window [0.2–1.5 min]
2026-06-21 18:14:23,521 [INFO] leo.loops: BTC5Min: 2 opps, top edge=57.5%
2026-06-21 18:14:24,048 [INFO] api_clients.pyth_client: Pyth SSE: stream live
2026-06-21 18:14:25,202 [INFO] leo.loops: OracleSqueeze: 8 opps, top edge=22.5%
2026-06-21 18:14:44,282 [INFO] strategies.btc_5min: BTC5Min: 6 BTC markets found (mins-to-close: [1440.26, 1430.26, 1425.26, 0.26, 0.26, 0.26]), 3 in entry window [0.2–1.5 min]
2026-06-21 18:14:44,540 [INFO] leo.loops: BTC5Min: 3 opps, top edge=94.2%
2026-06-21 18:14:45,072 [INFO] api_clients.polymarket_client: Polymarket: loaded 1000 active markets
2026-06-21 18:14:47,996 [INFO] leo.loops: Crypto signal: 18 opps, top edge=95.0%
2026-06-21 18:14:53,050 [INFO] api_clients.weather_client: Weather: refreshed 13 city forecasts
2026-06-21 18:14:53,055 [INFO] leo.loops: Weather: 17 opps, top edge=97.9%
2026-06-21 18:15:06,009 [INFO] strategies.btc_5min: BTC5Min: 5 BTC markets found (mins-to-close: [1439.9, 1429.9, 1424.9, -0.1, -0.1]), 0 in entry window [0.2–1.5 min]
2026-06-21 18:15:18,577 [INFO] leo.loops: Crypto signal: 18 opps, top edge=95.0%
2026-06-21 18:15:21,387 [INFO] api_clients.polymarket_client: Polymarket: loaded 1000 active markets
2026-06-21 18:15:25,205 [INFO] leo.loops: OracleSqueeze: 7 opps, top edge=22.5%
2026-06-21 18:15:27,379 [INFO] strategies.btc_5min: BTC5Min: 6 BTC markets found (mins-to-close: [309.54, 1434.54, 1439.54, 1429.54, -0.46, -0.46]), 0 in entry window [0.2–1.5 min]
2026-06-21 18:15:35,679 [INFO] api_clients.forecast_client: Forecast: loaded 0 questions (0 meta, 0 manifold)
2026-06-21 18:15:49,420 [INFO] leo.loops: Crypto signal: 18 opps, top edge=95.0%
2026-06-21 18:15:49,571 [INFO] strategies.btc_5min: BTC5Min: 6 BTC markets found (mins-to-close: [309.17, 1434.17, 1439.17, 1429.17, -0.83, -0.83]), 0 in entry window [0.2–1.5 min]
2026-06-21 18:15:58,232 [INFO] api_clients.polymarket_client: Polymarket: loaded 1000 active markets
2026-06-21 18:16:11,303 [INFO] strategies.btc_5min: BTC5Min: 8 BTC markets found (mins-to-close: [308.81, 1433.81, 1438.81, 1428.81, -1.19, -1.19, -1.19, -1.19]), 0 in entry window [0.2–1.5 min]
2026-06-21 18:16:19,991 [INFO] leo.loops: Crypto signal: 18 opps, top edge=95.0%
2026-06-21 18:16:25,208 [INFO] leo.loops: OracleSqueeze: 10 opps, top edge=22.5%
2026-06-21 18:16:32,158 [INFO] strategies.btc_5min: BTC5Min: 8 BTC markets found (mins-to-close: [308.46, 1433.46, 1438.46, 1428.46, -1.54, -1.54, -1.54, -1.54]), 0 in entry window [0.2–1.5 min]
2026-06-21 18:16:35,499 [INFO] api_clients.polymarket_client: Polymarket: loaded 1000 active markets
2026-06-21 18:16:50,827 [INFO] leo.loops: Crypto signal: 18 opps, top edge=95.0%
2026-06-21 18:16:53,441 [INFO] strategies.btc_5min: BTC5Min: 8 BTC markets found (mins-to-close: [308.11, 1433.11, 1438.11, 1428.11, -1.89, -1.89, -1.89, -1.89]), 0 in entry window [0.2–1.5 min]
2026-06-21 18:17:11,919 [INFO] api_clients.polymarket_client: Polymarket: loaded 1000 active markets
2026-06-21 18:17:14,977 [INFO] strategies.btc_5min: BTC5Min: 8 BTC markets found (mins-to-close: [307.75, 1432.75, 1437.75, 1427.75, -2.25, -2.25, -2.25, -2.25]), 0 in entry window [0.2–1.5 min]
2026-06-21 18:17:21,383 [INFO] leo.loops: Crypto signal: 18 opps, top edge=95.0%
2026-06-21 18:17:25,212 [INFO] leo.loops: OracleSqueeze: 10 opps, top edge=22.5%
2026-06-21 18:17:36,580 [INFO] strategies.btc_5min: BTC5Min: 8 BTC markets found (mins-to-close: [307.39, 1432.39, 1437.39, 1427.39, -2.61, -2.61, -2.61, -2.61]), 0 in entry window [0.2–1.5 min]
2026-06-21 18:17:48,894 [INFO] api_clients.polymarket_client: Polymarket: loaded 1000 active markets
2026-06-21 18:17:51,949 [INFO] leo.loops: Crypto signal: 18 opps, top edge=95.0%
2026-06-21 18:17:57,630 [INFO] strategies.btc_5min: BTC5Min: 8 BTC markets found (mins-to-close: [307.04, 1432.04, 1437.04, 1427.04, -2.96, -2.96, -2.96, -2.96]), 0 in entry window [0.2–1.5 min]
2026-06-21 18:18:19,822 [INFO] strategies.btc_5min: BTC5Min: 8 BTC markets found (mins-to-close: [306.67, 1431.67, 1436.67, 1426.67, -3.33, -3.33, -3.33, -3.33]), 0 in entry window [0.2–1.5 min]
2026-06-21 18:18:22,527 [INFO] leo.loops: Crypto signal: 18 opps, top edge=95.0%
2026-06-21 18:18:25,216 [INFO] leo.loops: OracleSqueeze: 10 opps, top edge=22.5%
2026-06-21 18:18:25,691 [INFO] api_clients.polymarket_client: Polymarket: loaded 1000 active markets
2026-06-21 18:18:36,904 [WARNING] api_clients.binance_client: Coinbase snapshot fetch failed (SOLUSDT): 
2026-06-21 18:18:36,906 [WARNING] api_clients.binance_client: Coinbase snapshot fetch failed (ETHUSDT): 
2026-06-21 18:18:36,907 [WARNING] api_clients.binance_client: Coinbase candle fetch failed (ETHUSDT): 
2026-06-21 18:18:41,124 [INFO] strategies.btc_5min: BTC5Min: 8 BTC markets found (mins-to-close: [306.31, 1431.31, 1436.31, 1426.31, -3.69, -3.69, -3.69, -3.69]), 0 in entry window [0.2–1.5 min]
2026-06-21 18:18:53,395 [INFO] leo.loops: Crypto signal: 18 opps, top edge=95.0%
2026-06-21 18:19:02,761 [INFO] strategies.btc_5min: BTC5Min: 8 BTC markets found (mins-to-close: [305.95, 1430.95, 1435.95, 1425.95, -4.05, -4.05, -4.05, -4.05]), 0 in entry window [0.2–1.5 min]
2026-06-21 18:19:03,179 [INFO] api_clients.polymarket_client: Polymarket: loaded 1000 active markets
2026-06-21 18:19:21,412 [INFO] strategies.news_fade: NewsFade: spike down detected on 0x8055bc00f8139bb13e004ca21967edec9a432342ab83a80828541393faa0eb2e 49.50%->46.50%
2026-06-21 18:19:21,413 [INFO] strategies.news_fade: NewsFade: spike up detected on 0x6481f55ae526e2c6c68023b834ae8d4a60ae24cfba47b96e9263d5fbd866f0ad 41.50%->53.50%
2026-06-21 18:19:21,413 [INFO] strategies.news_fade: NewsFade: spike up detected on 0x645007a0231bbc1ce38e802b2717f84d476d72df53f4102c5c51413dce46200b 0.25%->0.35%
2026-06-21 18:19:21,414 [INFO] strategies.news_fade: NewsFade: spike up detected on 0x04fe95ce83c8fbb73697063c6339a2a1b65d27a5d8b495898a84d5ba67627aed 2.95%->3.15%
2026-06-21 18:19:21,414 [INFO] strategies.news_fade: NewsFade: spike up detected on 0x03394b228604d6c51bd372208ba16c0c84cf2e658b58794100db002af28a8412 79.50%->99.50%
2026-06-21 18:19:21,414 [INFO] strategies.news_fade: NewsFade: spike down detected on 0x4e1c008e15b102dd1a7d4d3981575816e5b0e281285fa22533bd7b415c2f5e2d 1.60%->1.30%
2026-06-21 18:19:21,415 [INFO] strategies.news_fade: NewsFade: spike up detected on 0xd654459b14ca4a1a94a604089483b53a671aeeca66a41a3f86649f1bc8fd53d7 40.00%->60.00%
2026-06-21 18:19:21,416 [INFO] strategies.news_fade: NewsFade: spike down detected on 0x525cd9b0964ba41a3cc0a6a9694eaec26db1f5321c6503303c904a63e7c13337 1.20%->0.85%
2026-06-21 18:19:21,416 [INFO] strategies.news_fade: NewsFade: spike up detected on 0x7d06997ea2a6f5742c185321610e879c2de7d64a95b46c018c986ebcce3c9ebf 0.35%->1.35%
2026-06-21 18:19:21,417 [INFO] leo.loops: FavoriteShort: 5 opps, top edge=4.0%
2026-06-21 18:19:23,975 [INFO] leo.loops: Crypto signal: 18 opps, top edge=95.0%
2026-06-21 18:19:24,528 [INFO] strategies.btc_5min: BTC5Min: 7 BTC markets found (mins-to-close: [305.59, 1430.59, 1435.59, 1425.59, -4.41, -4.41, 0.59]), 1 in entry window [0.2–1.5 min]
2026-06-21 18:19:25,219 [INFO] leo.loops: OracleSqueeze: 10 opps, top edge=22.5%
2026-06-21 18:19:39,544 [INFO] api_clients.polymarket_client: Polymarket: loaded 1000 active markets
2026-06-21 18:19:46,527 [INFO] strategies.btc_5min: BTC5Min: 7 BTC markets found (mins-to-close: [305.22, 1430.22, 1435.22, 1425.22, -4.78, -4.78, 0.22]), 1 in entry window [0.2–1.5 min]
2026-06-21 18:19:54,604 [INFO] leo.loops: Crypto signal: 18 opps, top edge=95.0%
2026-06-21 18:20:07,857 [INFO] strategies.btc_5min: BTC5Min: 7 BTC markets found (mins-to-close: [304.87, 1429.87, 1434.87, 1424.87, -5.13, -5.13, -0.13]), 0 in entry window [0.2–1.5 min]
2026-06-21 18:20:16,516 [INFO] api_clients.polymarket_client: Polymarket: loaded 1000 active markets
2026-06-21 18:20:25,220 [INFO] leo.loops: OracleSqueeze: 10 opps, top edge=22.5%
2026-06-21 18:20:25,531 [INFO] leo.loops: Crypto signal: 18 opps, top edge=95.0%
2026-06-21 18:20:29,206 [INFO] strategies.btc_5min: BTC5Min: 8 BTC markets found (mins-to-close: [1434.51, 304.51, 1429.51, 1434.51, 1424.51, -5.49, -5.49, -0.49]), 0 in entry window [0.2–1.5 min]
2026-06-21 18:20:50,079 [INFO] strategies.btc_5min: BTC5Min: 8 BTC markets found (mins-to-close: [1434.17, 304.17, 1429.17, 1434.17, 1424.17, -5.83, -5.83, -0.83]), 0 in entry window [0.2–1.5 min]
2026-06-21 18:20:54,162 [INFO] api_clients.polymarket_client: Polymarket: loaded 1000 active markets
2026-06-21 18:20:56,403 [INFO] leo.loops: Crypto signal: 19 opps, top edge=95.0%
2026-06-21 18:21:11,349 [INFO] strategies.btc_5min: BTC5Min: 6 BTC markets found (mins-to-close: [1433.81, 303.81, 1428.81, 1433.81, 1423.81, -1.19]), 0 in entry window [0.2–1.5 min]
2026-06-21 18:21:25,242 [INFO] leo.loops: OracleSqueeze: 10 opps, top edge=22.5%
2026-06-21 18:21:27,320 [INFO] leo.loops: Crypto signal: 19 opps, top edge=95.0%
2026-06-21 18:21:30,403 [INFO] api_clients.polymarket_client: Polymarket: loaded 1000 active markets
2026-06-21 18:21:32,385 [INFO] strategies.btc_5min: BTC5Min: 7 BTC markets found (mins-to-close: [1433.46, 303.46, 1428.46, 1433.46, 1423.46, -1.54, 8.46]), 0 in entry window [0.2–1.5 min]
2026-06-21 18:21:45,462 [WARNING] api_clients.pyth_client: Pyth SSE disconnected: Response payload is not completed: <TransferEncodingError: 400, message='Not enough data to satisfy transfer length header.'>, retrying in 1s
2026-06-21 18:21:46,466 [INFO] api_clients.pyth_client: Pyth SSE: connecting…
2026-06-21 18:21:46,980 [INFO] api_clients.pyth_client: Pyth SSE: stream live
2026-06-21 18:21:47,775 [WARNING] api_clients.pyth_client: Pyth SSE disconnected: Response payload is not completed: <TransferEncodingError: 400, message='Not enough data to satisfy transfer length header.'>, retrying in 1s
2026-06-21 18:21:48,778 [INFO] api_clients.pyth_client: Pyth SSE: connecting…
2026-06-21 18:21:49,599 [INFO] api_clients.pyth_client: Pyth SSE: stream live
2026-06-21 18:21:54,294 [INFO] strategies.btc_5min: BTC5Min: 7 BTC markets found (mins-to-close: [1433.1, 303.1, 1428.1, 1433.1, 1423.1, -1.9, 8.1]), 0 in entry window [0.2–1.5 min]
2026-06-21 18:21:57,974 [INFO] leo.loops: Crypto signal: 20 opps, top edge=95.0%
2026-06-21 18:22:07,174 [INFO] api_clients.polymarket_client: Polymarket: loaded 1000 active markets
2026-06-21 18:22:15,782 [INFO] strategies.btc_5min: BTC5Min: 7 BTC markets found (mins-to-close: [1432.74, 302.74, 1427.74, 1432.74, 1422.74, -2.26, 7.74]), 0 in entry window [0.2–1.5 min]
2026-06-21 18:22:25,259 [INFO] leo.loops: OracleSqueeze: 5 opps, top edge=20.5%
2026-06-21 18:22:28,591 [INFO] leo.loops: Crypto signal: 19 opps, top edge=95.0%
2026-06-21 18:22:37,627 [INFO] strategies.btc_5min: BTC5Min: 7 BTC markets found (mins-to-close: [1432.37, 302.37, 1427.37, 1432.37, 1422.37, -2.63, 7.37]), 0 in entry window [0.2–1.5 min]
2026-06-21 18:22:38,523 [INFO] leo.loops: OFI: 1 opps, top edge=24.1%
2026-06-21 18:22:44,037 [INFO] api_clients.polymarket_client: Polymarket: loaded 1000 active markets
2026-06-21 18:22:59,179 [INFO] leo.loops: Crypto signal: 19 opps, top edge=95.0%
2026-06-21 18:22:59,461 [INFO] strategies.btc_5min: BTC5Min: 7 BTC markets found (mins-to-close: [1432.01, 302.01, 1427.01, 1432.01, 1422.01, -2.99, 7.01]), 0 in entry window [0.2–1.5 min]
2026-06-21 18:23:21,220 [INFO] api_clients.polymarket_client: Polymarket: loaded 1000 active markets
2026-06-21 18:23:21,296 [INFO] strategies.btc_5min: BTC5Min: 7 BTC markets found (mins-to-close: [1431.65, 301.65, 1426.65, 1431.65, 1421.65, -3.35, 6.65]), 0 in entry window [0.2–1.5 min]
2026-06-21 18:23:25,262 [INFO] leo.loops: OracleSqueeze: 5 opps, top edge=20.5%
2026-06-21 18:23:30,006 [INFO] leo.loops: Crypto signal: 19 opps, top edge=95.0%
2026-06-21 18:23:42,568 [INFO] strategies.btc_5min: BTC5Min: 7 BTC markets found (mins-to-close: [1431.29, 301.29, 1426.29, 1431.29, 1421.29, -3.71, 6.29]), 0 in entry window [0.2–1.5 min]
2026-06-21 18:23:57,939 [INFO] api_clients.polymarket_client: Polymarket: loaded 1000 active markets
2026-06-21 18:24:00,587 [INFO] leo.loops: Crypto signal: 18 opps, top edge=95.0%
2026-06-21 18:24:03,572 [INFO] strategies.btc_5min: BTC5Min: 7 BTC markets found (mins-to-close: [1430.94, 300.94, 1425.94, 1430.94, 1420.94, -4.06, 5.94]), 0 in entry window [0.2–1.5 min]
2026-06-21 18:24:21,452 [INFO] strategies.news_fade: NewsFade: spike up detected on 0x2d8a8c670430061537dd6cb60c0fee0d0e0a4a3430fd00fcb390301f53e7b4d9 21.50%->23.50%
2026-06-21 18:24:21,453 [INFO] strategies.news_fade: NewsFade: spike down detected on 0xe8c86c8884ff7c6041e7d131b365f355829bf5f5761d3aa23fe93cfe24a2e157 19.50%->16.50%
2026-06-21 18:24:21,453 [INFO] strategies.news_fade: NewsFade: spike up detected on 0x91313b82d9b788c005e33814c22573bc646f23dad87cb0bd20e84a94f7f0f2e0 59.50%->99.50%
2026-06-21 18:24:21,453 [INFO] strategies.news_fade: NewsFade: spike down detected on 0x1e503f4929115e272e0d69587640ec442d5c4f1f1f52a77a2640770ccec85de9 10.50%->0.50%
2026-06-21 18:24:21,453 [INFO] strategies.news_fade: NewsFade: spike up detected on 0xadebd6bbf401c9509dd2e78b65a16b567f1f386dccd8cac86cd389bb53ec3a58 5.15%->7.45%
2026-06-21 18:24:21,454 [INFO] strategies.news_fade: NewsFade: spike down detected on 0x0b8fd9e4504743780e231daa52aa2d94aeaaa016c2882c5e37a4e10ef38849be 52.50%->42.50%
2026-06-21 18:24:21,455 [INFO] strategies.news_fade: NewsFade: spike up detected on 0x4a83871e808542d234fc72340d9a1c0d3091a56f863c134e9a71c3534521f774 1.15%->1.25%
2026-06-21 18:24:21,455 [INFO] strategies.news_fade: NewsFade: spike up detected on 0x63e5bffff0d689d9bde662435e6af8c4ad3011b09ed1831d67141dcc9d6105c1 0.05%->0.15%
2026-06-21 18:24:21,456 [INFO] strategies.news_fade: NewsFade: spike down detected on 0xeeb45d63cb338370f7a46f34ac631cf2a3b9a05be025c4a073be13a5a082a165 12.50%->11.00%
2026-06-21 18:24:21,457 [INFO] leo.loops: FavoriteShort: 6 opps, top edge=4.0%
2026-06-21 18:24:25,265 [INFO] leo.loops: OracleSqueeze: 4 opps, top edge=20.5%
2026-06-21 18:24:25,434 [INFO] strategies.btc_5min: BTC5Min: 7 BTC markets found (mins-to-close: [1430.58, 300.58, 1425.58, 1430.58, 1420.58, -4.42, 5.58]), 0 in entry window [0.2–1.5 min]
2026-06-21 18:24:31,149 [INFO] leo.loops: Crypto signal: 18 opps, top edge=95.0%
2026-06-21 18:24:34,683 [INFO] api_clients.polymarket_client: Polymarket: loaded 1000 active markets
2026-06-21 18:24:38,756 [INFO] leo.loops: OFI: 1 opps, top edge=28.4%
2026-06-21 18:24:46,433 [INFO] strategies.btc_5min: BTC5Min: 7 BTC markets found (mins-to-close: [1430.23, 300.23, 1425.23, 1430.23, 1420.23, 0.23, 5.23]), 1 in entry window [0.2–1.5 min]
2026-06-21 18:25:01,717 [INFO] leo.loops: Crypto signal: 17 opps, top edge=95.0%
2026-06-21 18:25:08,298 [INFO] strategies.btc_5min: BTC5Min: 7 BTC markets found (mins-to-close: [1429.86, 299.86, 1424.86, 1429.86, 1419.86, -0.14, 4.86]), 0 in entry window [0.2–1.5 min]
2026-06-21 18:25:12,391 [INFO] api_clients.polymarket_client: Polymarket: loaded 1000 active markets
2026-06-21 18:25:25,268 [INFO] leo.loops: OracleSqueeze: 4 opps, top edge=20.5%
2026-06-21 18:25:30,151 [INFO] strategies.btc_5min: BTC5Min: 10 BTC markets found (mins-to-close: [1434.5, 1444.5, 1429.5, 299.5, 1424.5, 1429.5, 1419.5, -0.5, 4.5, 4.5]), 0 in entry window [0.2–1.5 min]
2026-06-21 18:25:32,285 [INFO] leo.loops: Crypto signal: 18 opps, top edge=95.0%
2026-06-21 18:25:48,406 [INFO] api_clients.polymarket_client: Polymarket: loaded 1000 active markets
2026-06-21 18:25:51,459 [INFO] strategies.btc_5min: BTC5Min: 10 BTC markets found (mins-to-close: [1434.14, 1444.14, 1429.14, 299.14, 1424.14, 1429.14, 1419.14, -0.86, 4.14, 4.14]), 0 in entry window [0.2–1.5 min]
2026-06-21 18:26:02,991 [INFO] leo.loops: Crypto signal: 18 opps, top edge=95.0%
2026-06-21 18:26:12,740 [INFO] strategies.btc_5min: BTC5Min: 10 BTC markets found (mins-to-close: [1433.79, 1443.79, 1428.79, 298.79, 1423.79, 1428.79, 1418.79, -1.21, 3.79, 3.79]), 0 in entry window [0.2–1.5 min]
2026-06-21 18:26:25,271 [INFO] leo.loops: OracleSqueeze: 4 opps, top edge=20.5%
2026-06-21 18:26:25,531 [INFO] api_clients.polymarket_client: Polymarket: loaded 1000 active markets
2026-06-21 18:26:33,614 [INFO] leo.loops: Crypto signal: 18 opps, top edge=95.0%
2026-06-21 18:26:33,853 [INFO] strategies.btc_5min: BTC5Min: 10 BTC markets found (mins-to-close: [1433.44, 1443.44, 1428.44, 298.44, 1423.44, 1428.44, 1418.44, -1.56, -1.56, 3.44]), 0 in entry window [0.2–1.5 min]
2026-06-21 18:26:55,416 [INFO] strategies.btc_5min: BTC5Min: 10 BTC markets found (mins-to-close: [1433.08, 1443.08, 1428.08, 298.08, 1423.08, 1428.08, 1418.08, -1.92, -1.92, 3.08]), 0 in entry window [0.2–1.5 min]
2026-06-21 18:27:02,209 [INFO] api_clients.polymarket_client: Polymarket: loaded 1000 active markets
2026-06-21 18:27:04,172 [INFO] leo.loops: Crypto signal: 19 opps, top edge=95.0%
2026-06-21 18:27:16,466 [INFO] strategies.btc_5min: BTC5Min: 10 BTC markets found (mins-to-close: [1432.73, 1442.73, 1427.73, 297.73, 1422.73, 1427.73, 1417.73, -2.27, -2.27, 2.73]), 0 in entry window [0.2–1.5 min]
2026-06-21 18:27:25,274 [INFO] leo.loops: OracleSqueeze: 5 opps, top edge=22.5%
2026-06-21 18:27:35,061 [INFO] leo.loops: Crypto signal: 19 opps, top edge=95.0%
2026-06-21 18:27:38,372 [INFO] strategies.btc_5min: BTC5Min: 10 BTC markets found (mins-to-close: [1432.36, 1442.36, 1427.36, 297.36, 1422.36, 1427.36, 1417.36, -2.64, -2.64, 2.36]), 0 in entry window [0.2–1.5 min]
2026-06-21 18:27:39,552 [INFO] api_clients.polymarket_client: Polymarket: loaded 1000 active markets
2026-06-21 18:27:41,241 [WARNING] api_clients.pyth_client: Pyth SSE disconnected: Response payload is not completed: <TransferEncodingError: 400, message='Not enough data to satisfy transfer length header.'>, retrying in 1s
2026-06-21 18:27:42,243 [INFO] api_clients.pyth_client: Pyth SSE: connecting…
2026-06-21 18:27:42,931 [INFO] api_clients.pyth_client: Pyth SSE: stream live
2026-06-21 18:27:47,581 [WARNING] api_clients.pyth_client: Pyth SSE disconnected: Response payload is not completed: <TransferEncodingError: 400, message='Not enough data to satisfy transfer length header.'>, retrying in 1s
2026-06-21 18:27:48,583 [INFO] api_clients.pyth_client: Pyth SSE: connecting…
2026-06-21 18:27:49,636 [INFO] api_clients.pyth_client: Pyth SSE: stream live
2026-06-21 18:28:00,217 [INFO] strategies.btc_5min: BTC5Min: 10 BTC markets found (mins-to-close: [1432.0, 1442.0, 1427.0, 297.0, 1422.0, 1427.0, 1417.0, -3.0, -3.0, 2.0]), 0 in entry window [0.2–1.5 min]
2026-06-21 18:28:05,685 [INFO] leo.loops: Crypto signal: 18 opps, top edge=95.0%
2026-06-21 18:28:15,975 [INFO] api_clients.polymarket_client: Polymarket: loaded 1000 active markets
2026-06-21 18:28:21,426 [INFO] strategies.btc_5min: BTC5Min: 10 BTC markets found (mins-to-close: [1431.64, 1441.64, 1426.64, 296.64, 1421.64, 1426.64, 1416.64, -3.36, -3.36, 1.64]), 0 in entry window [0.2–1.5 min]
2026-06-21 18:28:25,285 [INFO] leo.loops: OracleSqueeze: 5 opps, top edge=22.5%
2026-06-21 18:28:36,266 [INFO] leo.loops: Crypto signal: 19 opps, top edge=95.0%
2026-06-21 18:28:43,064 [INFO] strategies.btc_5min: BTC5Min: 10 BTC markets found (mins-to-close: [1431.28, 1441.28, 1426.28, 296.28, 1421.28, 1426.28, 1416.28, -3.72, -3.72, 1.28]), 1 in entry window [0.2–1.5 min]
2026-06-21 18:28:52,937 [INFO] api_clients.polymarket_client: Polymarket: loaded 1000 active markets
2026-06-21 18:29:05,403 [INFO] strategies.btc_5min: BTC5Min: 10 BTC markets found (mins-to-close: [1430.91, 1440.91, 1425.91, 295.91, 1420.91, 1425.91, 1415.91, -4.09, -4.09, 0.91]), 1 in entry window [0.2–1.5 min]
2026-06-21 18:29:06,848 [INFO] leo.loops: Crypto signal: 18 opps, top edge=95.0%
2026-06-21 18:29:21,460 [INFO] strategies.news_fade: NewsFade: spike down detected on 0x08d56195e88cedb87eeff396bd35e8b67d031e586169b3bc937b3095b3cdfe43 66.50%->45.50%
2026-06-21 18:29:21,461 [INFO] strategies.news_fade: NewsFade: spike down detected on 0x9d013d3fc2d53c9c22d1738416312b854b72a80fcbfa5940937928578b686698 39.50%->21.50%
2026-06-21 18:29:21,461 [INFO] strategies.news_fade: NewsFade: spike down detected on 0x7876851632c295043c66536150a304cb785abdf712ba8489d298c6e6926be106 0.55%->0.35%
2026-06-21 18:29:21,461 [INFO] strategies.news_fade: NewsFade: spike up detected on 0xfdfc0dd3151ee5b6f84e874714ff0f1fb0343e0abcc00adfb09bf0213b6fd067 66.50%->89.50%
2026-06-21 18:29:21,462 [INFO] strategies.news_fade: NewsFade: spike up detected on 0x15e879542319645b95191277a21df2f2d2074ea46ec4e202092ac4f18ef59250 89.20%->99.95%
2026-06-21 18:29:21,462 [INFO] strategies.news_fade: NewsFade: spike up detected on 0xa8f530a50516340cbe8968b90699ca621450366dd49e95554abe6148c36dc335 51.50%->56.50%
2026-06-21 18:29:21,462 [INFO] strategies.news_fade: NewsFade: spike down detected on 0x99e5c683143a52e9f129ba97bd9d05a44435008296ac5f148735109a215e5c92 1.50%->1.30%
2026-06-21 18:29:21,463 [INFO] strategies.news_fade: NewsFade: spike up detected on 0x0dcce56c597101571d47ad67fe9bee8a6a8c2571bae122e80dba5a9d4b4cfa4d 0.45%->1.10%
2026-06-21 18:29:21,463 [INFO] strategies.news_fade: NewsFade: spike up detected on 0x8f0dab08e2afc1940317c5b330b05aa442c4ad1432429c14097742fc1038d25b 0.05%->0.25%
2026-06-21 18:29:21,463 [INFO] strategies.news_fade: NewsFade: spike up detected on 0x09508d57e81543629e170ccd145e0da1d1c1fa68817914336c0dff4e1993d230 9.00%->19.00%
2026-06-21 18:29:21,464 [INFO] strategies.news_fade: NewsFade: spike up detected on 0xa38d88bd7bc7cf6501b353f1d8048182399034a7107c269f1e03db9c09bd8cda 76.50%->89.50%
2026-06-21 18:29:21,465 [INFO] leo.loops: FavoriteShort: 6 opps, top edge=4.0%
2026-06-21 18:29:25,290 [INFO] leo.loops: OracleSqueeze: 5 opps, top edge=22.5%
2026-06-21 18:29:27,194 [INFO] strategies.btc_5min: BTC5Min: 10 BTC markets found (mins-to-close: [1430.55, 1440.55, 1425.55, 295.55, 1420.55, 1425.55, 1415.55, -4.45, -4.45, 0.55]), 1 in entry window [0.2–1.5 min]
2026-06-21 18:29:29,973 [INFO] api_clients.polymarket_client: Polymarket: loaded 1000 active markets
2026-06-21 18:29:37,454 [INFO] leo.loops: Crypto signal: 20 opps, top edge=95.0%
2026-06-21 18:29:48,499 [INFO] strategies.btc_5min: BTC5Min: 11 BTC markets found (mins-to-close: [1430.19, 1440.19, 1425.19, 295.19, 1420.19, 1425.19, 1415.19, -4.81, 0.19, 0.19, 0.19]), 0 in entry window [0.2–1.5 min]
2026-06-21 18:30:06,100 [INFO] api_clients.polymarket_client: Polymarket: loaded 1000 active markets
2026-06-21 18:30:08,044 [INFO] leo.loops: Crypto signal: 20 opps, top edge=95.0%
2026-06-21 18:30:09,350 [INFO] strategies.btc_5min: BTC5Min: 11 BTC markets found (mins-to-close: [1429.84, 1439.84, 1424.84, 294.84, 1419.84, 1424.84, 1414.84, -5.16, -0.16, -0.16, -0.16]), 0 in entry window [0.2–1.5 min]
2026-06-21 18:30:25,292 [INFO] leo.loops: OracleSqueeze: 27 opps, top edge=22.5%
2026-06-21 18:30:31,161 [INFO] strategies.btc_5min: BTC5Min: 12 BTC markets found (mins-to-close: [1434.48, 1429.48, 1439.48, 1424.48, 294.48, 1419.48, 1424.48, 1414.48, -5.52, -0.52, -0.52, -0.52]), 0 in entry window [0.2–1.5 min]
2026-06-21 18:30:36,538 [INFO] api_clients.forecast_client: Forecast: loaded 0 questions (0 meta, 0 manifold)
2026-06-21 18:30:38,642 [INFO] leo.loops: Crypto signal: 20 opps, top edge=93.4%
2026-06-21 18:30:42,970 [INFO] api_clients.polymarket_client: Polymarket: loaded 1000 active markets
2026-06-21 18:30:52,168 [INFO] strategies.btc_5min: BTC5Min: 11 BTC markets found (mins-to-close: [1434.13, 1429.13, 1439.13, 1424.13, 294.13, 1419.13, 1424.13, 1414.13, -5.87, -0.87, -0.87]), 0 in entry window [0.2–1.5 min]
2026-06-21 18:31:09,473 [INFO] leo.loops: Crypto signal: 19 opps, top edge=93.4%
2026-06-21 18:31:13,443 [INFO] strategies.btc_5min: BTC5Min: 11 BTC markets found (mins-to-close: [1433.78, 1428.78, 1438.78, 1423.78, 293.78, 1418.78, 1423.78, 1413.78, -6.22, -1.22, -1.22]), 0 in entry window [0.2–1.5 min]
2026-06-21 18:31:19,908 [INFO] api_clients.polymarket_client: Polymarket: loaded 1000 active markets
2026-06-21 18:31:25,297 [INFO] leo.loops: OracleSqueeze: 26 opps, top edge=22.5%
2026-06-21 18:31:35,154 [INFO] strategies.btc_5min: BTC5Min: 11 BTC markets found (mins-to-close: [1433.41, 1428.41, 1438.41, 1423.41, 293.41, 1418.41, 1423.41, 1413.41, -1.59, -1.59, -1.59]), 0 in entry window [0.2–1.5 min]
2026-06-21 18:31:40,068 [INFO] leo.loops: Crypto signal: 20 opps, top edge=93.4%
2026-06-21 18:31:56,434 [INFO] strategies.btc_5min: BTC5Min: 11 BTC markets found (mins-to-close: [1433.06, 1428.06, 1438.06, 1423.06, 293.06, 1418.06, 1423.06, 1413.06, -1.94, -1.94, -1.94]), 0 in entry window [0.2–1.5 min]
2026-06-21 18:31:56,896 [INFO] api_clients.polymarket_client: Polymarket: loaded 1000 active markets
2026-06-21 18:32:10,626 [INFO] leo.loops: Crypto signal: 18 opps, top edge=94.6%
2026-06-21 18:32:17,730 [INFO] strategies.btc_5min: BTC5Min: 11 BTC markets found (mins-to-close: [1432.7, 1427.7, 1437.7, 1422.7, 292.7, 1417.7, 1422.7, 1412.7, -2.3, -2.3, -2.3]), 0 in entry window [0.2–1.5 min]
2026-06-21 18:32:25,302 [INFO] leo.loops: OracleSqueeze: 26 opps, top edge=22.5%
2026-06-21 18:32:33,246 [INFO] api_clients.polymarket_client: Polymarket: loaded 1000 active markets
2026-06-21 18:32:39,666 [INFO] strategies.btc_5min: BTC5Min: 11 BTC markets found (mins-to-close: [1432.34, 1427.34, 1437.34, 1422.34, 292.34, 1417.34, 1422.34, 1412.34, -2.66, -2.66, -2.66]), 0 in entry window [0.2–1.5 min]
2026-06-21 18:32:41,217 [INFO] leo.loops: Crypto signal: 18 opps, top edge=94.6%
2026-06-21 18:33:01,450 [INFO] strategies.btc_5min: BTC5Min: 11 BTC markets found (mins-to-close: [1431.98, 1426.98, 1436.98, 1421.98, 291.98, 1416.98, 1421.98, 1411.98, -3.02, -3.02, -3.02]), 0 in entry window [0.2–1.5 min]
2026-06-21 18:33:10,066 [INFO] api_clients.polymarket_client: Polymarket: loaded 1000 active markets
2026-06-21 18:33:11,800 [INFO] leo.loops: Crypto signal: 18 opps, top edge=94.6%
2026-06-21 18:33:22,449 [INFO] strategies.btc_5min: BTC5Min: 11 BTC markets found (mins-to-close: [1431.63, 1426.63, 1436.63, 1421.63, 291.63, 1416.63, 1421.63, 1411.63, -3.37, -3.37, -3.37]), 0 in entry window [0.2–1.5 min]
2026-06-21 18:33:25,307 [INFO] leo.loops: OracleSqueeze: 26 opps, top edge=22.5%
2026-06-21 18:33:42,386 [INFO] leo.loops: Crypto signal: 18 opps, top edge=94.7%
2026-06-21 18:33:43,414 [INFO] strategies.btc_5min: BTC5Min: 11 BTC markets found (mins-to-close: [1431.28, 1426.28, 1436.28, 1421.28, 291.28, 1416.28, 1421.28, 1411.28, -3.72, -3.72, -3.72]), 0 in entry window [0.2–1.5 min]
2026-06-21 18:33:47,363 [INFO] api_clients.polymarket_client: Polymarket: loaded 1000 active markets
2026-06-21 18:34:05,212 [INFO] strategies.btc_5min: BTC5Min: 11 BTC markets found (mins-to-close: [1430.91, 1425.91, 1435.91, 1420.91, 290.91, 1415.91, 1420.91, 1410.91, -4.09, -4.09, -4.09]), 0 in entry window [0.2–1.5 min]
2026-06-21 18:34:13,025 [INFO] leo.loops: Crypto signal: 19 opps, top edge=94.7%
2026-06-21 18:34:21,467 [INFO] strategies.news_fade: NewsFade: spike down detected on 0x0fb006e0c06caa4db12f7e30ec8c2483d658f83eb57b2ee8eb478e39beca3dfd 0.85%->0.65%
2026-06-21 18:34:21,468 [INFO] strategies.news_fade: NewsFade: spike up detected on 0x065c9c419b6e1efa736760d175f0bb544af3b06c908d2bdcf7a942092faec5a7 0.45%->0.75%
2026-06-21 18:34:21,468 [INFO] strategies.news_fade: NewsFade: spike up detected on 0x92a51b34566643255d00ba41f2292b483d0f7e8fa7d3c0aa1d66653f4d6262e7 75.00%->83.50%
2026-06-21 18:34:21,469 [INFO] strategies.news_fade: NewsFade: spike up detected on 0xdb288a299de78d72820d58a6ea3cbc251a32f0c08b72b1c3e1a755f35213199a 37.50%->58.00%
2026-06-21 18:34:21,469 [INFO] strategies.news_fade: NewsFade: spike down detected on 0x6a9ff0d5f586e70e940a7158fcca086f46214b7ebfd08f03b7544c03f522b7c1 0.50%->0.05%
2026-06-21 18:34:21,469 [INFO] strategies.news_fade: NewsFade: spike up detected on 0x4627d76ee01f7beff30ad41f6598ea610e6ad5e19e0b6775c930f61e62a2e10f 0.45%->0.60%
2026-06-21 18:34:21,469 [INFO] strategies.news_fade: NewsFade: spike down detected on 0x715b103379f9a43b57d876d54ffb3319353f7871adbc156ad04c3cd6c23bd49b 46.50%->41.00%
2026-06-21 18:34:21,470 [INFO] leo.loops: FavoriteShort: 6 opps, top edge=4.0%
2026-06-21 18:34:23,715 [INFO] api_clients.polymarket_client: Polymarket: loaded 1000 active markets
2026-06-21 18:34:25,312 [INFO] leo.loops: OracleSqueeze: 26 opps, top edge=22.5%
2026-06-21 18:34:26,469 [INFO] strategies.btc_5min: BTC5Min: 10 BTC markets found (mins-to-close: [1430.56, 1425.56, 1435.56, 1420.56, 290.56, 1415.56, 1420.56, 1410.56, -4.44, 0.56]), 1 in entry window [0.2–1.5 min]
2026-06-21 18:34:43,439 [INFO] leo.loops: Crypto signal: 18 opps, top edge=94.7%
2026-06-21 18:34:48,748 [INFO] strategies.btc_5min: BTC5Min: 10 BTC markets found (mins-to-close: [1430.19, 1425.19, 1435.19, 1420.19, 290.19, 1415.19, 1420.19, 1410.19, -4.81, 0.19]), 0 in entry window [0.2–1.5 min]
2026-06-21 18:35:00,422 [INFO] api_clients.polymarket_client: Polymarket: loaded 1000 active markets
2026-06-21 18:35:10,275 [INFO] strategies.btc_5min: BTC5Min: 10 BTC markets found (mins-to-close: [1429.83, 1424.83, 1434.83, 1419.83, 289.83, 1414.83, 1419.83, 1409.83, -5.17, -0.17]), 0 in entry window [0.2–1.5 min]
2026-06-21 18:35:14,022 [INFO] leo.loops: Crypto signal: 18 opps, top edge=94.8%
2026-06-21 18:35:25,320 [INFO] leo.loops: OracleSqueeze: 26 opps, top edge=22.5%
2026-06-21 18:35:32,156 [INFO] strategies.btc_5min: BTC5Min: 11 BTC markets found (mins-to-close: [1434.46, 1429.46, 1424.46, 1434.46, 1419.46, 289.46, 1414.46, 1419.46, 1409.46, -5.54, -0.54]), 0 in entry window [0.2–1.5 min]
2026-06-21 18:35:34,561 [WARNING] api_clients.pyth_client: Pyth SSE disconnected: Response payload is not completed: <TransferEncodingError: 400, message='Not enough data to satisfy transfer length header.'>, retrying in 1s
2026-06-21 18:35:35,566 [INFO] api_clients.pyth_client: Pyth SSE: connecting…
2026-06-21 18:35:36,121 [INFO] api_clients.pyth_client: Pyth SSE: stream live
2026-06-21 18:35:37,790 [INFO] api_clients.polymarket_client: Polymarket: loaded 1000 active markets
2026-06-21 18:35:39,835 [WARNING] api_clients.pyth_client: Pyth SSE disconnected: Response payload is not completed: <TransferEncodingError: 400, message='Not enough data to satisfy transfer length header.'>, retrying in 1s
2026-06-21 18:35:40,837 [INFO] api_clients.pyth_client: Pyth SSE: connecting…
2026-06-21 18:35:41,609 [INFO] api_clients.pyth_client: Pyth SSE: stream live
2026-06-21 18:35:44,172 [INFO] leo.loops: Crypto signal: 18 opps, top edge=94.7%
2026-06-21 18:35:53,780 [INFO] strategies.btc_5min: BTC5Min: 11 BTC markets found (mins-to-close: [1434.1, 1429.1, 1424.1, 1434.1, 1419.1, 289.1, 1414.1, 1419.1, 1409.1, -5.9, -0.9]), 0 in entry window [0.2–1.5 min]
2026-06-21 18:36:14,213 [INFO] api_clients.polymarket_client: Polymarket: loaded 1000 active markets
2026-06-21 18:36:14,756 [INFO] leo.loops: Crypto signal: 19 opps, top edge=94.8%
2026-06-21 18:36:15,157 [INFO] strategies.btc_5min: BTC5Min: 11 BTC markets found (mins-to-close: [1433.75, 1428.75, 1423.75, 1433.75, 1418.75, 288.75, 1413.75, 1418.75, 1408.75, -1.25, -1.25]), 0 in entry window [0.2–1.5 min]
2026-06-21 18:36:25,325 [INFO] leo.loops: OracleSqueeze: 26 opps, top edge=21.0%
2026-06-21 18:36:37,414 [INFO] strategies.btc_5min: BTC5Min: 11 BTC markets found (mins-to-close: [1433.38, 1428.38, 1423.38, 1433.38, 1418.38, 288.38, 1413.38, 1418.38, 1408.38, -1.62, -1.62]), 0 in entry window [0.2–1.5 min]
2026-06-21 18:36:40,739 [INFO] leo.loops: OFI: 1 opps, top edge=5.4%
2026-06-21 18:36:45,168 [INFO] leo.loops: Crypto signal: 19 opps, top edge=94.8%
2026-06-21 18:36:50,937 [INFO] api_clients.polymarket_client: Polymarket: loaded 1000 active markets
2026-06-21 18:36:58,747 [INFO] strategies.btc_5min: BTC5Min: 11 BTC markets found (mins-to-close: [1433.02, 1428.02, 1423.02, 1433.02, 1418.02, 288.02, 1413.02, 1418.02, 1408.02, -1.98, -1.98]), 0 in entry window [0.2–1.5 min]
2026-06-21 18:37:15,994 [INFO] leo.loops: Crypto signal: 19 opps, top edge=94.8%
2026-06-21 18:37:19,886 [INFO] strategies.btc_5min: BTC5Min: 11 BTC markets found (mins-to-close: [1432.67, 1427.67, 1422.67, 1432.67, 1417.67, 287.67, 1412.67, 1417.67, 1407.67, -2.33, -2.33]), 0 in entry window [0.2–1.5 min]
2026-06-21 18:37:25,368 [INFO] leo.loops: OracleSqueeze: 25 opps, top edge=21.0%
2026-06-21 18:37:27,633 [INFO] api_clients.polymarket_client: Polymarket: loaded 1000 active markets
2026-06-21 18:37:41,526 [INFO] strategies.btc_5min: BTC5Min: 11 BTC markets found (mins-to-close: [1432.31, 1427.31, 1422.31, 1432.31, 1417.31, 287.31, 1412.31, 1417.31, 1407.31, -2.69, -2.69]), 0 in entry window [0.2–1.5 min]
2026-06-21 18:37:46,323 [INFO] leo.loops: Crypto signal: 19 opps, top edge=94.8%
2026-06-21 18:38:03,619 [INFO] strategies.btc_5min: BTC5Min: 11 BTC markets found (mins-to-close: [1431.94, 1426.94, 1421.94, 1431.94, 1416.94, 286.94, 1411.94, 1416.94, 1406.94, -3.06, -3.06]), 0 in entry window [0.2–1.5 min]
2026-06-21 18:38:04,699 [INFO] api_clients.polymarket_client: Polymarket: loaded 1000 active markets
2026-06-21 18:38:12,393 [WARNING] api_clients.pyth_client: Pyth SSE disconnected: Response payload is not completed: <TransferEncodingError: 400, message='Not enough data to satisfy transfer length header.'>, retrying in 1s
2026-06-21 18:38:13,398 [INFO] api_clients.pyth_client: Pyth SSE: connecting…
2026-06-21 18:38:13,918 [INFO] api_clients.pyth_client: Pyth SSE: stream live
2026-06-21 18:38:17,232 [INFO] leo.loops: Crypto signal: 19 opps, top edge=94.8%
2026-06-21 18:38:18,067 [WARNING] api_clients.pyth_client: Pyth SSE disconnected: Response payload is not completed: <TransferEncodingError: 400, message='Not enough data to satisfy transfer length header.'>, retrying in 1s
2026-06-21 18:38:19,069 [INFO] api_clients.pyth_client: Pyth SSE: connecting…
2026-06-21 18:38:20,023 [INFO] api_clients.pyth_client: Pyth SSE: stream live
2026-06-21 18:38:24,894 [INFO] strategies.btc_5min: BTC5Min: 11 BTC markets found (mins-to-close: [1431.59, 1426.59, 1421.59, 1431.59, 1416.59, 286.59, 1411.59, 1416.59, 1406.59, -3.41, -3.41]), 0 in entry window [0.2–1.5 min]
2026-06-21 18:38:25,382 [INFO] leo.loops: OracleSqueeze: 25 opps, top edge=21.0%
2026-06-21 18:38:40,949 [INFO] leo.loops: OFI: 2 opps, top edge=10.3%
2026-06-21 18:38:41,165 [INFO] api_clients.polymarket_client: Polymarket: loaded 1000 active markets
2026-06-21 18:38:46,401 [INFO] strategies.btc_5min: BTC5Min: 11 BTC markets found (mins-to-close: [1431.23, 1426.23, 1421.23, 1431.23, 1416.23, 286.23, 1411.23, 1416.23, 1406.23, -3.77, -3.77]), 0 in entry window [0.2–1.5 min]
2026-06-21 18:38:47,536 [INFO] leo.loops: Crypto signal: 19 opps, top edge=94.8%
2026-06-21 18:39:07,096 [WARNING] api_clients.pyth_client: Pyth SSE disconnected: Response payload is not completed: <TransferEncodingError: 400, message='Not enough data to satisfy transfer length header.'>, retrying in 1s
2026-06-21 18:39:08,099 [INFO] api_clients.pyth_client: Pyth SSE: connecting…
2026-06-21 18:39:08,603 [INFO] api_clients.pyth_client: Pyth SSE: stream live
2026-06-21 18:39:08,719 [INFO] strategies.btc_5min: BTC5Min: 11 BTC markets found (mins-to-close: [1430.85, 1425.85, 1420.85, 1430.85, 1415.85, 285.85, 1410.85, 1415.85, 1405.85, -4.15, -4.15]), 0 in entry window [0.2–1.5 min]
2026-06-21 18:39:13,856 [WARNING] api_clients.pyth_client: Pyth SSE disconnected: Response payload is not completed: <TransferEncodingError: 400, message='Not enough data to satisfy transfer length header.'>, retrying in 1s
2026-06-21 18:39:14,858 [INFO] api_clients.pyth_client: Pyth SSE: connecting…
2026-06-21 18:39:17,513 [INFO] api_clients.pyth_client: Pyth SSE: stream live
2026-06-21 18:39:17,928 [INFO] api_clients.polymarket_client: Polymarket: loaded 1000 active markets
2026-06-21 18:39:18,446 [INFO] leo.loops: Crypto signal: 18 opps, top edge=93.8%
2026-06-21 18:39:21,496 [INFO] strategies.news_fade: NewsFade: spike up detected on 0x1be62d973dc8fb45de714eb2113118b6ac3e47694f8b0801c0c41d992d0b7c9f 2.85%->3.25%
2026-06-21 18:39:21,496 [INFO] strategies.news_fade: NewsFade: spike down detected on 0x459075b402a053a3defa0fca9ee540f23de3770b1b3d8283d1bd24a4565a0bcb 0.65%->0.60%
2026-06-21 18:39:21,497 [INFO] strategies.news_fade: NewsFade: spike down detected on 0xcd78e258cfc6acc805cbb92911a4a7e27f4fd2eacc629bca265a0ca475bd02cd 10.50%->9.50%
2026-06-21 18:39:21,497 [INFO] strategies.news_fade: NewsFade: spike down detected on 0x32f5e88162b712d8a1706451b4b52832193b2e961fe49095f873bbf44e492229 0.25%->0.20%
2026-06-21 18:39:21,497 [INFO] strategies.news_fade: NewsFade: spike up detected on 0x5293370940832d9e4cb63684e3ec9f47559b01cb6efb183937f5832d86912dc2 8.00%->19.00%
2026-06-21 18:39:21,498 [INFO] strategies.news_fade: NewsFade: spike down detected on 0x3ed45317bc40e9d1f093eb0c5a164ee4bfa1739a3cc3c392d591097e3a33d95c 84.50%->79.00%
2026-06-21 18:39:21,498 [INFO] strategies.news_fade: NewsFade: spike down detected on 0xc32625f7b0ee6bea66dac05cc7a31ed770f1a3f49d330ff4a851de93d345a3cc 34.50%->31.50%
2026-06-21 18:39:21,498 [INFO] strategies.news_fade: NewsFade: spike up detected on 0xb215decbedd846168842f6e207f09bd5f50ce51d2191f238887d976ec21b6f66 0.35%->0.40%
2026-06-21 18:39:21,498 [INFO] strategies.news_fade: NewsFade: spike down detected on 0xd950c9590fd84b48667a4400a2cd53a55d32bb8385bd6af7e44b1f1ff9cf7220 0.45%->0.35%
2026-06-21 18:39:21,499 [INFO] strategies.news_fade: NewsFade: spike down detected on 0xeca3670f936b53e463f84080e0c579ac3d8d4dccf13ae4a6a72c2bd051584530 0.15%->0.05%
2026-06-21 18:39:21,499 [INFO] strategies.news_fade: NewsFade: spike up detected on 0xafe2403473b7b181e5ed1f4e39570d1b7ad3dd414aea5aa99f28a19e66ed1151 3.05%->3.50%
2026-06-21 18:39:21,500 [INFO] leo.loops: FavoriteShort: 5 opps, top edge=4.0%
2026-06-21 18:39:25,384 [INFO] leo.loops: OracleSqueeze: 24 opps, top edge=21.0%
2026-06-21 18:39:29,858 [INFO] strategies.btc_5min: BTC5Min: 11 BTC markets found (mins-to-close: [1430.5, 1425.5, 1420.5, 1430.5, 1415.5, 285.5, 1410.5, 1415.5, 1405.5, -4.5, 0.5]), 1 in entry window [0.2–1.5 min]
2026-06-21 18:39:30,650 [INFO] leo.loops: BTC5Min: 1 opps, top edge=9.4%
2026-06-21 18:39:49,102 [INFO] leo.loops: Crypto signal: 18 opps, top edge=93.8%
2026-06-21 18:39:51,436 [INFO] strategies.btc_5min: BTC5Min: 11 BTC markets found (mins-to-close: [1430.14, 1425.14, 1420.14, 1430.14, 1415.14, 285.14, 1410.14, 1415.14, 1405.14, -4.86, 0.14]), 0 in entry window [0.2–1.5 min]
2026-06-21 18:39:55,466 [INFO] api_clients.polymarket_client: Polymarket: loaded 1000 active markets
2026-06-21 18:40:13,307 [INFO] strategies.btc_5min: BTC5Min: 13 BTC markets found (mins-to-close: [1434.78, 1444.78, 1429.78, 1424.78, 1419.78, 1429.78, 1414.78, 284.78, 1409.78, 1414.78, 1404.78, -5.22, -0.22]), 0 in entry window [0.2–1.5 min]
2026-06-21 18:40:19,673 [INFO] leo.loops: Crypto signal: 18 opps, top edge=93.8%
2026-06-21 18:40:25,389 [INFO] leo.loops: OracleSqueeze: 24 opps, top edge=21.0%
2026-06-21 18:40:31,524 [INFO] api_clients.polymarket_client: Polymarket: loaded 1000 active markets
2026-06-21 18:40:34,297 [INFO] strategies.btc_5min: BTC5Min: 13 BTC markets found (mins-to-close: [1434.43, 1444.43, 1429.43, 1424.43, 1419.43, 1429.43, 1414.43, 284.43, 1409.43, 1414.43, 1404.43, -5.57, -0.57]), 0 in entry window [0.2–1.5 min]
2026-06-21 18:40:50,318 [INFO] leo.loops: Crypto signal: 18 opps, top edge=93.8%
2026-06-21 18:40:55,881 [INFO] strategies.btc_5min: BTC5Min: 13 BTC markets found (mins-to-close: [1434.07, 1444.07, 1429.07, 1424.07, 1419.07, 1429.07, 1414.07, 284.07, 1409.07, 1414.07, 1404.07, -5.93, -0.93]), 0 in entry window [0.2–1.5 min]
2026-06-21 18:41:08,430 [INFO] api_clients.polymarket_client: Polymarket: loaded 1000 active markets
2026-06-21 18:41:17,487 [INFO] strategies.btc_5min: BTC5Min: 14 BTC markets found (mins-to-close: [1433.71, 1443.71, 1428.71, 1423.71, 1418.71, 1428.71, 1413.71, 283.71, 1408.71, 1413.71, 1403.71, -1.29, -1.29, 3.71]), 0 in entry window [0.2–1.5 min]
2026-06-21 18:41:21,203 [INFO] leo.loops: Crypto signal: 18 opps, top edge=93.8%
2026-06-21 18:41:25,400 [INFO] leo.loops: OracleSqueeze: 21 opps, top edge=21.5%
2026-06-21 18:41:39,946 [INFO] strategies.btc_5min: BTC5Min: 14 BTC markets found (mins-to-close: [1433.33, 1443.33, 1428.33, 1423.33, 1418.33, 1428.33, 1413.33, 283.33, 1408.33, 1413.33, 1403.33, -1.67, -1.67, 3.33]), 0 in entry window [0.2–1.5 min]
2026-06-21 18:41:45,923 [INFO] api_clients.polymarket_client: Polymarket: loaded 1000 active markets
2026-06-21 18:41:51,532 [INFO] leo.loops: Crypto signal: 18 opps, top edge=93.8%
2026-06-21 18:42:01,485 [INFO] strategies.btc_5min: BTC5Min: 14 BTC markets found (mins-to-close: [1432.98, 1442.98, 1427.98, 1422.98, 1417.98, 1427.98, 1412.98, 282.98, 1407.98, 1412.98, 1402.98, -2.02, -2.02, 2.98]), 0 in entry window [0.2–1.5 min]
2026-06-21 18:42:22,426 [INFO] leo.loops: Crypto signal: 18 opps, top edge=93.8%
2026-06-21 18:42:22,586 [INFO] strategies.btc_5min: BTC5Min: 14 BTC markets found (mins-to-close: [1432.62, 1442.62, 1427.62, 1422.62, 1417.62, 1427.62, 1412.62, 282.62, 1407.62, 1412.62, 1402.62, -2.38, -2.38, 2.62]), 0 in entry window [0.2–1.5 min]
2026-06-21 18:42:22,587 [INFO] api_clients.polymarket_client: Polymarket: loaded 1000 active markets
2026-06-21 18:42:25,403 [INFO] leo.loops: OracleSqueeze: 22 opps, top edge=21.5%
2026-06-21 18:42:44,279 [INFO] strategies.btc_5min: BTC5Min: 14 BTC markets found (mins-to-close: [1432.26, 1442.26, 1427.26, 1422.26, 1417.26, 1427.26, 1412.26, 282.26, 1407.26, 1412.26, 1402.26, -2.74, -2.74, 2.26]), 0 in entry window [0.2–1.5 min]
2026-06-21 18:42:52,802 [INFO] leo.loops: Crypto signal: 18 opps, top edge=93.8%
2026-06-21 18:42:59,185 [INFO] api_clients.polymarket_client: Polymarket: loaded 1000 active markets
2026-06-21 18:43:05,136 [INFO] strategies.btc_5min: BTC5Min: 14 BTC markets found (mins-to-close: [1431.91, 1441.91, 1426.91, 1421.91, 1416.91, 1426.91, 1411.91, 281.91, 1406.91, 1411.91, 1401.91, -3.09, -3.09, 1.91]), 0 in entry window [0.2–1.5 min]
2026-06-21 18:43:25,407 [INFO] leo.loops: OracleSqueeze: 22 opps, top edge=21.5%
2026-06-21 18:43:26,755 [INFO] strategies.btc_5min: BTC5Min: 14 BTC markets found (mins-to-close: [1431.55, 1441.55, 1426.55, 1421.55, 1416.55, 1426.55, 1411.55, 281.55, 1406.55, 1411.55, 1401.55, -3.45, -3.45, 1.55]), 0 in entry window [0.2–1.5 min]
2026-06-21 18:43:27,005 [INFO] leo.loops: Crypto signal: 18 opps, top edge=93.8%
2026-06-21 18:43:36,200 [INFO] api_clients.polymarket_client: Polymarket: loaded 1000 active markets
2026-06-21 18:43:48,335 [INFO] strategies.btc_5min: BTC5Min: 14 BTC markets found (mins-to-close: [1431.19, 1441.19, 1426.19, 1421.19, 1416.19, 1426.19, 1411.19, 281.19, 1406.19, 1411.19, 1401.19, -3.81, -3.81, 1.19]), 1 in entry window [0.2–1.5 min]
2026-06-21 18:43:49,271 [INFO] leo.loops: BTC5Min: 1 opps, top edge=85.9%
2026-06-21 18:43:57,341 [INFO] leo.loops: Crypto signal: 18 opps, top edge=93.8%
2026-06-21 18:44:10,280 [INFO] strategies.btc_5min: BTC5Min: 14 BTC markets found (mins-to-close: [1430.83, 1440.83, 1425.83, 1420.83, 1415.83, 1425.83, 1410.83, 280.83, 1405.83, 1410.83, 1400.83, -4.17, -4.17, 0.83]), 1 in entry window [0.2–1.5 min]
2026-06-21 18:44:10,530 [INFO] leo.loops: BTC5Min: 1 opps, top edge=85.2%
2026-06-21 18:44:13,622 [INFO] api_clients.polymarket_client: Polymarket: loaded 1000 active markets
2026-06-21 18:44:21,503 [INFO] strategies.news_fade: NewsFade: spike up detected on 0x14da6b7a7b210f833811c5d2577252cfe239e840279edc8d70b3ffb990ce6bee 82.20%->89.45%
2026-06-21 18:44:21,504 [INFO] strategies.news_fade: NewsFade: spike up detected on 0x0ea535b108eca958a70729a4f1439ad89652bab7ddbc603985ea9cdb6a0535f2 21.50%->23.50%
2026-06-21 18:44:21,504 [INFO] strategies.news_fade: NewsFade: spike up detected on 0xfac0a412271c674cddd7ef98d8ffe9b674400c9df24d1fccc0db2876b6b3a716 87.50%->99.50%
2026-06-21 18:44:21,505 [INFO] strategies.news_fade: NewsFade: spike down detected on 0xb7a06207b1eac06d35bf2dfdefd9e9429aa490d120091c43970b2a80a9133402 0.30%->0.25%
2026-06-21 18:44:21,505 [INFO] strategies.news_fade: NewsFade: spike down detected on 0xe4c1477227e9d29472fd9a7467f416e492ff49a2ef12426691405c9f155b5867 26.00%->23.50%
2026-06-21 18:44:21,505 [INFO] strategies.news_fade: NewsFade: spike up detected on 0x3be6b8118fc5211e625bf27d20667ddc68c558c8e2c2c6c947da3f81da0b562d 0.10%->0.30%
2026-06-21 18:44:21,505 [INFO] leo.loops: FavoriteShort: 5 opps, top edge=4.0%
2026-06-21 18:44:25,412 [INFO] leo.loops: OracleSqueeze: 23 opps, top edge=21.5%
2026-06-21 18:44:28,188 [INFO] leo.loops: Crypto signal: 18 opps, top edge=93.8%
2026-06-21 18:44:31,549 [INFO] strategies.btc_5min: BTC5Min: 14 BTC markets found (mins-to-close: [1430.47, 1440.47, 1425.47, 1420.47, 1415.47, 1425.47, 1410.47, 280.47, 1405.47, 1410.47, 1400.47, -4.53, 0.47, 0.47]), 2 in entry window [0.2–1.5 min]
2026-06-21 18:44:31,806 [INFO] leo.loops: BTC5Min: 2 opps, top edge=90.5%
2026-06-21 18:44:41,554 [INFO] leo.loops: OFI: 1 opps, top edge=17.8%
2026-06-21 18:44:50,203 [INFO] api_clients.polymarket_client: Polymarket: loaded 1000 active markets
2026-06-21 18:44:52,874 [INFO] strategies.btc_5min: BTC5Min: 14 BTC markets found (mins-to-close: [1430.12, 1440.12, 1425.12, 1420.12, 1415.12, 1425.12, 1410.12, 280.12, 1405.12, 1410.12, 1400.12, -4.88, 0.12, 0.12]), 0 in entry window [0.2–1.5 min]
2026-06-21 18:44:53,883 [INFO] api_clients.weather_client: Weather: refreshed 13 city forecasts
2026-06-21 18:44:53,888 [INFO] leo.loops: Weather: 17 opps, top edge=97.9%
2026-06-21 18:44:58,780 [INFO] leo.loops: Crypto signal: 18 opps, top edge=93.8%
2026-06-21 18:45:14,821 [INFO] strategies.btc_5min: BTC5Min: 3 BTC markets found (mins-to-close: [-5.25, -0.25, -0.25]), 0 in entry window [0.2–1.5 min]
2026-06-21 18:45:25,414 [INFO] leo.loops: OracleSqueeze: 23 opps, top edge=21.5%
2026-06-21 18:45:26,807 [INFO] api_clients.polymarket_client: Polymarket: loaded 1000 active markets
2026-06-21 18:45:29,533 [INFO] leo.loops: Crypto signal: 18 opps, top edge=93.8%
2026-06-21 18:45:36,150 [INFO] strategies.btc_5min: BTC5Min: 4 BTC markets found (mins-to-close: [-5.6, -0.6, -0.6, -0.6]), 0 in entry window [0.2–1.5 min]
2026-06-21 18:45:37,488 [INFO] api_clients.forecast_client: Forecast: loaded 0 questions (0 meta, 0 manifold)
2026-06-21 18:45:57,402 [INFO] strategies.btc_5min: BTC5Min: 4 BTC markets found (mins-to-close: [-5.96, -0.96, -0.96, -0.96]), 0 in entry window [0.2–1.5 min]
2026-06-21 18:46:00,122 [INFO] leo.loops: Crypto signal: 18 opps, top edge=93.8%
2026-06-21 18:46:03,889 [INFO] api_clients.polymarket_client: Polymarket: loaded 1000 active markets
2026-06-21 18:46:19,793 [INFO] strategies.btc_5min: BTC5Min: 3 BTC markets found (mins-to-close: [-1.33, -1.33, -1.33]), 0 in entry window [0.2–1.5 min]
2026-06-21 18:46:25,416 [INFO] leo.loops: OracleSqueeze: 20 opps, top edge=21.5%
2026-06-21 18:46:30,692 [INFO] leo.loops: Crypto signal: 18 opps, top edge=93.8%
2026-06-21 18:46:40,901 [INFO] api_clients.polymarket_client: Polymarket: loaded 1000 active markets
2026-06-21 18:46:44,024 [INFO] strategies.btc_5min: BTC5Min: 3 BTC markets found (mins-to-close: [-1.73, -1.73, -1.73]), 0 in entry window [0.2–1.5 min]
2026-06-21 18:47:01,311 [INFO] leo.loops: Crypto signal: 18 opps, top edge=93.8%
2026-06-21 18:47:05,270 [INFO] strategies.btc_5min: BTC5Min: 3 BTC markets found (mins-to-close: [-2.09, -2.09, -2.09]), 0 in entry window [0.2–1.5 min]
2026-06-21 18:47:17,551 [INFO] api_clients.polymarket_client: Polymarket: loaded 1000 active markets
2026-06-21 18:47:25,420 [INFO] leo.loops: OracleSqueeze: 24 opps, top edge=21.5%
2026-06-21 18:47:26,835 [INFO] strategies.btc_5min: BTC5Min: 3 BTC markets found (mins-to-close: [-2.45, -2.45, -2.45]), 0 in entry window [0.2–1.5 min]
2026-06-21 18:47:31,874 [INFO] leo.loops: Crypto signal: 18 opps, top edge=93.8%
2026-06-21 18:47:48,581 [INFO] strategies.btc_5min: BTC5Min: 3 BTC markets found (mins-to-close: [-2.81, -2.81, -2.81]), 0 in entry window [0.2–1.5 min]
2026-06-21 18:47:54,346 [INFO] api_clients.polymarket_client: Polymarket: loaded 1000 active markets
2026-06-21 18:48:02,442 [INFO] leo.loops: Crypto signal: 18 opps, top edge=93.8%
2026-06-21 18:48:10,789 [INFO] strategies.btc_5min: BTC5Min: 3 BTC markets found (mins-to-close: [-3.18, -3.18, -3.18]), 0 in entry window [0.2–1.5 min]
2026-06-21 18:48:25,423 [INFO] leo.loops: OracleSqueeze: 24 opps, top edge=21.5%
2026-06-21 18:48:31,470 [INFO] api_clients.polymarket_client: Polymarket: loaded 1000 active markets
2026-06-21 18:48:32,300 [INFO] strategies.btc_5min: BTC5Min: 3 BTC markets found (mins-to-close: [-3.54, -3.54, -3.54]), 0 in entry window [0.2–1.5 min]
2026-06-21 18:48:33,017 [INFO] leo.loops: Crypto signal: 18 opps, top edge=93.8%
2026-06-21 18:48:54,068 [INFO] strategies.btc_5min: BTC5Min: 3 BTC markets found (mins-to-close: [-3.9, -3.9, -3.9]), 0 in entry window [0.2–1.5 min]
2026-06-21 18:49:03,585 [INFO] leo.loops: Crypto signal: 18 opps, top edge=93.8%
2026-06-21 18:49:08,154 [INFO] api_clients.polymarket_client: Polymarket: loaded 1000 active markets
2026-06-21 18:49:15,065 [INFO] strategies.btc_5min: BTC5Min: 4 BTC markets found (mins-to-close: [-4.25, 0.75, -4.25, -4.25]), 1 in entry window [0.2–1.5 min]
2026-06-21 18:49:21,509 [INFO] strategies.news_fade: NewsFade: spike down detected on 0x57165bc68af588cf16e499eecd6c040e458c939e0fb0dd4b193744a9d21aa5f2 1.40%->1.25%
2026-06-21 18:49:21,509 [INFO] strategies.news_fade: NewsFade: spike up detected on 0x8840f55c1c74dd97ee38069c24fdf58d760c292652bcb18c7c11afe2f346ab40 2.55%->2.80%
2026-06-21 18:49:21,509 [INFO] strategies.news_fade: NewsFade: spike up detected on 0x3a6a913f7d58a25a624ed3de8e4efd6eabcab509e18e490cf18c554b0c0dfc71 84.50%->99.50%
2026-06-21 18:49:21,509 [INFO] strategies.news_fade: NewsFade: spike up detected on 0x7162118722a6abe965c964e8c694ff0f232221d9bb2263bd92e5902633381893 2.30%->2.50%
2026-06-21 18:49:21,510 [INFO] strategies.news_fade: NewsFade: spike up detected on 0x25f221f1e18344d84af9e306ef36f4ce134888016d6fda04fd216f6fe36ad541 6.50%->7.00%
2026-06-21 18:49:21,512 [INFO] leo.loops: FavoriteShort: 6 opps, top edge=4.0%
2026-06-21 18:49:25,427 [INFO] leo.loops: OracleSqueeze: 21 opps, top edge=21.5%
2026-06-21 18:49:34,295 [INFO] leo.loops: Crypto signal: 17 opps, top edge=93.8%
2026-06-21 18:49:36,897 [INFO] strategies.btc_5min: BTC5Min: 4 BTC markets found (mins-to-close: [-4.61, 0.39, -4.61, -4.61]), 1 in entry window [0.2–1.5 min]
2026-06-21 18:49:44,953 [INFO] api_clients.polymarket_client: Polymarket: loaded 1000 active markets
2026-06-21 18:49:58,622 [INFO] strategies.btc_5min: BTC5Min: 3 BTC markets found (mins-to-close: [-4.98, 0.02, -4.98]), 0 in entry window [0.2–1.5 min]
2026-06-21 18:50:04,626 [INFO] leo.loops: Crypto signal: 17 opps, top edge=93.8%
2026-06-21 18:50:20,072 [INFO] strategies.btc_5min: BTC5Min: 4 BTC markets found (mins-to-close: [1429.67, -5.33, -0.33, -5.33]), 0 in entry window [0.2–1.5 min]
2026-06-21 18:50:22,178 [INFO] api_clients.polymarket_client: Polymarket: loaded 1000 active markets
2026-06-21 18:50:25,430 [INFO] leo.loops: OracleSqueeze: 21 opps, top edge=21.5%
2026-06-21 18:50:35,216 [INFO] leo.loops: Crypto signal: 17 opps, top edge=93.8%
2026-06-21 18:50:41,383 [INFO] strategies.btc_5min: BTC5Min: 3 BTC markets found (mins-to-close: [1429.31, -5.69, -0.69]), 0 in entry window [0.2–1.5 min]
2026-06-21 18:50:58,866 [INFO] api_clients.polymarket_client: Polymarket: loaded 1000 active markets
2026-06-21 18:51:02,768 [INFO] strategies.btc_5min: BTC5Min: 3 BTC markets found (mins-to-close: [1428.95, -1.05, -1.05]), 0 in entry window [0.2–1.5 min]
2026-06-21 18:51:05,532 [INFO] leo.loops: Crypto signal: 17 opps, top edge=93.8%
2026-06-21 18:51:24,856 [INFO] strategies.btc_5min: BTC5Min: 3 BTC markets found (mins-to-close: [1428.59, -1.41, -1.41]), 0 in entry window [0.2–1.5 min]
2026-06-21 18:51:25,434 [INFO] leo.loops: OracleSqueeze: 21 opps, top edge=21.5%
2026-06-21 18:51:28,263 [WARNING] api_clients.pyth_client: Pyth SSE disconnected: Response payload is not completed: <TransferEncodingError: 400, message='Not enough data to satisfy transfer length header.'>, retrying in 1s
2026-06-21 18:51:29,266 [INFO] api_clients.pyth_client: Pyth SSE: connecting…
2026-06-21 18:51:29,954 [INFO] api_clients.pyth_client: Pyth SSE: stream live
2026-06-21 18:51:35,705 [INFO] api_clients.polymarket_client: Polymarket: loaded 1000 active markets
2026-06-21 18:51:36,094 [INFO] leo.loops: Crypto signal: 17 opps, top edge=93.8%
2026-06-21 18:51:43,879 [WARNING] api_clients.pyth_client: Pyth SSE disconnected: Response payload is not completed: <TransferEncodingError: 400, message='Not enough data to satisfy transfer length header.'>, retrying in 1s
2026-06-21 18:51:44,908 [INFO] api_clients.pyth_client: Pyth SSE: connecting…
2026-06-21 18:51:46,162 [INFO] strategies.btc_5min: BTC5Min: 3 BTC markets found (mins-to-close: [1428.23, -1.77, -1.77]), 0 in entry window [0.2–1.5 min]
2026-06-21 18:51:48,097 [INFO] api_clients.pyth_client: Pyth SSE: stream live
2026-06-21 18:52:06,412 [INFO] leo.loops: Crypto signal: 17 opps, top edge=93.8%
2026-06-21 18:52:07,351 [INFO] strategies.btc_5min: BTC5Min: 3 BTC markets found (mins-to-close: [1427.88, -2.12, -2.12]), 0 in entry window [0.2–1.5 min]
2026-06-21 18:52:12,845 [INFO] api_clients.polymarket_client: Polymarket: loaded 1000 active markets
2026-06-21 18:52:25,436 [INFO] leo.loops: OracleSqueeze: 16 opps, top edge=19.5%
2026-06-21 18:52:29,174 [INFO] strategies.btc_5min: BTC5Min: 3 BTC markets found (mins-to-close: [1427.51, -2.49, -2.49]), 0 in entry window [0.2–1.5 min]
2026-06-21 18:52:37,016 [INFO] leo.loops: Crypto signal: 17 opps, top edge=94.0%
2026-06-21 18:52:49,360 [INFO] api_clients.polymarket_client: Polymarket: loaded 1000 active markets
2026-06-21 18:52:50,563 [INFO] strategies.btc_5min: BTC5Min: 3 BTC markets found (mins-to-close: [1427.16, -2.84, -2.84]), 0 in entry window [0.2–1.5 min]
2026-06-21 18:53:07,345 [INFO] leo.loops: Crypto signal: 17 opps, top edge=94.0%
2026-06-21 18:53:11,832 [INFO] strategies.btc_5min: BTC5Min: 3 BTC markets found (mins-to-close: [1426.8, -3.2, -3.2]), 0 in entry window [0.2–1.5 min]
2026-06-21 18:53:25,449 [INFO] leo.loops: OracleSqueeze: 16 opps, top edge=19.5%
2026-06-21 18:53:26,244 [INFO] api_clients.polymarket_client: Polymarket: loaded 1000 active markets
2026-06-21 18:53:33,701 [INFO] strategies.btc_5min: BTC5Min: 3 BTC markets found (mins-to-close: [1426.44, -3.56, -3.56]), 0 in entry window [0.2–1.5 min]
2026-06-21 18:53:37,941 [INFO] leo.loops: Crypto signal: 17 opps, top edge=94.0%
2026-06-21 18:53:55,464 [INFO] strategies.btc_5min: BTC5Min: 3 BTC markets found (mins-to-close: [1426.08, -3.92, -3.92]), 0 in entry window [0.2–1.5 min]
2026-06-21 18:54:03,119 [INFO] api_clients.polymarket_client: Polymarket: loaded 1000 active markets
2026-06-21 18:54:08,296 [INFO] leo.loops: Crypto signal: 17 opps, top edge=94.0%
2026-06-21 18:54:16,460 [INFO] strategies.btc_5min: BTC5Min: 3 BTC markets found (mins-to-close: [1425.73, -4.27, -4.27]), 0 in entry window [0.2–1.5 min]
2026-06-21 18:54:21,531 [INFO] strategies.news_fade: NewsFade: spike down detected on 0x6169a5cf74516d65914ddf6b254c65d68dd2bfaab725c056d5db2ad65b9482c2 9.50%->8.50%
2026-06-21 18:54:21,531 [INFO] strategies.news_fade: NewsFade: spike down detected on 0x676e7cda423f5826bcbb3c141e808ad7c66bc2d055e4d0aca79c26779712062c 5.35%->4.90%
2026-06-21 18:54:21,531 [INFO] strategies.news_fade: NewsFade: spike up detected on 0xca79cd9753db6dc0658b43c57bbdd6e9e6e5ed26163524265e4b7e8bdf64865a 78.50%->99.50%
2026-06-21 18:54:21,532 [INFO] strategies.news_fade: NewsFade: spike up detected on 0xfe6f1dad89e1ffad14c6429e2f50354d78bef4ea94b0444c9b8bb7ef24be7175 1.65%->1.75%
2026-06-21 18:54:21,532 [INFO] strategies.news_fade: NewsFade: spike down detected on 0xdd3d104667774208eae2239f576122ecdd1c04ba81cc14d26d22a36b33887977 2.00%->1.85%
2026-06-21 18:54:21,533 [INFO] strategies.news_fade: NewsFade: spike down detected on 0xcd399d4f0fa761b886ef23ece973df8ad874bdcbe30d8a789312d19030c2aa82 2.45%->2.05%
2026-06-21 18:54:21,547 [INFO] leo.loops: FavoriteShort: 6 opps, top edge=4.0%
2026-06-21 18:54:25,460 [INFO] leo.loops: OracleSqueeze: 13 opps, top edge=22.5%
2026-06-21 18:54:38,289 [INFO] strategies.btc_5min: BTC5Min: 3 BTC markets found (mins-to-close: [1425.36, -4.64, -4.64]), 0 in entry window [0.2–1.5 min]
2026-06-21 18:54:38,886 [INFO] leo.loops: Crypto signal: 17 opps, top edge=94.0%
2026-06-21 18:54:40,470 [INFO] api_clients.polymarket_client: Polymarket: loaded 1000 active markets
2026-06-21 18:54:59,750 [INFO] strategies.btc_5min: BTC5Min: 3 BTC markets found (mins-to-close: [1425.0, -5.0, 0.0]), 0 in entry window [0.2–1.5 min]
2026-06-21 18:55:09,204 [INFO] leo.loops: Crypto signal: 17 opps, top edge=94.0%
2026-06-21 18:55:16,892 [INFO] api_clients.polymarket_client: Polymarket: loaded 1000 active markets
2026-06-21 18:55:20,668 [INFO] strategies.btc_5min: BTC5Min: 6 BTC markets found (mins-to-close: [1444.66, 1434.66, 1429.66, 1424.66, -5.34, -0.34]), 0 in entry window [0.2–1.5 min]
2026-06-21 18:55:25,464 [INFO] leo.loops: OracleSqueeze: 15 opps, top edge=22.5%
2026-06-21 18:55:40,084 [INFO] leo.loops: Crypto signal: 17 opps, top edge=94.1%
2026-06-21 18:55:41,959 [INFO] strategies.btc_5min: BTC5Min: 6 BTC markets found (mins-to-close: [1444.3, 1434.3, 1429.3, 1424.3, -5.7, -0.7]), 0 in entry window [0.2–1.5 min]
2026-06-21 18:55:54,173 [INFO] api_clients.polymarket_client: Polymarket: loaded 1000 active markets
2026-06-21 18:56:02,986 [INFO] strategies.btc_5min: BTC5Min: 6 BTC markets found (mins-to-close: [1443.95, 1433.95, 1428.95, 1423.95, -1.05, -1.05]), 0 in entry window [0.2–1.5 min]
2026-06-21 18:56:10,904 [INFO] leo.loops: Crypto signal: 17 opps, top edge=94.1%
2026-06-21 18:56:24,327 [INFO] strategies.btc_5min: BTC5Min: 6 BTC markets found (mins-to-close: [1443.59, 1433.59, 1428.59, 1423.59, -1.41, -1.41]), 0 in entry window [0.2–1.5 min]
2026-06-21 18:56:25,467 [INFO] leo.loops: OracleSqueeze: 16 opps, top edge=22.5%
2026-06-21 18:56:30,534 [INFO] api_clients.polymarket_client: Polymarket: loaded 1000 active markets
2026-06-21 18:56:41,903 [INFO] leo.loops: Crypto signal: 17 opps, top edge=94.1%
2026-06-21 18:56:45,960 [INFO] strategies.btc_5min: BTC5Min: 7 BTC markets found (mins-to-close: [1443.23, 1433.23, 1428.23, 1423.23, -1.77, -1.77, 3.23]), 0 in entry window [0.2–1.5 min]
2026-06-21 18:57:07,050 [INFO] strategies.btc_5min: BTC5Min: 7 BTC markets found (mins-to-close: [1442.88, 1432.88, 1427.88, 1422.88, -2.12, -2.12, 2.88]), 0 in entry window [0.2–1.5 min]
2026-06-21 18:57:07,665 [INFO] api_clients.polymarket_client: Polymarket: loaded 1000 active markets
2026-06-21 18:57:12,469 [INFO] leo.loops: Crypto signal: 16 opps, top edge=93.8%
2026-06-21 18:57:25,472 [INFO] leo.loops: OracleSqueeze: 17 opps, top edge=22.5%
2026-06-21 18:57:28,646 [INFO] strategies.btc_5min: BTC5Min: 7 BTC markets found (mins-to-close: [1442.52, 1432.52, 1427.52, 1422.52, -2.48, -2.48, 2.52]), 0 in entry window [0.2–1.5 min]
2026-06-21 18:57:43,400 [INFO] leo.loops: Crypto signal: 16 opps, top edge=93.8%
2026-06-21 18:57:43,938 [INFO] api_clients.polymarket_client: Polymarket: loaded 1000 active markets
2026-06-21 18:57:49,649 [INFO] strategies.btc_5min: BTC5Min: 7 BTC markets found (mins-to-close: [1442.17, 1432.17, 1427.17, 1422.17, -2.83, -2.83, 2.17]), 0 in entry window [0.2–1.5 min]
2026-06-21 18:58:11,771 [INFO] strategies.btc_5min: BTC5Min: 7 BTC markets found (mins-to-close: [1441.8, 1431.8, 1426.8, 1421.8, -3.2, -3.2, 1.8]), 0 in entry window [0.2–1.5 min]
2026-06-21 18:58:14,241 [INFO] leo.loops: Crypto signal: 16 opps, top edge=93.8%
2026-06-21 18:58:20,892 [INFO] api_clients.polymarket_client: Polymarket: loaded 1000 active markets
2026-06-21 18:58:25,477 [INFO] leo.loops: OracleSqueeze: 17 opps, top edge=22.5%
2026-06-21 18:58:34,000 [INFO] strategies.btc_5min: BTC5Min: 7 BTC markets found (mins-to-close: [1441.43, 1431.43, 1426.43, 1421.43, -3.57, -3.57, 1.43]), 1 in entry window [0.2–1.5 min]
2026-06-21 18:58:35,009 [INFO] leo.loops: BTC5Min: 1 opps, top edge=60.1%
2026-06-21 18:58:45,073 [INFO] leo.loops: Crypto signal: 16 opps, top edge=93.8%
2026-06-21 18:58:55,630 [INFO] strategies.btc_5min: BTC5Min: 7 BTC markets found (mins-to-close: [1441.07, 1431.07, 1426.07, 1421.07, -3.93, -3.93, 1.07]), 1 in entry window [0.2–1.5 min]
2026-06-21 18:58:56,002 [INFO] leo.loops: BTC5Min: 1 opps, top edge=64.1%
2026-06-21 18:58:58,604 [INFO] api_clients.polymarket_client: Polymarket: loaded 1000 active markets
2026-06-21 18:59:15,433 [INFO] leo.loops: Crypto signal: 16 opps, top edge=93.8%
2026-06-21 18:59:16,924 [INFO] strategies.btc_5min: BTC5Min: 7 BTC markets found (mins-to-close: [1440.72, 1430.72, 1425.72, 1420.72, -4.28, -4.28, 0.72]), 1 in entry window [0.2–1.5 min]
2026-06-21 18:59:17,177 [INFO] leo.loops: BTC5Min: 1 opps, top edge=56.6%
2026-06-21 18:59:21,538 [INFO] strategies.news_fade: NewsFade: spike up detected on 0x830064524636f41ffa396268bcb34e5887a54b3e994aad46a63ac2924c9efcbf 6.15%->9.25%
2026-06-21 18:59:21,539 [INFO] strategies.news_fade: NewsFade: spike down detected on 0xf37a1a7ecef9d4c495b90dbc109164c085bf4ab15b0c16e9944b5d12349e4a95 0.25%->0.15%
2026-06-21 18:59:21,540 [INFO] strategies.news_fade: NewsFade: spike down detected on 0x17c9dead8bed402d330e2aa5bcfb4d6f7764d3cc60d6508a03be003f4e88e64b 0.90%->0.75%
2026-06-21 18:59:21,541 [INFO] strategies.news_fade: NewsFade: spike down detected on 0xa127e882f5c19f8dce709e4742554e5bf29eea1b905aecd406fdf04871c0b1ee 0.80%->0.75%
2026-06-21 18:59:21,541 [INFO] strategies.news_fade: NewsFade: spike up detected on 0x0408ba11a99ce5e6caab2045d04cb0dbe02043370e9a0da63d4494f1a32cd3c5 2.15%->2.35%
2026-06-21 18:59:21,551 [INFO] leo.loops: FavoriteShort: 6 opps, top edge=4.0%
2026-06-21 18:59:25,480 [INFO] leo.loops: OracleSqueeze: 17 opps, top edge=22.5%
2026-06-21 18:59:35,476 [INFO] api_clients.polymarket_client: Polymarket: loaded 1000 active markets
2026-06-21 18:59:38,765 [INFO] strategies.btc_5min: BTC5Min: 7 BTC markets found (mins-to-close: [1440.35, 1430.35, 1425.35, 1420.35, -4.65, 0.35, 0.35]), 2 in entry window [0.2–1.5 min]
2026-06-21 18:59:39,020 [INFO] leo.loops: BTC5Min: 2 opps, top edge=61.0%
2026-06-21 18:59:46,018 [INFO] leo.loops: Crypto signal: 16 opps, top edge=93.8%
2026-06-21 19:00:00,250 [INFO] strategies.btc_5min: BTC5Min: 7 BTC markets found (mins-to-close: [1440.0, 1430.0, 1425.0, 1420.0, -5.0, -0.0, -0.0]), 0 in entry window [0.2–1.5 min]
2026-06-21 19:00:12,411 [INFO] api_clients.polymarket_client: Polymarket: loaded 1000 active markets
2026-06-21 19:00:16,548 [INFO] leo.loops: Crypto signal: 18 opps, top edge=93.8%
2026-06-21 19:00:21,304 [INFO] strategies.btc_5min: BTC5Min: 7 BTC markets found (mins-to-close: [1434.64, 1439.64, 1429.64, 1424.64, -5.36, -0.36, -0.36]), 0 in entry window [0.2–1.5 min]
2026-06-21 19:00:25,483 [INFO] leo.loops: OracleSqueeze: 16 opps, top edge=22.5%
2026-06-21 19:00:38,557 [INFO] api_clients.forecast_client: Forecast: loaded 0 questions (0 meta, 0 manifold)
2026-06-21 19:00:43,173 [INFO] strategies.btc_5min: BTC5Min: 7 BTC markets found (mins-to-close: [1434.28, 1439.28, 1429.28, 1424.28, -5.72, -0.72, -0.72]), 0 in entry window [0.2–1.5 min]
2026-06-21 19:00:47,120 [INFO] leo.loops: Crypto signal: 19 opps, top edge=93.8%
2026-06-21 19:00:49,208 [INFO] api_clients.polymarket_client: Polymarket: loaded 1000 active markets
2026-06-21 19:01:04,529 [INFO] strategies.btc_5min: BTC5Min: 7 BTC markets found (mins-to-close: [1433.92, 1438.92, 1428.92, 1423.92, -6.08, -1.08, -1.08]), 0 in entry window [0.2–1.5 min]
2026-06-21 19:01:17,463 [INFO] leo.loops: Crypto signal: 17 opps, top edge=93.8%
2026-06-21 19:01:25,486 [INFO] leo.loops: OracleSqueeze: 16 opps, top edge=22.5%
2026-06-21 19:01:25,648 [INFO] strategies.btc_5min: BTC5Min: 7 BTC markets found (mins-to-close: [1433.57, 1438.57, 1428.57, 1423.57, -6.43, -1.43, -1.43]), 0 in entry window [0.2–1.5 min]
2026-06-21 19:01:26,976 [INFO] api_clients.polymarket_client: Polymarket: loaded 1000 active markets
2026-06-21 19:01:47,873 [INFO] strategies.btc_5min: BTC5Min: 6 BTC markets found (mins-to-close: [1433.2, 1438.2, 1428.2, 1423.2, -1.8, -1.8]), 0 in entry window [0.2–1.5 min]
2026-06-21 19:01:47,889 [INFO] leo.loops: Crypto signal: 17 opps, top edge=93.8%
2026-06-21 19:02:03,808 [INFO] api_clients.polymarket_client: Polymarket: loaded 1000 active markets
2026-06-21 19:02:08,944 [INFO] strategies.btc_5min: BTC5Min: 6 BTC markets found (mins-to-close: [1432.85, 1437.85, 1427.85, 1422.85, -2.15, -2.15]), 0 in entry window [0.2–1.5 min]
2026-06-21 19:02:18,462 [INFO] leo.loops: Crypto signal: 17 opps, top edge=93.8%
2026-06-21 19:02:25,491 [INFO] leo.loops: OracleSqueeze: 15 opps, top edge=22.5%
2026-06-21 19:02:30,313 [INFO] strategies.btc_5min: BTC5Min: 6 BTC markets found (mins-to-close: [1432.49, 1437.49, 1427.49, 1422.49, -2.51, -2.51]), 0 in entry window [0.2–1.5 min]
2026-06-21 19:02:40,642 [INFO] api_clients.polymarket_client: Polymarket: loaded 1000 active markets
2026-06-21 19:02:49,299 [INFO] leo.loops: Crypto signal: 17 opps, top edge=93.8%
2026-06-21 19:02:51,697 [INFO] strategies.btc_5min: BTC5Min: 6 BTC markets found (mins-to-close: [1432.14, 1437.14, 1427.14, 1422.14, -2.86, -2.86]), 0 in entry window [0.2–1.5 min]
2026-06-21 19:03:13,105 [INFO] strategies.btc_5min: BTC5Min: 6 BTC markets found (mins-to-close: [1431.78, 1436.78, 1426.78, 1421.78, -3.22, -3.22]), 0 in entry window [0.2–1.5 min]
2026-06-21 19:03:17,878 [INFO] api_clients.polymarket_client: Polymarket: loaded 1000 active markets
2026-06-21 19:03:20,111 [INFO] leo.loops: Crypto signal: 17 opps, top edge=93.8%
2026-06-21 19:03:25,496 [INFO] leo.loops: OracleSqueeze: 15 opps, top edge=22.5%
2026-06-21 19:03:34,461 [INFO] strategies.btc_5min: BTC5Min: 6 BTC markets found (mins-to-close: [1431.43, 1436.43, 1426.43, 1421.43, -3.57, -3.57]), 0 in entry window [0.2–1.5 min]
2026-06-21 19:03:50,874 [INFO] leo.loops: Crypto signal: 17 opps, top edge=93.8%
2026-06-21 19:03:54,259 [INFO] api_clients.polymarket_client: Polymarket: loaded 1000 active markets
2026-06-21 19:03:55,638 [INFO] strategies.btc_5min: BTC5Min: 6 BTC markets found (mins-to-close: [1431.07, 1436.07, 1426.07, 1421.07, -3.93, -3.93]), 0 in entry window [0.2–1.5 min]
2026-06-21 19:04:17,177 [INFO] strategies.btc_5min: BTC5Min: 6 BTC markets found (mins-to-close: [1430.71, 1435.71, 1425.71, 1420.71, -4.29, -4.29]), 0 in entry window [0.2–1.5 min]
2026-06-21 19:04:21,442 [INFO] leo.loops: Crypto signal: 17 opps, top edge=93.8%
2026-06-21 19:04:21,546 [INFO] strategies.news_fade: NewsFade: spike down detected on 0x7b52405ad0e0d31bfe970940b67d77f24ecedeab8a2361c11148c02a006e325c 2.35%->2.05%
2026-06-21 19:04:21,547 [INFO] strategies.news_fade: NewsFade: spike up detected on 0x8ca27a1be7357ce53a99feca800e792887e846185608d829f25374f3c06e59f1 1.35%->1.90%
2026-06-21 19:04:21,548 [INFO] strategies.news_fade: NewsFade: spike up detected on 0xadccf191cda7b893a4b5b197ef04a8ef1f6b1ea8fff7e829ffb946574a8fd872 41.50%->44.00%
2026-06-21 19:04:21,554 [INFO] leo.loops: FavoriteShort: 6 opps, top edge=4.0%
2026-06-21 19:04:25,501 [INFO] leo.loops: OracleSqueeze: 15 opps, top edge=22.5%
2026-06-21 19:04:31,078 [INFO] api_clients.polymarket_client: Polymarket: loaded 1000 active markets
2026-06-21 19:04:38,746 [INFO] strategies.btc_5min: BTC5Min: 6 BTC markets found (mins-to-close: [1430.35, 1435.35, 1425.35, 1420.35, -4.65, 0.35]), 1 in entry window [0.2–1.5 min]
2026-06-21 19:04:52,181 [INFO] leo.loops: Crypto signal: 17 opps, top edge=93.8%
2026-06-21 19:05:00,962 [INFO] strategies.btc_5min: BTC5Min: 6 BTC markets found (mins-to-close: [1429.98, 1434.98, 1424.98, 1419.98, -5.02, -0.02]), 0 in entry window [0.2–1.5 min]
2026-06-21 19:05:07,854 [INFO] api_clients.polymarket_client: Polymarket: loaded 1000 active markets
2026-06-21 19:05:22,545 [INFO] strategies.btc_5min: BTC5Min: 3 BTC markets found (mins-to-close: [1434.62, -5.38, -0.38]), 0 in entry window [0.2–1.5 min]
2026-06-21 19:05:23,044 [INFO] leo.loops: Crypto signal: 17 opps, top edge=93.8%
2026-06-21 19:05:25,506 [INFO] leo.loops: OracleSqueeze: 15 opps, top edge=22.5%
2026-06-21 19:05:44,757 [INFO] strategies.btc_5min: BTC5Min: 3 BTC markets found (mins-to-close: [1434.25, -5.75, -0.75]), 0 in entry window [0.2–1.5 min]
2026-06-21 19:05:45,502 [INFO] api_clients.polymarket_client: Polymarket: loaded 1000 active markets
2026-06-21 19:05:53,687 [INFO] leo.loops: Crypto signal: 17 opps, top edge=93.8%
2026-06-21 19:06:06,015 [INFO] strategies.btc_5min: BTC5Min: 3 BTC markets found (mins-to-close: [1433.9, -6.1, -1.1]), 0 in entry window [0.2–1.5 min]
2026-06-21 19:06:21,575 [INFO] api_clients.polymarket_client: Polymarket: loaded 1000 active markets
2026-06-21 19:06:24,422 [INFO] leo.loops: Crypto signal: 18 opps, top edge=93.8%
2026-06-21 19:06:25,509 [INFO] leo.loops: OracleSqueeze: 15 opps, top edge=22.5%
2026-06-21 19:06:27,343 [INFO] strategies.btc_5min: BTC5Min: 4 BTC markets found (mins-to-close: [1433.54, -1.46, -1.46, 8.54]), 0 in entry window [0.2–1.5 min]
2026-06-21 19:06:49,565 [INFO] strategies.btc_5min: BTC5Min: 4 BTC markets found (mins-to-close: [1433.17, -1.83, -1.83, 8.17]), 0 in entry window [0.2–1.5 min]
2026-06-21 19:06:54,984 [INFO] leo.loops: Crypto signal: 18 opps, top edge=93.8%
2026-06-21 19:06:58,338 [INFO] api_clients.polymarket_client: Polymarket: loaded 1000 active markets
2026-06-21 19:06:58,932 [WARNING] api_clients.pyth_client: Pyth SSE disconnected: Response payload is not completed: <TransferEncodingError: 400, message='Not enough data to satisfy transfer length header.'>, retrying in 1s
2026-06-21 19:06:59,935 [INFO] api_clients.pyth_client: Pyth SSE: connecting…
2026-06-21 19:07:00,448 [INFO] api_clients.pyth_client: Pyth SSE: stream live
2026-06-21 19:07:10,592 [INFO] strategies.btc_5min: BTC5Min: 4 BTC markets found (mins-to-close: [1432.82, -2.18, -2.18, 7.82]), 0 in entry window [0.2–1.5 min]
2026-06-21 19:07:14,766 [WARNING] api_clients.pyth_client: Pyth SSE disconnected: Response payload is not completed: <TransferEncodingError: 400, message='Not enough data to satisfy transfer length header.'>, retrying in 1s
2026-06-21 19:07:15,769 [INFO] api_clients.pyth_client: Pyth SSE: connecting…
2026-06-21 19:07:19,520 [INFO] api_clients.pyth_client: Pyth SSE: stream live
2026-06-21 19:07:25,512 [INFO] leo.loops: OracleSqueeze: 15 opps, top edge=21.0%
2026-06-21 19:07:25,596 [INFO] leo.loops: Crypto signal: 18 opps, top edge=93.8%
2026-06-21 19:07:32,324 [INFO] strategies.btc_5min: BTC5Min: 4 BTC markets found (mins-to-close: [1432.46, -2.54, -2.54, 7.46]), 0 in entry window [0.2–1.5 min]
2026-06-21 19:07:35,488 [INFO] api_clients.polymarket_client: Polymarket: loaded 1000 active markets
2026-06-21 19:07:54,803 [INFO] strategies.btc_5min: BTC5Min: 4 BTC markets found (mins-to-close: [1432.09, -2.91, -2.91, 7.09]), 0 in entry window [0.2–1.5 min]
2026-06-21 19:07:56,163 [INFO] leo.loops: Crypto signal: 18 opps, top edge=93.8%
2026-06-21 19:08:11,899 [INFO] api_clients.polymarket_client: Polymarket: loaded 1000 active markets
2026-06-21 19:08:15,810 [INFO] strategies.btc_5min: BTC5Min: 4 BTC markets found (mins-to-close: [1431.74, -3.26, -3.26, 6.74]), 0 in entry window [0.2–1.5 min]
2026-06-21 19:08:25,516 [INFO] leo.loops: OracleSqueeze: 15 opps, top edge=21.0%
2026-06-21 19:08:26,783 [INFO] leo.loops: Crypto signal: 18 opps, top edge=93.8%
2026-06-21 19:08:37,510 [INFO] strategies.btc_5min: BTC5Min: 4 BTC markets found (mins-to-close: [1431.37, -3.63, -3.63, 6.37]), 0 in entry window [0.2–1.5 min]
2026-06-21 19:08:48,842 [INFO] api_clients.polymarket_client: Polymarket: loaded 1000 active markets
2026-06-21 19:08:57,749 [INFO] leo.loops: Crypto signal: 18 opps, top edge=93.8%
2026-06-21 19:08:58,228 [INFO] strategies.btc_5min: BTC5Min: 4 BTC markets found (mins-to-close: [1431.03, -3.97, -3.97, 6.03]), 0 in entry window [0.2–1.5 min]
2026-06-21 19:09:19,649 [INFO] strategies.btc_5min: BTC5Min: 4 BTC markets found (mins-to-close: [1430.67, -4.33, -4.33, 5.67]), 0 in entry window [0.2–1.5 min]
2026-06-21 19:09:21,502 [INFO] strategies.news_fade: NewsFade: spike down detected on 0x0c3b2009d76e191c0e8a2d563956b38436db1937a8b7774dec1694d3b7276128 0.60%->0.55%
2026-06-21 19:09:21,505 [INFO] strategies.news_fade: NewsFade: spike up detected on 0xe5f0eea9c2c67975eb5c85b3541f51d17804effa5610622c5db0ec9872756eb0 2.95%->3.45%
2026-06-21 19:09:21,506 [INFO] strategies.news_fade: NewsFade: spike up detected on 0x068b8f7779e1f0a778778cd4e4add33b6c5076fc7350c32f11785bae56c4cd7b 1.20%->1.55%
2026-06-21 19:09:21,506 [INFO] strategies.news_fade: NewsFade: spike down detected on 0xb740ce80109379eff6b906889bcc5e8e801c221a11a52dbad6e7f965a825bc78 0.50%->0.45%
2026-06-21 19:09:21,507 [INFO] strategies.news_fade: NewsFade: spike down detected on 0xf0da2d17e6a966439fdb10c3623972da50825e6dbec55bf43ce651fbb8952bca 8.35%->7.65%
2026-06-21 19:09:21,507 [INFO] strategies.news_fade: NewsFade: spike down detected on 0x4e0d6d70ddb7504bf2fc98cc63badf28d9f8aef5f06a13164fcd599910907cee 0.50%->0.05%
2026-06-21 19:09:21,509 [INFO] leo.loops: FavoriteShort: 7 opps, top edge=4.0%
2026-06-21 19:09:25,483 [INFO] leo.loops: OracleSqueeze: 15 opps, top edge=21.0%
2026-06-21 19:09:25,681 [INFO] api_clients.polymarket_client: Polymarket: loaded 1000 active markets
2026-06-21 19:09:28,315 [INFO] leo.loops: Crypto signal: 18 opps, top edge=93.8%
2026-06-21 19:09:41,345 [INFO] strategies.btc_5min: BTC5Min: 4 BTC markets found (mins-to-close: [1430.31, -4.69, 0.31, 5.31]), 1 in entry window [0.2–1.5 min]
2026-06-21 19:09:59,204 [INFO] leo.loops: Crypto signal: 18 opps, top edge=93.8%
2026-06-21 19:10:02,680 [INFO] api_clients.polymarket_client: Polymarket: loaded 1000 active markets
2026-06-21 19:10:02,755 [INFO] strategies.btc_5min: BTC5Min: 4 BTC markets found (mins-to-close: [1429.95, -5.05, -0.05, 4.95]), 0 in entry window [0.2–1.5 min]
2026-06-21 19:10:24,742 [INFO] strategies.btc_5min: BTC5Min: 4 BTC markets found (mins-to-close: [1444.59, -5.41, -0.41, 4.59]), 0 in entry window [0.2–1.5 min]
2026-06-21 19:10:25,501 [INFO] leo.loops: OracleSqueeze: 15 opps, top edge=22.5%
2026-06-21 19:10:29,804 [INFO] leo.loops: Crypto signal: 18 opps, top edge=93.8%
2026-06-21 19:10:38,964 [INFO] api_clients.polymarket_client: Polymarket: loaded 1000 active markets
2026-06-21 19:10:46,270 [INFO] strategies.btc_5min: BTC5Min: 5 BTC markets found (mins-to-close: [1444.23, -5.77, -0.77, 4.23, 4.23]), 0 in entry window [0.2–1.5 min]
2026-06-21 19:11:00,561 [INFO] leo.loops: Crypto signal: 18 opps, top edge=93.8%
2026-06-21 19:11:07,808 [INFO] strategies.btc_5min: BTC5Min: 5 BTC markets found (mins-to-close: [1443.87, -6.13, -1.13, 3.87, 3.87]), 0 in entry window [0.2–1.5 min]
2026-06-21 19:11:15,892 [INFO] api_clients.polymarket_client: Polymarket: loaded 1000 active markets
2026-06-21 19:11:25,505 [INFO] leo.loops: OracleSqueeze: 15 opps, top edge=22.5%
2026-06-21 19:11:29,484 [INFO] strategies.btc_5min: BTC5Min: 3 BTC markets found (mins-to-close: [1443.51, -1.49, 3.51]), 0 in entry window [0.2–1.5 min]
2026-06-21 19:11:31,125 [INFO] leo.loops: Crypto signal: 18 opps, top edge=93.8%
2026-06-21 19:11:52,360 [INFO] strategies.btc_5min: BTC5Min: 3 BTC markets found (mins-to-close: [1443.13, -1.87, 3.13]), 0 in entry window [0.2–1.5 min]
2026-06-21 19:11:53,467 [INFO] api_clients.polymarket_client: Polymarket: loaded 1000 active markets
2026-06-21 19:12:01,720 [INFO] leo.loops: Crypto signal: 18 opps, top edge=93.8%
2026-06-21 19:12:13,792 [INFO] strategies.btc_5min: BTC5Min: 3 BTC markets found (mins-to-close: [1442.77, -2.23, 2.77]), 0 in entry window [0.2–1.5 min]
2026-06-21 19:12:25,509 [INFO] leo.loops: OracleSqueeze: 14 opps, top edge=22.5%
2026-06-21 19:12:29,864 [INFO] api_clients.polymarket_client: Polymarket: loaded 1000 active markets
2026-06-21 19:12:32,423 [INFO] leo.loops: Crypto signal: 18 opps, top edge=93.8%
2026-06-21 19:12:35,144 [INFO] strategies.btc_5min: BTC5Min: 3 BTC markets found (mins-to-close: [1442.41, -2.59, 2.41]), 0 in entry window [0.2–1.5 min]
2026-06-21 19:12:57,463 [INFO] strategies.btc_5min: BTC5Min: 3 BTC markets found (mins-to-close: [1442.04, -2.96, 2.04]), 0 in entry window [0.2–1.5 min]
2026-06-21 19:13:02,996 [INFO] leo.loops: Crypto signal: 18 opps, top edge=93.8%
2026-06-21 19:13:06,783 [INFO] api_clients.polymarket_client: Polymarket: loaded 1000 active markets
2026-06-21 19:13:18,803 [INFO] strategies.btc_5min: BTC5Min: 3 BTC markets found (mins-to-close: [1441.69, -3.31, 1.69]), 0 in entry window [0.2–1.5 min]
2026-06-21 19:13:25,514 [INFO] leo.loops: OracleSqueeze: 14 opps, top edge=22.5%
2026-06-21 19:13:33,597 [INFO] leo.loops: Crypto signal: 18 opps, top edge=93.8%
2026-06-21 19:13:39,853 [INFO] strategies.btc_5min: BTC5Min: 3 BTC markets found (mins-to-close: [1441.34, -3.66, 1.34]), 1 in entry window [0.2–1.5 min]
2026-06-21 19:13:44,485 [INFO] api_clients.polymarket_client: Polymarket: loaded 1000 active markets
2026-06-21 19:14:02,419 [INFO] strategies.btc_5min: BTC5Min: 3 BTC markets found (mins-to-close: [1440.96, -4.04, 0.96]), 1 in entry window [0.2–1.5 min]
2026-06-21 19:14:02,672 [INFO] leo.loops: BTC5Min: 1 opps, top edge=11.9%
2026-06-21 19:14:04,431 [INFO] leo.loops: Crypto signal: 18 opps, top edge=93.8%
2026-06-21 19:14:20,481 [INFO] api_clients.polymarket_client: Polymarket: loaded 1000 active markets
2026-06-21 19:14:21,510 [INFO] strategies.news_fade: NewsFade: spike up detected on 0xb4676522cd8ed30d4128b36dcd7f46433adcafab0cae4df95f9a4f9f9ac6a319 6.05%->10.50%
2026-06-21 19:14:21,510 [INFO] strategies.news_fade: NewsFade: spike up detected on 0xde6e02508581a2856e50593b44743fd96e76e95b3ec27afa564754222c6679d2 6.65%->7.95%
2026-06-21 19:14:21,510 [INFO] strategies.news_fade: NewsFade: spike up detected on 0x614732ba7a1fe13aa24f5ca67f8e42564178a6f769fb296a017fdb71f82533f9 16.50%->17.50%
2026-06-21 19:14:21,511 [INFO] leo.loops: FavoriteShort: 7 opps, top edge=4.0%
2026-06-21 19:14:23,431 [INFO] strategies.btc_5min: BTC5Min: 4 BTC markets found (mins-to-close: [1440.61, 0.61, 0.61, 0.61]), 3 in entry window [0.2–1.5 min]
2026-06-21 19:14:23,686 [INFO] leo.loops: BTC5Min: 1 opps, top edge=24.5%
2026-06-21 19:14:25,516 [INFO] leo.loops: OracleSqueeze: 16 opps, top edge=22.0%
2026-06-21 19:14:35,056 [INFO] leo.loops: Crypto signal: 18 opps, top edge=93.8%
2026-06-21 19:14:36,482 [WARNING] api_clients.pyth_client: Pyth SSE disconnected: Response payload is not completed: <TransferEncodingError: 400, message='Not enough data to satisfy transfer length header.'>, retrying in 1s
2026-06-21 19:14:37,486 [INFO] api_clients.pyth_client: Pyth SSE: connecting…
2026-06-21 19:14:37,999 [INFO] api_clients.pyth_client: Pyth SSE: stream live
2026-06-21 19:14:39,766 [WARNING] api_clients.pyth_client: Pyth SSE disconnected: Response payload is not completed: <TransferEncodingError: 400, message='Not enough data to satisfy transfer length header.'>, retrying in 1s
2026-06-21 19:14:40,768 [INFO] api_clients.pyth_client: Pyth SSE: connecting…
2026-06-21 19:14:41,911 [INFO] api_clients.pyth_client: Pyth SSE: stream live
2026-06-21 19:14:44,803 [INFO] strategies.btc_5min: BTC5Min: 4 BTC markets found (mins-to-close: [1440.25, 0.25, 0.25, 0.25]), 3 in entry window [0.2–1.5 min]
2026-06-21 19:14:45,058 [INFO] leo.loops: BTC5Min: 1 opps, top edge=24.5%
2026-06-21 19:14:54,605 [INFO] api_clients.weather_client: Weather: refreshed 13 city forecasts
2026-06-21 19:14:54,610 [INFO] leo.loops: Weather: 17 opps, top edge=97.9%
2026-06-21 19:14:57,369 [INFO] api_clients.polymarket_client: Polymarket: loaded 1000 active markets
2026-06-21 19:15:05,958 [INFO] leo.loops: Crypto signal: 18 opps, top edge=93.8%
2026-06-21 19:15:06,149 [INFO] strategies.btc_5min: BTC5Min: 4 BTC markets found (mins-to-close: [1439.9, -0.1, -0.1, -0.1]), 0 in entry window [0.2–1.5 min]
2026-06-21 19:15:25,521 [INFO] leo.loops: OracleSqueeze: 16 opps, top edge=22.0%
2026-06-21 19:15:28,598 [INFO] strategies.btc_5min: BTC5Min: 4 BTC markets found (mins-to-close: [1429.52, -0.48, -0.48, -0.48]), 0 in entry window [0.2–1.5 min]
2026-06-21 19:15:34,308 [INFO] api_clients.polymarket_client: Polymarket: loaded 1000 active markets
2026-06-21 19:15:36,565 [INFO] leo.loops: Crypto signal: 18 opps, top edge=93.8%
2026-06-21 19:15:39,448 [INFO] api_clients.forecast_client: Forecast: loaded 0 questions (0 meta, 0 manifold)
2026-06-21 19:15:49,935 [INFO] strategies.btc_5min: BTC5Min: 3 BTC markets found (mins-to-close: [1429.17, -0.83, -0.83]), 0 in entry window [0.2–1.5 min]
2026-06-21 19:16:07,420 [INFO] leo.loops: Crypto signal: 17 opps, top edge=93.8%
2026-06-21 19:16:10,686 [INFO] strategies.btc_5min: BTC5Min: 3 BTC markets found (mins-to-close: [1428.82, -1.18, -1.18]), 0 in entry window [0.2–1.5 min]
2026-06-21 19:16:12,124 [INFO] api_clients.polymarket_client: Polymarket: loaded 1000 active markets
2026-06-21 19:16:25,526 [INFO] leo.loops: OracleSqueeze: 18 opps, top edge=21.0%
2026-06-21 19:16:32,628 [INFO] strategies.btc_5min: BTC5Min: 4 BTC markets found (mins-to-close: [1428.46, -1.54, -1.54, -1.54]), 0 in entry window [0.2–1.5 min]
2026-06-21 19:16:37,993 [INFO] leo.loops: Crypto signal: 18 opps, top edge=93.8%
2026-06-21 19:16:49,168 [INFO] api_clients.polymarket_client: Polymarket: loaded 1000 active markets
2026-06-21 19:16:54,011 [INFO] strategies.btc_5min: BTC5Min: 4 BTC markets found (mins-to-close: [1428.1, -1.9, -1.9, -1.9]), 0 in entry window [0.2–1.5 min]
2026-06-21 19:17:08,572 [INFO] leo.loops: Crypto signal: 18 opps, top edge=93.8%
2026-06-21 19:17:15,489 [INFO] strategies.btc_5min: BTC5Min: 4 BTC markets found (mins-to-close: [1427.74, -2.26, -2.26, -2.26]), 0 in entry window [0.2–1.5 min]
2026-06-21 19:17:25,529 [INFO] leo.loops: OracleSqueeze: 18 opps, top edge=21.0%
2026-06-21 19:17:26,072 [INFO] api_clients.polymarket_client: Polymarket: loaded 1000 active markets
2026-06-21 19:17:37,212 [INFO] strategies.btc_5min: BTC5Min: 4 BTC markets found (mins-to-close: [1427.38, -2.62, -2.62, -2.62]), 0 in entry window [0.2–1.5 min]
2026-06-21 19:17:39,141 [INFO] leo.loops: Crypto signal: 18 opps, top edge=93.8%
2026-06-21 19:17:59,101 [INFO] strategies.btc_5min: BTC5Min: 4 BTC markets found (mins-to-close: [1427.01, -2.99, -2.99, -2.99]), 0 in entry window [0.2–1.5 min]
2026-06-21 19:18:03,405 [INFO] api_clients.polymarket_client: Polymarket: loaded 1000 active markets
2026-06-21 19:18:09,718 [INFO] leo.loops: Crypto signal: 18 opps, top edge=93.8%
2026-06-21 19:18:20,466 [INFO] strategies.btc_5min: BTC5Min: 4 BTC markets found (mins-to-close: [1426.66, -3.34, -3.34, -3.34]), 0 in entry window [0.2–1.5 min]
2026-06-21 19:18:25,532 [INFO] leo.loops: OracleSqueeze: 18 opps, top edge=21.0%
2026-06-21 19:18:39,836 [INFO] api_clients.polymarket_client: Polymarket: loaded 1000 active markets
2026-06-21 19:18:40,650 [INFO] leo.loops: Crypto signal: 18 opps, top edge=93.8%
2026-06-21 19:18:41,195 [INFO] strategies.btc_5min: BTC5Min: 4 BTC markets found (mins-to-close: [1426.31, -3.69, -3.69, -3.69]), 0 in entry window [0.2–1.5 min]
2026-06-21 19:19:03,433 [INFO] strategies.btc_5min: BTC5Min: 4 BTC markets found (mins-to-close: [1425.94, -4.06, -4.06, -4.06]), 0 in entry window [0.2–1.5 min]
2026-06-21 19:19:11,111 [INFO] leo.loops: Crypto signal: 18 opps, top edge=93.8%
2026-06-21 19:19:16,629 [INFO] api_clients.polymarket_client: Polymarket: loaded 1000 active markets
2026-06-21 19:19:21,513 [INFO] strategies.news_fade: NewsFade: spike down detected on 0x8fcaf1e4f3aa55c537fcedab090895306a9e6fb375ff813e0f67e377149cbb19 8.50%->0.50%
2026-06-21 19:19:21,514 [INFO] strategies.news_fade: NewsFade: spike down detected on 0x3566ab69953c80a6ef1cd0506bdcdaee3613cb3971f9ca99199363447c1f3ac1 1.40%->1.05%
2026-06-21 19:19:21,515 [INFO] strategies.news_fade: NewsFade: spike up detected on 0x1dfa108659c03f8b25f79892a649dfc4e73f40c669ccd73ede0e94d5ea0c25e2 1.70%->10.45%
2026-06-21 19:19:21,515 [INFO] strategies.news_fade: NewsFade: spike up detected on 0x269b4de59b444c57f166f690b1ce8c388bf26167c6a68f7613ab5b05e86375a8 3.80%->4.35%
2026-06-21 19:19:21,516 [INFO] strategies.news_fade: NewsFade: spike up detected on 0x5d51f0029770da4fdf73a3e78208ec8ff723987a25cca4fd1522ea4c5e3f9c19 0.05%->0.55%
2026-06-21 19:19:21,516 [INFO] strategies.news_fade: NewsFade: spike up detected on 0xc5ee53bf757a7b65b5830fc0411eb649a8d4212c720fe648328c93ac3515ee5e 0.55%->0.60%
2026-06-21 19:19:21,517 [INFO] leo.loops: FavoriteShort: 7 opps, top edge=4.0%
2026-06-21 19:19:24,682 [INFO] strategies.btc_5min: BTC5Min: 3 BTC markets found (mins-to-close: [1425.59, -4.41, 0.59]), 1 in entry window [0.2–1.5 min]
2026-06-21 19:19:25,535 [INFO] leo.loops: OracleSqueeze: 17 opps, top edge=22.5%
2026-06-21 19:19:41,696 [INFO] leo.loops: Crypto signal: 18 opps, top edge=93.8%
2026-06-21 19:19:47,107 [INFO] strategies.btc_5min: BTC5Min: 3 BTC markets found (mins-to-close: [1425.21, -4.79, 0.21]), 1 in entry window [0.2–1.5 min]
2026-06-21 19:19:47,364 [INFO] leo.loops: BTC5Min: 1 opps, top edge=16.0%
2026-06-21 19:19:53,466 [INFO] api_clients.polymarket_client: Polymarket: loaded 1000 active markets
2026-06-21 19:20:09,019 [INFO] strategies.btc_5min: BTC5Min: 3 BTC markets found (mins-to-close: [1424.85, -5.15, -0.15]), 0 in entry window [0.2–1.5 min]
2026-06-21 19:20:12,176 [INFO] leo.loops: Crypto signal: 18 opps, top edge=93.8%
2026-06-21 19:20:25,539 [INFO] leo.loops: OracleSqueeze: 17 opps, top edge=22.5%
2026-06-21 19:20:30,869 [INFO] api_clients.polymarket_client: Polymarket: loaded 1000 active markets
2026-06-21 19:20:30,946 [INFO] strategies.btc_5min: BTC5Min: 5 BTC markets found (mins-to-close: [1434.48, 1429.48, 1424.48, -5.52, -0.52]), 0 in entry window [0.2–1.5 min]
2026-06-21 19:20:42,765 [INFO] leo.loops: Crypto signal: 18 opps, top edge=93.8%
2026-06-21 19:20:52,549 [INFO] strategies.btc_5min: BTC5Min: 5 BTC markets found (mins-to-close: [1434.12, 1429.12, 1424.12, -5.88, -0.88]), 0 in entry window [0.2–1.5 min]
2026-06-21 19:21:06,873 [WARNING] api_clients.pyth_client: Pyth SSE disconnected: Response payload is not completed: <TransferEncodingError: 400, message='Not enough data to satisfy transfer length header.'>, retrying in 1s
2026-06-21 19:21:07,343 [INFO] api_clients.polymarket_client: Polymarket: loaded 1000 active markets
2026-06-21 19:21:07,877 [INFO] api_clients.pyth_client: Pyth SSE: connecting…
2026-06-21 19:21:08,383 [INFO] api_clients.pyth_client: Pyth SSE: stream live
2026-06-21 19:21:12,927 [INFO] leo.loops: Crypto signal: 18 opps, top edge=93.8%
2026-06-21 19:21:13,612 [WARNING] api_clients.pyth_client: Pyth SSE disconnected: Response payload is not completed: <TransferEncodingError: 400, message='Not enough data to satisfy transfer length header.'>, retrying in 1s
2026-06-21 19:21:13,711 [INFO] strategies.btc_5min: BTC5Min: 6 BTC markets found (mins-to-close: [1433.77, 1428.77, 1423.77, -1.23, -1.23, 8.77]), 0 in entry window [0.2–1.5 min]
2026-06-21 19:21:14,613 [INFO] api_clients.pyth_client: Pyth SSE: connecting…
2026-06-21 19:21:15,614 [INFO] api_clients.pyth_client: Pyth SSE: stream live
2026-06-21 19:21:25,541 [INFO] leo.loops: OracleSqueeze: 17 opps, top edge=22.5%
2026-06-21 19:21:36,393 [INFO] strategies.btc_5min: BTC5Min: 6 BTC markets found (mins-to-close: [1433.39, 1428.39, 1423.39, -1.61, -1.61, 8.39]), 0 in entry window [0.2–1.5 min]
2026-06-21 19:21:43,489 [INFO] leo.loops: Crypto signal: 18 opps, top edge=93.8%
2026-06-21 19:21:44,315 [INFO] api_clients.polymarket_client: Polymarket: loaded 1000 active markets
2026-06-21 19:21:57,558 [INFO] strategies.btc_5min: BTC5Min: 6 BTC markets found (mins-to-close: [1433.04, 1428.04, 1423.04, -1.96, -1.96, 8.04]), 0 in entry window [0.2–1.5 min]
2026-06-21 19:22:13,916 [INFO] leo.loops: Crypto signal: 18 opps, top edge=93.8%
2026-06-21 19:22:18,979 [INFO] strategies.btc_5min: BTC5Min: 6 BTC markets found (mins-to-close: [1432.68, 1427.68, 1422.68, -2.32, -2.32, 7.68]), 0 in entry window [0.2–1.5 min]
2026-06-21 19:22:21,445 [INFO] api_clients.polymarket_client: Polymarket: loaded 1000 active markets
2026-06-21 19:22:25,545 [INFO] leo.loops: OracleSqueeze: 17 opps, top edge=22.5%
2026-06-21 19:22:40,967 [INFO] strategies.btc_5min: BTC5Min: 6 BTC markets found (mins-to-close: [1432.32, 1427.32, 1422.32, -2.68, -2.68, 7.32]), 0 in entry window [0.2–1.5 min]
2026-06-21 19:22:44,501 [INFO] leo.loops: Crypto signal: 18 opps, top edge=93.8%
2026-06-21 19:22:47,722 [INFO] leo.loops: OFI: 1 opps, top edge=6.9%
2026-06-21 19:22:58,050 [INFO] api_clients.polymarket_client: Polymarket: loaded 1000 active markets
2026-06-21 19:23:02,505 [INFO] strategies.btc_5min: BTC5Min: 6 BTC markets found (mins-to-close: [1431.96, 1426.96, 1421.96, -3.04, -3.04, 6.96]), 0 in entry window [0.2–1.5 min]
2026-06-21 19:23:14,653 [INFO] leo.loops: Crypto signal: 18 opps, top edge=93.8%
2026-06-21 19:23:23,923 [INFO] strategies.btc_5min: BTC5Min: 6 BTC markets found (mins-to-close: [1431.6, 1426.6, 1421.6, -3.4, -3.4, 6.6]), 0 in entry window [0.2–1.5 min]
2026-06-21 19:23:25,548 [INFO] leo.loops: OracleSqueeze: 17 opps, top edge=22.5%
2026-06-21 19:23:34,735 [INFO] api_clients.polymarket_client: Polymarket: loaded 1000 active markets
2026-06-21 19:23:45,230 [INFO] leo.loops: Crypto signal: 18 opps, top edge=93.8%
2026-06-21 19:23:45,405 [INFO] strategies.btc_5min: BTC5Min: 6 BTC markets found (mins-to-close: [1431.24, 1426.24, 1421.24, -3.76, -3.76, 6.24]), 0 in entry window [0.2–1.5 min]
2026-06-21 19:24:07,699 [INFO] strategies.btc_5min: BTC5Min: 6 BTC markets found (mins-to-close: [1430.87, 1425.87, 1420.87, -4.13, -4.13, 5.87]), 0 in entry window [0.2–1.5 min]
2026-06-21 19:24:12,099 [INFO] api_clients.polymarket_client: Polymarket: loaded 1000 active markets
2026-06-21 19:24:15,541 [INFO] leo.loops: Crypto signal: 18 opps, top edge=93.7%
2026-06-21 19:24:21,519 [INFO] strategies.news_fade: NewsFade: spike up detected on 0xb3f49e513c2c6f04738b2387b9ba229461c5614d14e4c57b5a1a8a226dadc834 75.50%->99.50%
2026-06-21 19:24:21,522 [INFO] leo.loops: FavoriteShort: 7 opps, top edge=4.0%
2026-06-21 19:24:25,551 [INFO] leo.loops: OracleSqueeze: 17 opps, top edge=23.0%
2026-06-21 19:24:29,093 [INFO] strategies.btc_5min: BTC5Min: 5 BTC markets found (mins-to-close: [1430.52, 1425.52, 1420.52, -4.48, 5.52]), 0 in entry window [0.2–1.5 min]
2026-06-21 19:24:46,154 [INFO] leo.loops: Crypto signal: 18 opps, top edge=93.7%
2026-06-21 19:24:48,397 [INFO] api_clients.polymarket_client: Polymarket: loaded 1000 active markets
2026-06-21 19:24:50,425 [INFO] strategies.btc_5min: BTC5Min: 6 BTC markets found (mins-to-close: [1430.16, 1425.16, 1420.16, -4.84, 0.16, 5.16]), 0 in entry window [0.2–1.5 min]
2026-06-21 19:25:12,679 [INFO] strategies.btc_5min: BTC5Min: 6 BTC markets found (mins-to-close: [1429.79, 1424.79, 1419.79, -5.21, -0.21, 4.79]), 0 in entry window [0.2–1.5 min]
2026-06-21 19:25:16,482 [INFO] leo.loops: Crypto signal: 19 opps, top edge=93.8%
2026-06-21 19:25:25,436 [INFO] api_clients.polymarket_client: Polymarket: loaded 1000 active markets
2026-06-21 19:25:25,531 [INFO] leo.loops: OracleSqueeze: 17 opps, top edge=23.0%
2026-06-21 19:25:34,229 [INFO] strategies.btc_5min: BTC5Min: 9 BTC markets found (mins-to-close: [1434.43, 1444.43, 1429.43, 1424.43, 1419.43, -5.57, -0.57, 4.43, 4.43]), 0 in entry window [0.2–1.5 min]
2026-06-21 19:25:47,026 [INFO] leo.loops: Crypto signal: 17 opps, top edge=93.8%
2026-06-21 19:25:55,587 [INFO] strategies.btc_5min: BTC5Min: 9 BTC markets found (mins-to-close: [1434.07, 1444.07, 1429.07, 1424.07, 1419.07, -5.93, -0.93, 4.07, 4.07]), 0 in entry window [0.2–1.5 min]
2026-06-21 19:26:02,166 [INFO] api_clients.polymarket_client: Polymarket: loaded 1000 active markets
2026-06-21 19:26:16,781 [INFO] strategies.btc_5min: BTC5Min: 8 BTC markets found (mins-to-close: [1433.72, 1443.72, 1428.72, 1423.72, 1418.72, -1.28, -1.28, 3.72]), 0 in entry window [0.2–1.5 min]
2026-06-21 19:26:17,587 [INFO] leo.loops: Crypto signal: 17 opps, top edge=93.8%
2026-06-21 19:26:25,516 [INFO] leo.loops: OracleSqueeze: 15 opps, top edge=23.0%
2026-06-21 19:26:38,687 [INFO] strategies.btc_5min: BTC5Min: 8 BTC markets found (mins-to-close: [1433.36, 1443.36, 1428.36, 1423.36, 1418.36, -1.64, -1.64, 3.36]), 0 in entry window [0.2–1.5 min]
2026-06-21 19:26:39,724 [INFO] api_clients.polymarket_client: Polymarket: loaded 1000 active markets
2026-06-21 19:26:48,065 [INFO] leo.loops: OFI: 1 opps, top edge=7.3%
2026-06-21 19:26:48,163 [INFO] leo.loops: Crypto signal: 17 opps, top edge=93.8%
2026-06-21 19:27:00,523 [INFO] strategies.btc_5min: BTC5Min: 8 BTC markets found (mins-to-close: [1432.99, 1442.99, 1427.99, 1422.99, 1417.99, -2.01, -2.01, 2.99]), 0 in entry window [0.2–1.5 min]
2026-06-21 19:27:16,006 [INFO] api_clients.polymarket_client: Polymarket: loaded 1000 active markets
2026-06-21 19:27:18,480 [INFO] leo.loops: Crypto signal: 17 opps, top edge=93.8%
2026-06-21 19:27:21,537 [INFO] strategies.btc_5min: BTC5Min: 8 BTC markets found (mins-to-close: [1432.64, 1442.64, 1427.64, 1422.64, 1417.64, -2.36, -2.36, 2.64]), 0 in entry window [0.2–1.5 min]
2026-06-21 19:27:25,520 [INFO] leo.loops: OracleSqueeze: 15 opps, top edge=23.0%
2026-06-21 19:27:44,187 [INFO] strategies.btc_5min: BTC5Min: 8 BTC markets found (mins-to-close: [1432.26, 1442.26, 1427.26, 1422.26, 1417.26, -2.74, -2.74, 2.26]), 0 in entry window [0.2–1.5 min]
2026-06-21 19:27:49,164 [INFO] leo.loops: Crypto signal: 17 opps, top edge=93.8%
2026-06-21 19:27:53,012 [INFO] api_clients.polymarket_client: Polymarket: loaded 1000 active markets
2026-06-21 19:28:05,723 [INFO] strategies.btc_5min: BTC5Min: 8 BTC markets found (mins-to-close: [1431.9, 1441.9, 1426.9, 1421.9, 1416.9, -3.1, -3.1, 1.9]), 0 in entry window [0.2–1.5 min]
2026-06-21 19:28:19,518 [INFO] leo.loops: Crypto signal: 17 opps, top edge=93.8%
2026-06-21 19:28:25,521 [INFO] leo.loops: OracleSqueeze: 15 opps, top edge=23.0%
2026-06-21 19:28:27,167 [INFO] strategies.btc_5min: BTC5Min: 8 BTC markets found (mins-to-close: [1431.55, 1441.55, 1426.55, 1421.55, 1416.55, -3.45, -3.45, 1.55]), 0 in entry window [0.2–1.5 min]
2026-06-21 19:28:30,271 [INFO] api_clients.polymarket_client: Polymarket: loaded 1000 active markets
2026-06-21 19:28:49,075 [INFO] strategies.btc_5min: BTC5Min: 8 BTC markets found (mins-to-close: [1431.18, 1441.18, 1426.18, 1421.18, 1416.18, -3.82, -3.82, 1.18]), 1 in entry window [0.2–1.5 min]
2026-06-21 19:28:50,016 [INFO] leo.loops: BTC5Min: 1 opps, top edge=86.5%
2026-06-21 19:28:50,097 [INFO] leo.loops: Crypto signal: 17 opps, top edge=93.8%
2026-06-21 19:29:06,818 [INFO] api_clients.polymarket_client: Polymarket: loaded 1000 active markets
2026-06-21 19:29:11,156 [INFO] strategies.btc_5min: BTC5Min: 9 BTC markets found (mins-to-close: [1430.81, 1440.81, 1425.81, 1420.81, 1415.81, -4.19, 0.81, -4.19, 0.81]), 2 in entry window [0.2–1.5 min]
2026-06-21 19:29:11,770 [INFO] leo.loops: BTC5Min: 1 opps, top edge=86.5%
2026-06-21 19:29:20,413 [INFO] leo.loops: Crypto signal: 17 opps, top edge=93.8%
2026-06-21 19:29:21,480 [INFO] strategies.news_fade: NewsFade: spike up detected on 0x41ba322441190c465ec75e5866c6a5a3d429cf4d1efe2682026e8dcd5dbc37db 3.15%->3.35%
2026-06-21 19:29:21,480 [INFO] strategies.news_fade: NewsFade: spike down detected on 0x56e9747c2fed17e452d5f5af72b890291172cb4bf37d5b567925d537c475e709 47.50%->44.00%
2026-06-21 19:29:21,480 [INFO] strategies.news_fade: NewsFade: spike down detected on 0x846fbc1744f9543d339e1a4ceebdc881338e2bc4ad119e5ce9dcfbdd90255760 0.60%->0.05%
2026-06-21 19:29:21,480 [INFO] strategies.news_fade: NewsFade: spike up detected on 0x65f85e8b96e5d7253b348ba9f11f01538eae2ddda195db2920b0b85a90cbfc82 72.50%->89.50%
2026-06-21 19:29:21,481 [INFO] leo.loops: FavoriteShort: 7 opps, top edge=4.0%
2026-06-21 19:29:25,524 [INFO] leo.loops: OracleSqueeze: 13 opps, top edge=22.0%
2026-06-21 19:29:32,828 [INFO] strategies.btc_5min: BTC5Min: 9 BTC markets found (mins-to-close: [1430.45, 1440.45, 1425.45, 1420.45, 1415.45, -4.55, 0.45, -4.55, 0.45]), 2 in entry window [0.2–1.5 min]
2026-06-21 19:29:33,085 [INFO] leo.loops: BTC5Min: 1 opps, top edge=86.5%
2026-06-21 19:29:43,679 [INFO] api_clients.polymarket_client: Polymarket: loaded 1000 active markets
2026-06-21 19:29:51,293 [INFO] leo.loops: Crypto signal: 16 opps, top edge=93.8%
2026-06-21 19:29:54,090 [INFO] strategies.btc_5min: BTC5Min: 9 BTC markets found (mins-to-close: [1430.1, 1440.1, 1425.1, 1420.1, 1415.1, -4.9, 0.1, 0.1, 0.1]), 0 in entry window [0.2–1.5 min]
2026-06-21 19:30:16,010 [INFO] strategies.btc_5min: BTC5Min: 10 BTC markets found (mins-to-close: [1434.73, 1429.73, 1439.73, 1424.73, 1419.73, 1414.73, -5.27, -0.27, -0.27, -0.27]), 0 in entry window [0.2–1.5 min]
2026-06-21 19:30:20,960 [INFO] api_clients.polymarket_client: Polymarket: loaded 1000 active markets
2026-06-21 19:30:21,620 [INFO] leo.loops: Crypto signal: 17 opps, top edge=93.8%
2026-06-21 19:30:25,528 [INFO] leo.loops: OracleSqueeze: 14 opps, top edge=22.0%
2026-06-21 19:30:37,379 [INFO] strategies.btc_5min: BTC5Min: 9 BTC markets found (mins-to-close: [1434.38, 1429.38, 1439.38, 1424.38, 1419.38, 1414.38, -5.62, -0.62, -0.62]), 0 in entry window [0.2–1.5 min]
2026-06-21 19:30:40,437 [INFO] api_clients.forecast_client: Forecast: loaded 0 questions (0 meta, 0 manifold)
2026-06-21 19:30:52,181 [INFO] leo.loops: Crypto signal: 17 opps, top edge=93.8%
2026-06-21 19:30:57,486 [INFO] api_clients.polymarket_client: Polymarket: loaded 1000 active markets
2026-06-21 19:30:58,404 [INFO] strategies.btc_5min: BTC5Min: 9 BTC markets found (mins-to-close: [1434.03, 1429.03, 1439.03, 1424.03, 1419.03, 1414.03, -0.97, -0.97, -0.97]), 0 in entry window [0.2–1.5 min]
2026-06-21 19:31:19,916 [INFO] strategies.btc_5min: BTC5Min: 9 BTC markets found (mins-to-close: [1433.67, 1428.67, 1438.67, 1423.67, 1418.67, 1413.67, -1.33, -1.33, -1.33]), 0 in entry window [0.2–1.5 min]
2026-06-21 19:31:22,495 [INFO] leo.loops: Crypto signal: 18 opps, top edge=93.8%
2026-06-21 19:31:25,531 [INFO] leo.loops: OracleSqueeze: 15 opps, top edge=21.5%
2026-06-21 19:31:34,414 [INFO] api_clients.polymarket_client: Polymarket: loaded 1000 active markets
2026-06-21 19:31:34,999 [WARNING] api_clients.pyth_client: Pyth SSE disconnected: Response payload is not completed: <TransferEncodingError: 400, message='Not enough data to satisfy transfer length header.'>, retrying in 1s
2026-06-21 19:31:36,002 [INFO] api_clients.pyth_client: Pyth SSE: connecting…
2026-06-21 19:31:36,657 [INFO] api_clients.pyth_client: Pyth SSE: stream live
2026-06-21 19:31:39,472 [WARNING] api_clients.pyth_client: Pyth SSE disconnected: Response payload is not completed: <TransferEncodingError: 400, message='Not enough data to satisfy transfer length header.'>, retrying in 1s
2026-06-21 19:31:40,545 [INFO] api_clients.pyth_client: Pyth SSE: connecting…
2026-06-21 19:31:41,453 [INFO] strategies.btc_5min: BTC5Min: 9 BTC markets found (mins-to-close: [1433.31, 1428.31, 1438.31, 1423.31, 1418.31, 1413.31, -1.69, -1.69, -1.69]), 0 in entry window [0.2–1.5 min]
2026-06-21 19:31:43,319 [INFO] api_clients.pyth_client: Pyth SSE: stream live
2026-06-21 19:31:53,333 [INFO] leo.loops: Crypto signal: 17 opps, top edge=93.8%
2026-06-21 19:32:02,808 [INFO] strategies.btc_5min: BTC5Min: 9 BTC markets found (mins-to-close: [1432.95, 1427.95, 1437.95, 1422.95, 1417.95, 1412.95, -2.05, -2.05, -2.05]), 0 in entry window [0.2–1.5 min]
2026-06-21 19:32:11,262 [INFO] api_clients.polymarket_client: Polymarket: loaded 1000 active markets
2026-06-21 19:32:23,890 [INFO] leo.loops: Crypto signal: 18 opps, top edge=93.5%
2026-06-21 19:32:24,072 [INFO] strategies.btc_5min: BTC5Min: 9 BTC markets found (mins-to-close: [1432.6, 1427.6, 1437.6, 1422.6, 1417.6, 1412.6, -2.4, -2.4, -2.4]), 0 in entry window [0.2–1.5 min]
2026-06-21 19:32:25,532 [INFO] leo.loops: OracleSqueeze: 13 opps, top edge=21.9%
2026-06-21 19:32:45,992 [INFO] strategies.btc_5min: BTC5Min: 9 BTC markets found (mins-to-close: [1432.23, 1427.23, 1437.23, 1422.23, 1417.23, 1412.23, -2.77, -2.77, -2.77]), 0 in entry window [0.2–1.5 min]
2026-06-21 19:32:48,604 [INFO] api_clients.polymarket_client: Polymarket: loaded 1000 active markets
2026-06-21 19:32:54,784 [INFO] leo.loops: Crypto signal: 18 opps, top edge=93.5%
2026-06-21 19:33:07,686 [INFO] strategies.btc_5min: BTC5Min: 9 BTC markets found (mins-to-close: [1431.87, 1426.87, 1436.87, 1421.87, 1416.87, 1411.87, -3.13, -3.13, -3.13]), 0 in entry window [0.2–1.5 min]
2026-06-21 19:33:25,099 [INFO] leo.loops: Crypto signal: 17 opps, top edge=93.6%
2026-06-21 19:33:25,161 [INFO] api_clients.polymarket_client: Polymarket: loaded 1000 active markets
2026-06-21 19:33:25,534 [INFO] leo.loops: OracleSqueeze: 13 opps, top edge=21.9%
2026-06-21 19:33:28,090 [INFO] strategies.market_maker: MM: quoting Will Uruguay win on 2026-06-21? | YES@0.59 NO@0.30 mid=0.65 [thin]
2026-06-21 19:33:28,271 [INFO] strategies.market_maker: MM: quoting Spread: Uruguay (-1.5) | YES@0.29 NO@0.60 mid=0.34 [thin]
2026-06-21 19:33:28,691 [INFO] strategies.btc_5min: BTC5Min: 9 BTC markets found (mins-to-close: [1431.52, 1426.52, 1436.52, 1421.52, 1416.52, 1411.52, -3.48, -3.48, -3.48]), 0 in entry window [0.2–1.5 min]
2026-06-21 19:33:50,609 [INFO] strategies.btc_5min: BTC5Min: 9 BTC markets found (mins-to-close: [1431.16, 1426.16, 1436.16, 1421.16, 1416.16, 1411.16, -3.84, -3.84, -3.84]), 0 in entry window [0.2–1.5 min]
2026-06-21 19:33:55,938 [INFO] leo.loops: Crypto signal: 17 opps, top edge=93.6%
2026-06-21 19:33:58,825 [INFO] strategies.market_maker: MM: quoting Spread: Uruguay (-1.5) | YES@0.22 NO@0.68 mid=0.27 [thin]
2026-06-21 19:34:01,934 [INFO] api_clients.polymarket_client: Polymarket: loaded 1000 active markets
2026-06-21 19:34:11,935 [INFO] strategies.btc_5min: BTC5Min: 9 BTC markets found (mins-to-close: [1430.8, 1425.8, 1435.8, 1420.8, 1415.8, 1410.8, -4.2, -4.2, -4.2]), 0 in entry window [0.2–1.5 min]
2026-06-21 19:34:21,481 [INFO] strategies.news_fade: NewsFade: spike down detected on 0x96774b432f1fac5ff2980a00b8b4aa21a1d2b131e48af38c08114b29d08984ab 38.50%->35.50%
2026-06-21 19:34:21,482 [INFO] strategies.news_fade: NewsFade: spike down detected on 0x0c915d8366a96846bd4436061a64f6e68c3fbc1b7fb0d15765d213cf6597137b 55.00%->51.00%
2026-06-21 19:34:21,483 [INFO] strategies.news_fade: NewsFade: spike down detected on 0xbb1be4fe1444180e094701f32dc9d39b4fb64063a397b72238b22b9839a9fc3f 0.75%->0.55%
2026-06-21 19:34:21,483 [INFO] strategies.news_fade: NewsFade: spike down detected on 0x394fa541074583a82786e8480c1ebf3c06fe9f54daa740a90e46fe0741e1527e 1.85%->1.65%
2026-06-21 19:34:21,484 [INFO] leo.loops: FavoriteShort: 7 opps, top edge=4.0%
2026-06-21 19:34:25,537 [INFO] leo.loops: OracleSqueeze: 14 opps, top edge=21.9%
2026-06-21 19:34:26,255 [INFO] leo.loops: Crypto signal: 17 opps, top edge=91.6%
2026-06-21 19:34:33,196 [INFO] strategies.btc_5min: BTC5Min: 9 BTC markets found (mins-to-close: [1430.45, 1425.45, 1435.45, 1420.45, 1415.45, 1410.45, -4.55, -4.55, -4.55]), 0 in entry window [0.2–1.5 min]
2026-06-21 19:34:38,849 [INFO] api_clients.polymarket_client: Polymarket: loaded 1000 active markets
2026-06-21 19:34:48,855 [INFO] leo.loops: OFI: 3 opps, top edge=20.2%
2026-06-21 19:34:55,321 [INFO] strategies.btc_5min: BTC5Min: 7 BTC markets found (mins-to-close: [1430.08, 1425.08, 1435.08, 1420.08, 1415.08, 1410.08, -4.92]), 0 in entry window [0.2–1.5 min]
2026-06-21 19:34:56,991 [INFO] leo.loops: Crypto signal: 16 opps, top edge=92.9%
2026-06-21 19:35:08,282 [INFO] strategies.market_maker: MM: quoting Will Uruguay win on 2026-06-21? | YES@0.42 NO@0.48 mid=0.47 [thin]
2026-06-21 19:35:08,453 [INFO] strategies.market_maker: MM: quoting Spread: Uruguay (-1.5) | YES@0.10 NO@0.79 mid=0.15 [thin]
2026-06-21 19:35:16,216 [INFO] api_clients.polymarket_client: Polymarket: loaded 1000 active markets
2026-06-21 19:35:17,276 [INFO] strategies.btc_5min: BTC5Min: 8 BTC markets found (mins-to-close: [1434.71, 1429.71, 1424.71, 1434.71, 1419.71, 1414.71, -5.29, 9.71]), 0 in entry window [0.2–1.5 min]
2026-06-21 19:35:25,539 [INFO] leo.loops: OracleSqueeze: 13 opps, top edge=23.0%
2026-06-21 19:35:27,553 [INFO] leo.loops: Crypto signal: 16 opps, top edge=92.9%
2026-06-21 19:35:38,655 [INFO] strategies.btc_5min: BTC5Min: 8 BTC markets found (mins-to-close: [1434.36, 1429.36, 1424.36, 1434.36, 1419.36, 1414.36, -5.64, 9.36]), 0 in entry window [0.2–1.5 min]
2026-06-21 19:35:52,793 [INFO] api_clients.polymarket_client: Polymarket: loaded 1000 active markets
2026-06-21 19:35:58,411 [INFO] leo.loops: Crypto signal: 17 opps, top edge=93.0%
2026-06-21 19:35:59,807 [INFO] strategies.btc_5min: BTC5Min: 8 BTC markets found (mins-to-close: [1434.0, 1429.0, 1424.0, 1434.0, 1419.0, 1414.0, -1.0, 9.0]), 0 in entry window [0.2–1.5 min]
2026-06-21 19:36:22,398 [INFO] strategies.btc_5min: BTC5Min: 8 BTC markets found (mins-to-close: [1433.63, 1428.63, 1423.63, 1433.63, 1418.63, 1413.63, -1.37, 8.63]), 0 in entry window [0.2–1.5 min]
2026-06-21 19:36:25,540 [INFO] leo.loops: OracleSqueeze: 14 opps, top edge=23.0%
2026-06-21 19:36:29,050 [INFO] leo.loops: Crypto signal: 17 opps, top edge=92.9%
2026-06-21 19:36:29,796 [INFO] api_clients.polymarket_client: Polymarket: loaded 1000 active markets
2026-06-21 19:36:43,418 [INFO] strategies.btc_5min: BTC5Min: 8 BTC markets found (mins-to-close: [1433.28, 1428.28, 1423.28, 1433.28, 1418.28, 1413.28, -1.72, 8.28]), 0 in entry window [0.2–1.5 min]
2026-06-21 19:36:49,038 [INFO] leo.loops: OFI: 1 opps, top edge=15.6%
2026-06-21 19:36:59,661 [INFO] leo.loops: Crypto signal: 17 opps, top edge=93.0%
2026-06-21 19:37:04,788 [INFO] strategies.btc_5min: BTC5Min: 8 BTC markets found (mins-to-close: [1432.92, 1427.92, 1422.92, 1432.92, 1417.92, 1412.92, -2.08, 7.92]), 0 in entry window [0.2–1.5 min]
2026-06-21 19:37:07,045 [INFO] api_clients.polymarket_client: Polymarket: loaded 1000 active markets
2026-06-21 19:37:25,542 [INFO] leo.loops: OracleSqueeze: 15 opps, top edge=23.0%
2026-06-21 19:37:26,174 [INFO] strategies.btc_5min: BTC5Min: 8 BTC markets found (mins-to-close: [1432.56, 1427.56, 1422.56, 1432.56, 1417.56, 1412.56, -2.44, 7.56]), 0 in entry window [0.2–1.5 min]
2026-06-21 19:37:26,809 [INFO] strategies.market_maker: MM: quoting Spread: Uruguay (-1.5) | YES@0.07 NO@0.82 mid=0.12 [thin]
2026-06-21 19:37:29,976 [INFO] leo.loops: Crypto signal: 18 opps, top edge=93.0%
2026-06-21 19:37:43,499 [INFO] api_clients.polymarket_client: Polymarket: loaded 1000 active markets
2026-06-21 19:37:47,777 [INFO] strategies.btc_5min: BTC5Min: 8 BTC markets found (mins-to-close: [1432.2, 1427.2, 1422.2, 1432.2, 1417.2, 1412.2, -2.8, 7.2]), 0 in entry window [0.2–1.5 min]
2026-06-21 19:38:00,555 [INFO] leo.loops: Crypto signal: 18 opps, top edge=92.9%
2026-06-21 19:38:09,191 [INFO] strategies.btc_5min: BTC5Min: 8 BTC markets found (mins-to-close: [1431.85, 1426.85, 1421.85, 1431.85, 1416.85, 1411.85, -3.15, 6.85]), 0 in entry window [0.2–1.5 min]
2026-06-21 19:38:20,339 [INFO] api_clients.polymarket_client: Polymarket: loaded 1000 active markets
2026-06-21 19:38:25,542 [INFO] leo.loops: OracleSqueeze: 15 opps, top edge=23.0%
2026-06-21 19:38:30,539 [INFO] strategies.btc_5min: BTC5Min: 8 BTC markets found (mins-to-close: [1431.49, 1426.49, 1421.49, 1431.49, 1416.49, 1411.49, -3.51, 6.49]), 0 in entry window [0.2–1.5 min]
2026-06-21 19:38:30,961 [INFO] leo.loops: Crypto signal: 18 opps, top edge=92.8%
2026-06-21 19:38:52,440 [INFO] strategies.btc_5min: BTC5Min: 8 BTC markets found (mins-to-close: [1431.13, 1426.13, 1421.13, 1431.13, 1416.13, 1411.13, -3.87, 6.13]), 0 in entry window [0.2–1.5 min]
2026-06-21 19:38:57,714 [INFO] api_clients.polymarket_client: Polymarket: loaded 1000 active markets
2026-06-21 19:39:01,790 [INFO] leo.loops: Crypto signal: 18 opps, top edge=92.9%
2026-06-21 19:39:14,112 [INFO] strategies.btc_5min: BTC5Min: 8 BTC markets found (mins-to-close: [1430.76, 1425.76, 1420.76, 1430.76, 1415.76, 1410.76, -4.24, 5.76]), 0 in entry window [0.2–1.5 min]
2026-06-21 19:39:21,483 [INFO] strategies.news_fade: NewsFade: spike up detected on 0x3f0bc2757babb8bb9971c9f782fe81f9db734c12d84822f1120a90681c991ff8 23.50%->25.00%
2026-06-21 19:39:21,484 [INFO] strategies.news_fade: NewsFade: spike down detected on 0x119db6dda44f109bcdc2ec5e1d9cb8c21fa1a7e66489f59b1190fdfb25c0d515 1.65%->1.50%
2026-06-21 19:39:21,484 [INFO] strategies.news_fade: NewsFade: spike down detected on 0xd5698392d3b3074508359036996248d76c74618de869c3d0a867c6ef46ee5fb1 7.40%->6.95%
2026-06-21 19:39:21,484 [INFO] strategies.news_fade: NewsFade: spike up detected on 0x8549254b70d23ec8312e9379f3ecff6e127c8f78a451d363d8da163a6453e8d4 15.50%->16.50%
2026-06-21 19:39:21,485 [INFO] strategies.news_fade: NewsFade: spike down detected on 0xc4fa7059d0cd14ae5575ab138e56a45e871bbb571143bc19e084a9f8a90ab6b2 30.00%->16.00%
2026-06-21 19:39:21,485 [INFO] strategies.news_fade: NewsFade: spike down detected on 0x77af0ed0f45a3d3f55f16936ca7c08420bdbece901a63352a18edb4d0957888f 34.50%->30.00%
2026-06-21 19:39:21,486 [INFO] leo.loops: FavoriteShort: 7 opps, top edge=4.0%
2026-06-21 19:39:25,544 [INFO] leo.loops: OracleSqueeze: 15 opps, top edge=23.0%
2026-06-21 19:39:32,426 [INFO] leo.loops: Crypto signal: 18 opps, top edge=92.9%
2026-06-21 19:39:34,142 [INFO] api_clients.polymarket_client: Polymarket: loaded 1000 active markets
2026-06-21 19:39:35,118 [INFO] strategies.btc_5min: BTC5Min: 9 BTC markets found (mins-to-close: [1430.41, 1425.41, 1420.41, 1430.41, 1415.41, 1410.41, -4.59, 5.41, 5.41]), 0 in entry window [0.2–1.5 min]
2026-06-21 19:39:57,359 [INFO] strategies.btc_5min: BTC5Min: 9 BTC markets found (mins-to-close: [1430.04, 1425.04, 1420.04, 1430.04, 1415.04, 1410.04, -4.96, 5.04, 5.04]), 0 in entry window [0.2–1.5 min]
2026-06-21 19:40:03,003 [INFO] leo.loops: Crypto signal: 18 opps, top edge=93.1%
2026-06-21 19:40:11,036 [INFO] api_clients.polymarket_client: Polymarket: loaded 1000 active markets
2026-06-21 19:40:18,765 [INFO] strategies.btc_5min: BTC5Min: 10 BTC markets found (mins-to-close: [1444.69, 1434.69, 1429.69, 1424.69, 1419.69, 1429.69, 1414.69, 1409.69, -5.31, 4.69]), 0 in entry window [0.2–1.5 min]
2026-06-21 19:40:20,741 [INFO] strategies.market_maker: MM: quoting Will Uruguay win on 2026-06-21? | YES@0.40 NO@0.50 mid=0.45 [thin]
2026-06-21 19:40:25,561 [INFO] leo.loops: OracleSqueeze: 17 opps, top edge=23.0%
2026-06-21 19:40:33,319 [INFO] leo.loops: Crypto signal: 18 opps, top edge=93.1%
2026-06-21 19:40:40,157 [INFO] strategies.btc_5min: BTC5Min: 10 BTC markets found (mins-to-close: [1444.33, 1434.33, 1429.33, 1424.33, 1419.33, 1429.33, 1414.33, 1409.33, -5.67, 4.33]), 0 in entry window [0.2–1.5 min]
2026-06-21 19:40:47,808 [INFO] api_clients.polymarket_client: Polymarket: loaded 1000 active markets
2026-06-21 19:40:49,408 [INFO] leo.loops: OFI: 2 opps, top edge=23.7%
2026-06-21 19:41:01,813 [INFO] strategies.btc_5min: BTC5Min: 10 BTC markets found (mins-to-close: [1443.97, 1433.97, 1428.97, 1423.97, 1418.97, 1428.97, 1413.97, 1408.97, -6.03, 3.97]), 0 in entry window [0.2–1.5 min]
2026-06-21 19:41:03,937 [INFO] leo.loops: Crypto signal: 18 opps, top edge=93.1%
2026-06-21 19:41:23,192 [INFO] strategies.btc_5min: BTC5Min: 10 BTC markets found (mins-to-close: [1443.61, 1433.61, 1428.61, 1423.61, 1418.61, 1428.61, 1413.61, 1408.61, -6.39, 3.61]), 0 in entry window [0.2–1.5 min]
2026-06-21 19:41:24,940 [INFO] api_clients.polymarket_client: Polymarket: loaded 1000 active markets
2026-06-21 19:41:25,561 [INFO] leo.loops: OracleSqueeze: 16 opps, top edge=21.0%
2026-06-21 19:41:34,227 [INFO] leo.loops: Crypto signal: 18 opps, top edge=93.1%
2026-06-21 19:41:44,587 [INFO] strategies.btc_5min: BTC5Min: 9 BTC markets found (mins-to-close: [1443.26, 1433.26, 1428.26, 1423.26, 1418.26, 1428.26, 1413.26, 1408.26, 3.26]), 0 in entry window [0.2–1.5 min]
2026-06-21 19:42:01,277 [INFO] api_clients.polymarket_client: Polymarket: loaded 1000 active markets
2026-06-21 19:42:04,963 [INFO] leo.loops: Crypto signal: 18 opps, top edge=93.1%
2026-06-21 19:42:05,442 [INFO] strategies.btc_5min: BTC5Min: 9 BTC markets found (mins-to-close: [1442.91, 1432.91, 1427.91, 1422.91, 1417.91, 1427.91, 1412.91, 1407.91, 2.91]), 0 in entry window [0.2–1.5 min]
2026-06-21 19:42:25,550 [INFO] leo.loops: OracleSqueeze: 15 opps, top edge=21.0%
2026-06-21 19:42:27,116 [INFO] strategies.btc_5min: BTC5Min: 9 BTC markets found (mins-to-close: [1442.55, 1432.55, 1427.55, 1422.55, 1417.55, 1427.55, 1412.55, 1407.55, 2.55]), 0 in entry window [0.2–1.5 min]
2026-06-21 19:42:35,286 [INFO] leo.loops: Crypto signal: 18 opps, top edge=93.1%
2026-06-21 19:42:38,199 [INFO] api_clients.polymarket_client: Polymarket: loaded 1000 active markets
2026-06-21 19:42:47,799 [INFO] strategies.market_maker: MM: quoting Will Uruguay win on 2026-06-21? | YES@0.36 NO@0.53 mid=0.41 [thin]
2026-06-21 19:42:48,701 [INFO] strategies.btc_5min: BTC5Min: 9 BTC markets found (mins-to-close: [1442.19, 1432.19, 1427.19, 1422.19, 1417.19, 1427.19, 1412.19, 1407.19, 2.19]), 0 in entry window [0.2–1.5 min]
2026-06-21 19:42:49,562 [INFO] leo.loops: OFI: 3 opps, top edge=6.1%
2026-06-21 19:43:06,156 [INFO] leo.loops: Crypto signal: 18 opps, top edge=93.1%
2026-06-21 19:43:10,066 [INFO] strategies.btc_5min: BTC5Min: 9 BTC markets found (mins-to-close: [1441.83, 1431.83, 1426.83, 1421.83, 1416.83, 1426.83, 1411.83, 1406.83, 1.83]), 0 in entry window [0.2–1.5 min]
2026-06-21 19:43:15,444 [INFO] api_clients.polymarket_client: Polymarket: loaded 1000 active markets
2026-06-21 19:43:25,553 [INFO] leo.loops: OracleSqueeze: 15 opps, top edge=21.0%
2026-06-21 19:43:31,418 [INFO] strategies.btc_5min: BTC5Min: 9 BTC markets found (mins-to-close: [1441.48, 1431.48, 1426.48, 1421.48, 1416.48, 1426.48, 1411.48, 1406.48, 1.48]), 1 in entry window [0.2–1.5 min]
2026-06-21 19:43:36,710 [INFO] leo.loops: Crypto signal: 18 opps, top edge=93.1%
2026-06-21 19:43:52,204 [INFO] api_clients.polymarket_client: Polymarket: loaded 1000 active markets
2026-06-21 19:43:53,987 [INFO] strategies.btc_5min: BTC5Min: 9 BTC markets found (mins-to-close: [1441.1, 1431.1, 1426.1, 1421.1, 1416.1, 1426.1, 1411.1, 1406.1, 1.1]), 1 in entry window [0.2–1.5 min]
2026-06-21 19:44:07,278 [INFO] leo.loops: Crypto signal: 18 opps, top edge=93.2%
2026-06-21 19:44:15,672 [INFO] strategies.btc_5min: BTC5Min: 9 BTC markets found (mins-to-close: [1440.74, 1430.74, 1425.74, 1420.74, 1415.74, 1425.74, 1410.74, 1405.74, 0.74]), 1 in entry window [0.2–1.5 min]
2026-06-21 19:44:21,451 [INFO] strategies.news_fade: NewsFade: spike up detected on 0xe8b0a13c20a94dc28e10736419d1f51c4374b8bd1ac2d61bc9c56c426b96fd12 46.00%->57.50%
2026-06-21 19:44:21,452 [INFO] strategies.news_fade: NewsFade: spike up detected on 0xc6d651e1f7f9fc47f0079c1fba2fc18290cd8a45644f76f73ef7a1ae35f8d65f 3.15%->3.50%
2026-06-21 19:44:21,452 [INFO] strategies.news_fade: NewsFade: spike down detected on 0xaffa29d449f3b5a46d933bc412f7ae823e9f5216257c8c6e5bd695a9e2c0392b 0.65%->0.60%
2026-06-21 19:44:21,452 [INFO] strategies.news_fade: NewsFade: spike down detected on 0x6710345bfeba57d1108207ee22c847b4628a376f6282404ae9987cd9d163f800 1.60%->1.45%
2026-06-21 19:44:21,452 [INFO] strategies.news_fade: NewsFade: spike down detected on 0x8da60fe2877c1e7c77950ad04aadc9ce1717093bdcc6e2aa26bc5eb97dd74fa0 4.50%->2.50%
2026-06-21 19:44:21,453 [INFO] strategies.news_fade: NewsFade: spike up detected on 0xe814bab0eeafff52942ba7e42e71febb68bdafb369fbaee366b04d3b2c7d9edd 0.70%->0.80%
2026-06-21 19:44:21,453 [INFO] strategies.news_fade: NewsFade: spike up detected on 0x7201e3a5c4503d8fbb82207251da1d5f938474ee14827eefd4e920155b83415f 34.50%->46.00%
2026-06-21 19:44:21,453 [INFO] strategies.news_fade: NewsFade: spike down detected on 0x17c1591393e9bfcaa68c89086af37ffc1b44db673c56c8bebe07480759c6038a 1.65%->1.45%
2026-06-21 19:44:21,453 [INFO] strategies.news_fade: NewsFade: spike up detected on 0x5b5ba91ea8fde1fd4e8459c5d7a048959c40a3a3c7847ecb3ffb4e82f70c7cb5 5.15%->5.55%
2026-06-21 19:44:21,453 [INFO] leo.loops: FavoriteShort: 7 opps, top edge=4.0%
2026-06-21 19:44:25,596 [INFO] leo.loops: OracleSqueeze: 15 opps, top edge=21.0%
2026-06-21 19:44:28,832 [INFO] api_clients.polymarket_client: Polymarket: loaded 1000 active markets
2026-06-21 19:44:31,811 [INFO] strategies.market_maker: MM: quoting Spread: Uruguay (-1.5) | YES@0.04 NO@0.85 mid=0.10 [thin]
2026-06-21 19:44:37,012 [INFO] strategies.btc_5min: BTC5Min: 10 BTC markets found (mins-to-close: [1440.38, 1430.38, 1425.38, 1420.38, 1415.38, 1425.38, 1410.38, 1405.38, 0.38, 0.38]), 2 in entry window [0.2–1.5 min]
2026-06-21 19:44:37,268 [INFO] leo.loops: BTC5Min: 1 opps, top edge=43.5%
2026-06-21 19:44:37,870 [INFO] leo.loops: Crypto signal: 18 opps, top edge=93.4%
2026-06-21 19:44:46,452 [WARNING] api_clients.pyth_client: Pyth SSE disconnected: Response payload is not completed: <TransferEncodingError: 400, message='Not enough data to satisfy transfer length header.'>, retrying in 1s
2026-06-21 19:44:47,454 [INFO] api_clients.pyth_client: Pyth SSE: connecting…
2026-06-21 19:44:48,000 [INFO] api_clients.pyth_client: Pyth SSE: stream live
2026-06-21 19:44:55,296 [INFO] api_clients.weather_client: Weather: refreshed 13 city forecasts
2026-06-21 19:44:55,301 [INFO] leo.loops: Weather: 16 opps, top edge=97.9%
2026-06-21 19:44:58,890 [INFO] strategies.btc_5min: BTC5Min: 10 BTC markets found (mins-to-close: [1440.02, 1430.02, 1425.02, 1420.02, 1415.02, 1425.02, 1410.02, 1405.02, 0.02, 0.02]), 0 in entry window [0.2–1.5 min]
2026-06-21 19:45:05,818 [INFO] api_clients.polymarket_client: Polymarket: loaded 1000 active markets
2026-06-21 19:45:05,897 [WARNING] api_clients.pyth_client: Pyth SSE disconnected: Response payload is not completed: <TransferEncodingError: 400, message='Not enough data to satisfy transfer length header.'>, retrying in 1s
2026-06-21 19:45:06,461 [INFO] strategies.market_maker: MM: quoting Will Uruguay win on 2026-06-21? | YES@0.33 NO@0.57 mid=0.38 [thin]
2026-06-21 19:45:06,899 [INFO] api_clients.pyth_client: Pyth SSE: connecting…
2026-06-21 19:45:07,403 [INFO] api_clients.pyth_client: Pyth SSE: stream live
2026-06-21 19:45:08,546 [INFO] leo.loops: Crypto signal: 18 opps, top edge=93.3%
2026-06-21 19:45:09,012 [WARNING] api_clients.pyth_client: Pyth SSE disconnected: Response payload is not completed: <TransferEncodingError: 400, message='Not enough data to satisfy transfer length header.'>, retrying in 1s
2026-06-21 19:45:10,013 [INFO] api_clients.pyth_client: Pyth SSE: connecting…
2026-06-21 19:45:10,643 [INFO] api_clients.pyth_client: Pyth SSE: stream live
2026-06-21 19:45:19,952 [INFO] strategies.btc_5min: BTC5Min: 5 BTC markets found (mins-to-close: [1434.67, 1439.67, 1429.67, -0.33, -0.33]), 0 in entry window [0.2–1.5 min]
2026-06-21 19:45:25,649 [INFO] leo.loops: OracleSqueeze: 16 opps, top edge=22.0%
2026-06-21 19:45:38,848 [INFO] leo.loops: Crypto signal: 18 opps, top edge=93.4%
2026-06-21 19:45:40,937 [INFO] strategies.btc_5min: BTC5Min: 5 BTC markets found (mins-to-close: [1434.32, 1439.32, 1429.32, -0.68, -0.68]), 0 in entry window [0.2–1.5 min]
2026-06-21 19:45:41,399 [INFO] api_clients.forecast_client: Forecast: loaded 0 questions (0 meta, 0 manifold)
2026-06-21 19:45:43,482 [INFO] api_clients.polymarket_client: Polymarket: loaded 1000 active markets
2026-06-21 19:46:02,741 [INFO] strategies.btc_5min: BTC5Min: 5 BTC markets found (mins-to-close: [1433.95, 1438.95, 1428.95, -1.05, -1.05]), 0 in entry window [0.2–1.5 min]
2026-06-21 19:46:09,740 [INFO] leo.loops: Crypto signal: 18 opps, top edge=93.4%
2026-06-21 19:46:15,712 [INFO] strategies.market_maker: MM: quoting Spread: Uruguay (-1.5) | YES@0.01 NO@0.89 mid=0.07 [thin]
2026-06-21 19:46:19,635 [INFO] api_clients.polymarket_client: Polymarket: loaded 1000 active markets
2026-06-21 19:46:23,642 [INFO] strategies.btc_5min: BTC5Min: 6 BTC markets found (mins-to-close: [1433.61, 1438.61, 1428.61, -1.39, -1.39, -1.39]), 0 in entry window [0.2–1.5 min]
2026-06-21 19:46:25,652 [INFO] leo.loops: OracleSqueeze: 15 opps, top edge=22.0%
2026-06-21 19:46:40,060 [INFO] leo.loops: Crypto signal: 18 opps, top edge=94.5%
2026-06-21 19:46:44,922 [INFO] strategies.btc_5min: BTC5Min: 6 BTC markets found (mins-to-close: [1433.25, 1438.25, 1428.25, -1.75, -1.75, -1.75]), 0 in entry window [0.2–1.5 min]
2026-06-21 19:46:50,004 [INFO] leo.loops: OFI: 1 opps, top edge=4.1%
2026-06-21 19:46:56,631 [INFO] api_clients.polymarket_client: Polymarket: loaded 1000 active markets
2026-06-21 19:47:06,787 [INFO] strategies.btc_5min: BTC5Min: 6 BTC markets found (mins-to-close: [1432.89, 1437.89, 1427.89, -2.11, -2.11, -2.11]), 0 in entry window [0.2–1.5 min]
2026-06-21 19:47:10,868 [INFO] leo.loops: Crypto signal: 18 opps, top edge=94.5%
2026-06-21 19:47:16,619 [WARNING] api_clients.pyth_client: Pyth SSE disconnected: Response payload is not completed: <TransferEncodingError: 400, message='Not enough data to satisfy transfer length header.'>, retrying in 1s
2026-06-21 19:47:17,622 [INFO] api_clients.pyth_client: Pyth SSE: connecting…
2026-06-21 19:47:18,175 [INFO] api_clients.pyth_client: Pyth SSE: stream live
2026-06-21 19:47:24,411 [WARNING] api_clients.pyth_client: Pyth SSE disconnected: Response payload is not completed: <TransferEncodingError: 400, message='Not enough data to satisfy transfer length header.'>, retrying in 1s
2026-06-21 19:47:25,123 [INFO] strategies.market_maker: MM: quoting Will Uruguay win on 2026-06-21? | YES@0.29 NO@0.61 mid=0.34 [thin]
2026-06-21 19:47:25,414 [INFO] api_clients.pyth_client: Pyth SSE: connecting…
2026-06-21 19:47:25,656 [INFO] leo.loops: OracleSqueeze: 15 opps, top edge=22.0%
2026-06-21 19:47:28,560 [INFO] strategies.btc_5min: BTC5Min: 6 BTC markets found (mins-to-close: [1432.52, 1437.52, 1427.52, -2.48, -2.48, -2.48]), 0 in entry window [0.2–1.5 min]
2026-06-21 19:47:29,183 [INFO] api_clients.pyth_client: Pyth SSE: stream live
2026-06-21 19:47:33,803 [INFO] api_clients.polymarket_client: Polymarket: loaded 1000 active markets
2026-06-21 19:47:41,173 [INFO] leo.loops: Crypto signal: 18 opps, top edge=94.5%
2026-06-21 19:47:49,834 [INFO] strategies.btc_5min: BTC5Min: 6 BTC markets found (mins-to-close: [1432.17, 1437.17, 1427.17, -2.83, -2.83, -2.83]), 0 in entry window [0.2–1.5 min]
2026-06-21 19:48:10,625 [INFO] api_clients.polymarket_client: Polymarket: loaded 1000 active markets
2026-06-21 19:48:11,734 [INFO] strategies.btc_5min: BTC5Min: 6 BTC markets found (mins-to-close: [1431.8, 1436.8, 1426.8, -3.2, -3.2, -3.2]), 0 in entry window [0.2–1.5 min]
2026-06-21 19:48:12,107 [INFO] leo.loops: Crypto signal: 18 opps, top edge=94.5%
2026-06-21 19:48:25,658 [INFO] leo.loops: OracleSqueeze: 15 opps, top edge=22.0%
2026-06-21 19:48:33,076 [INFO] strategies.btc_5min: BTC5Min: 6 BTC markets found (mins-to-close: [1431.45, 1436.45, 1426.45, -3.55, -3.55, -3.55]), 0 in entry window [0.2–1.5 min]
2026-06-21 19:48:42,437 [INFO] leo.loops: Crypto signal: 18 opps, top edge=94.5%
2026-06-21 19:48:47,259 [INFO] api_clients.polymarket_client: Polymarket: loaded 1000 active markets
2026-06-21 19:48:54,153 [INFO] strategies.btc_5min: BTC5Min: 6 BTC markets found (mins-to-close: [1431.1, 1436.1, 1426.1, -3.9, -3.9, -3.9]), 0 in entry window [0.2–1.5 min]
2026-06-21 19:49:13,027 [INFO] leo.loops: Crypto signal: 18 opps, top edge=94.5%
2026-06-21 19:49:15,457 [INFO] strategies.btc_5min: BTC5Min: 6 BTC markets found (mins-to-close: [1430.74, 1435.74, 1425.74, -4.26, -4.26, -4.26]), 0 in entry window [0.2–1.5 min]
2026-06-21 19:49:21,451 [INFO] strategies.news_fade: NewsFade: spike down detected on 0xf365e4c2d0ed67ffb8263cac97570e02664099fd25d1a8bd201e53dc883d86f1 0.30%->0.25%
2026-06-21 19:49:21,451 [INFO] strategies.news_fade: NewsFade: spike down detected on 0x360229ef7e200995eeedfab6fd63514c8a43fcee803e8ac6dbe17065bd024d60 1.55%->1.45%
2026-06-21 19:49:21,451 [INFO] strategies.news_fade: NewsFade: spike down detected on 0x7e7feba9bbdc7650bd776d36d4e29c27b21f7cfdfb9161f4ae9ee5ffb7831d12 1.85%->1.55%
2026-06-21 19:49:21,452 [INFO] strategies.news_fade: NewsFade: spike down detected on 0xb3fbac28ca420448a4c4b18a1cb6ef4db17d099e5674f5461fe848397d669382 0.55%->0.45%
2026-06-21 19:49:21,452 [INFO] strategies.news_fade: NewsFade: spike down detected on 0xa8ed8b2fb14800b418a4a3228a4474c38503389e76d2340964fece6ddcae09f1 0.75%->0.70%
2026-06-21 19:49:21,452 [INFO] strategies.news_fade: NewsFade: spike down detected on 0xaf4e28d12ae10767997e6c9126f2a7a1fcc92d0dc591194d50dd4193f785a169 0.25%->0.05%
2026-06-21 19:49:21,453 [INFO] strategies.news_fade: NewsFade: spike up detected on 0x8db54b33e838dacf85fdd2ec8dd16c425f37844eb6393a7ec0b2e0361d220156 0.05%->0.10%
2026-06-21 19:49:21,454 [INFO] leo.loops: FavoriteShort: 7 opps, top edge=4.0%
2026-06-21 19:49:24,194 [INFO] api_clients.polymarket_client: Polymarket: loaded 1000 active markets
2026-06-21 19:49:25,660 [INFO] leo.loops: OracleSqueeze: 14 opps, top edge=20.5%
2026-06-21 19:49:36,458 [INFO] strategies.btc_5min: BTC5Min: 4 BTC markets found (mins-to-close: [1430.39, 1435.39, 1425.39, -4.61]), 0 in entry window [0.2–1.5 min]
2026-06-21 19:49:43,579 [INFO] leo.loops: Crypto signal: 18 opps, top edge=94.6%
2026-06-21 19:49:57,778 [INFO] strategies.btc_5min: BTC5Min: 4 BTC markets found (mins-to-close: [1430.04, 1435.04, 1425.04, -4.96]), 0 in entry window [0.2–1.5 min]
2026-06-21 19:50:01,555 [INFO] api_clients.polymarket_client: Polymarket: loaded 1000 active markets
2026-06-21 19:50:14,451 [INFO] leo.loops: Crypto signal: 18 opps, top edge=94.6%
2026-06-21 19:50:19,105 [INFO] strategies.btc_5min: BTC5Min: 4 BTC markets found (mins-to-close: [1434.68, 1429.68, 1434.68, -5.32]), 0 in entry window [0.2–1.5 min]
2026-06-21 19:50:25,663 [INFO] leo.loops: OracleSqueeze: 15 opps, top edge=22.5%
2026-06-21 19:50:37,990 [INFO] api_clients.polymarket_client: Polymarket: loaded 1000 active markets
2026-06-21 19:50:40,424 [INFO] strategies.btc_5min: BTC5Min: 4 BTC markets found (mins-to-close: [1434.33, 1429.33, 1434.33, -5.67]), 0 in entry window [0.2–1.5 min]
2026-06-21 19:50:45,080 [INFO] leo.loops: Crypto signal: 18 opps, top edge=94.6%
2026-06-21 19:51:02,205 [INFO] strategies.btc_5min: BTC5Min: 4 BTC markets found (mins-to-close: [1433.96, 1428.96, 1433.96, -6.04]), 0 in entry window [0.2–1.5 min]
2026-06-21 19:51:15,099 [INFO] api_clients.polymarket_client: Polymarket: loaded 1000 active markets
2026-06-21 19:51:15,690 [INFO] leo.loops: Crypto signal: 18 opps, top edge=94.6%
2026-06-21 19:51:23,224 [INFO] strategies.btc_5min: BTC5Min: 4 BTC markets found (mins-to-close: [1433.61, 1428.61, 1433.61, 8.61]), 0 in entry window [0.2–1.5 min]
2026-06-21 19:51:25,666 [INFO] leo.loops: OracleSqueeze: 12 opps, top edge=20.5%
2026-06-21 19:51:44,351 [INFO] strategies.btc_5min: BTC5Min: 4 BTC markets found (mins-to-close: [1433.26, 1428.26, 1433.26, 8.26]), 0 in entry window [0.2–1.5 min]
2026-06-21 19:51:46,242 [INFO] leo.loops: Crypto signal: 18 opps, top edge=94.6%
2026-06-21 19:51:51,956 [INFO] api_clients.polymarket_client: Polymarket: loaded 1000 active markets
2026-06-21 19:52:06,195 [INFO] strategies.btc_5min: BTC5Min: 4 BTC markets found (mins-to-close: [1432.9, 1427.9, 1432.9, 7.9]), 0 in entry window [0.2–1.5 min]
2026-06-21 19:52:16,891 [INFO] leo.loops: Crypto signal: 18 opps, top edge=94.6%
2026-06-21 19:52:25,667 [INFO] leo.loops: OracleSqueeze: 8 opps, top edge=19.5%
2026-06-21 19:52:27,199 [INFO] strategies.btc_5min: BTC5Min: 4 BTC markets found (mins-to-close: [1432.55, 1427.55, 1432.55, 7.55]), 0 in entry window [0.2–1.5 min]
2026-06-21 19:52:29,657 [INFO] api_clients.polymarket_client: Polymarket: loaded 1000 active markets
2026-06-21 19:52:37,091 [INFO] strategies.market_maker: MM: quoting Will Uruguay win on 2026-06-21? | YES@0.24 NO@0.66 mid=0.29 [thin]
2026-06-21 19:52:47,464 [INFO] leo.loops: Crypto signal: 18 opps, top edge=94.6%
2026-06-21 19:52:48,211 [INFO] strategies.btc_5min: BTC5Min: 4 BTC markets found (mins-to-close: [1432.2, 1427.2, 1432.2, 7.2]), 0 in entry window [0.2–1.5 min]
2026-06-21 19:52:50,612 [INFO] leo.loops: OFI: 1 opps, top edge=5.4%
2026-06-21 19:53:06,523 [INFO] api_clients.polymarket_client: Polymarket: loaded 1000 active markets
2026-06-21 19:53:10,102 [INFO] strategies.btc_5min: BTC5Min: 4 BTC markets found (mins-to-close: [1431.83, 1426.83, 1431.83, 6.83]), 0 in entry window [0.2–1.5 min]
2026-06-21 19:53:11,933 [INFO] strategies.market_maker: MM: quoting Spread: Uruguay (-1.5) | YES@0.01 NO@0.91 mid=0.04 [thin]
2026-06-21 19:53:18,044 [INFO] leo.loops: Crypto signal: 18 opps, top edge=94.6%
2026-06-21 19:53:25,670 [INFO] leo.loops: OracleSqueeze: 8 opps, top edge=19.5%
2026-06-21 19:53:31,363 [INFO] strategies.btc_5min: BTC5Min: 4 BTC markets found (mins-to-close: [1431.48, 1426.48, 1431.48, 6.48]), 0 in entry window [0.2–1.5 min]
2026-06-21 19:53:43,339 [INFO] api_clients.polymarket_client: Polymarket: loaded 1000 active markets
2026-06-21 19:53:48,367 [INFO] leo.loops: Crypto signal: 18 opps, top edge=94.6%
2026-06-21 19:53:52,421 [INFO] strategies.btc_5min: BTC5Min: 4 BTC markets found (mins-to-close: [1431.13, 1426.13, 1431.13, 6.13]), 0 in entry window [0.2–1.5 min]
2026-06-21 19:54:14,266 [INFO] strategies.btc_5min: BTC5Min: 4 BTC markets found (mins-to-close: [1430.76, 1425.76, 1430.76, 5.76]), 0 in entry window [0.2–1.5 min]
2026-06-21 19:54:19,187 [INFO] leo.loops: Crypto signal: 18 opps, top edge=94.6%
2026-06-21 19:54:20,318 [INFO] api_clients.polymarket_client: Polymarket: loaded 1000 active markets
2026-06-21 19:54:21,452 [INFO] strategies.news_fade: NewsFade: spike down detected on 0xadd379ff0c644f129ca40b804749a64d87e4d9120adf91d607f3ee1a2f5a69e7 0.50%->0.05%
2026-06-21 19:54:21,452 [INFO] strategies.news_fade: NewsFade: spike down detected on 0x060bd5f9a19c608f60a2c98fe710e8b54b4708605b370e15d9c7d57011f0e07f 6.80%->2.50%
2026-06-21 19:54:21,453 [INFO] strategies.news_fade: NewsFade: spike up detected on 0x408cea42e7b7f1355cad1dcd6e2d37eccbec94b1dac609d43aef66d659301f5e 80.00%->98.00%
2026-06-21 19:54:21,453 [INFO] strategies.news_fade: NewsFade: spike up detected on 0xb2eb1bed39028beab550902a3aa53fb1bdc960aabc356ffc177b5238af62724f 0.75%->0.85%
2026-06-21 19:54:21,453 [INFO] strategies.news_fade: NewsFade: spike up detected on 0xb248b9dfdd554f6a6507b6addab97228fdbe5ce7f8e4f1abceb5267c6c8ef9ab 3.25%->3.65%
2026-06-21 19:54:21,453 [INFO] strategies.news_fade: NewsFade: spike up detected on 0xd4eca032aa1f3dfda49559e6df388d908600fd2ef779d03ad83462d5a8942b2a 50.00%->53.00%
2026-06-21 19:54:21,453 [INFO] strategies.news_fade: NewsFade: spike down detected on 0x87142239adf6a27d3cdc73ef542907c1dd278ca5c5b4723ebbd489b079413c0f 1.15%->1.05%
2026-06-21 19:54:21,453 [INFO] strategies.news_fade: NewsFade: spike down detected on 0x1fd9a544bbe680c2f0a937ea136d55deeb0c0a9198ff48ec1d0ad0a78353454e 1.05%->0.95%
2026-06-21 19:54:21,453 [INFO] strategies.news_fade: NewsFade: spike up detected on 0x585673fcbde68965ee57520268c290e554071d5082f25bba0527f01dc05c8612 8.00%->9.00%
2026-06-21 19:54:21,453 [INFO] strategies.news_fade: NewsFade: spike up detected on 0xd61673fdbb2e2ceeeeb7ec4fbaba10859e59cbb4abc311779c114e18dbadfb1b 1.65%->1.75%
2026-06-21 19:54:21,456 [INFO] leo.loops: FavoriteShort: 7 opps, top edge=4.0%
2026-06-21 19:54:25,671 [INFO] leo.loops: OracleSqueeze: 5 opps, top edge=19.5%
2026-06-21 19:54:35,980 [INFO] strategies.btc_5min: BTC5Min: 4 BTC markets found (mins-to-close: [1430.4, 1425.4, 1430.4, 5.4]), 0 in entry window [0.2–1.5 min]
2026-06-21 19:54:50,629 [INFO] leo.loops: Crypto signal: 18 opps, top edge=94.6%
2026-06-21 19:54:56,092 [INFO] strategies.market_maker: MM: quoting Will Uruguay win on 2026-06-21? | YES@0.27 NO@0.64 mid=0.32 [thin]
2026-06-21 19:54:56,997 [INFO] strategies.btc_5min: BTC5Min: 4 BTC markets found (mins-to-close: [1430.05, 1425.05, 1430.05, 5.05]), 0 in entry window [0.2–1.5 min]
2026-06-21 19:54:57,875 [INFO] api_clients.polymarket_client: Polymarket: loaded 1000 active markets
2026-06-21 19:55:18,848 [INFO] strategies.btc_5min: BTC5Min: 5 BTC markets found (mins-to-close: [1444.69, 1434.69, 1429.69, 1424.69, 4.69]), 0 in entry window [0.2–1.5 min]
2026-06-21 19:55:21,203 [INFO] leo.loops: Crypto signal: 18 opps, top edge=94.6%
2026-06-21 19:55:25,672 [INFO] leo.loops: OracleSqueeze: 5 opps, top edge=19.5%
2026-06-21 19:55:30,731 [INFO] strategies.market_maker: MM: quoting Will Uruguay win on 2026-06-21? | YES@0.18 NO@0.71 mid=0.23 [thin]
2026-06-21 19:55:34,133 [INFO] api_clients.polymarket_client: Polymarket: loaded 1000 active markets
2026-06-21 19:55:39,870 [INFO] strategies.btc_5min: BTC5Min: 6 BTC markets found (mins-to-close: [1444.34, 1434.34, 1429.34, 1424.34, 4.34, 4.34]), 0 in entry window [0.2–1.5 min]
2026-06-21 19:55:51,810 [INFO] leo.loops: Crypto signal: 18 opps, top edge=94.6%
2026-06-21 19:56:01,134 [INFO] strategies.btc_5min: BTC5Min: 6 BTC markets found (mins-to-close: [1443.98, 1433.98, 1428.98, 1423.98, 3.98, 3.98]), 0 in entry window [0.2–1.5 min]
2026-06-21 19:56:05,569 [INFO] strategies.market_maker: MM: quoting Will Uruguay win on 2026-06-21? | YES@0.16 NO@0.74 mid=0.21 [thin]
2026-06-21 19:56:10,974 [INFO] api_clients.polymarket_client: Polymarket: loaded 1000 active markets
2026-06-21 19:56:22,543 [INFO] strategies.btc_5min: BTC5Min: 6 BTC markets found (mins-to-close: [1443.62, 1433.62, 1428.62, 1423.62, -1.38, 3.62]), 0 in entry window [0.2–1.5 min]
2026-06-21 19:56:22,586 [INFO] leo.loops: Crypto signal: 18 opps, top edge=94.6%
2026-06-21 19:56:25,675 [INFO] leo.loops: OracleSqueeze: 4 opps, top edge=16.5%
2026-06-21 19:56:39,839 [WARNING] api_clients.binance_client: Coinbase snapshot fetch failed (SOLUSDT): 
2026-06-21 19:56:39,842 [WARNING] api_clients.binance_client: Coinbase candle fetch failed (SOLUSDT): 
2026-06-21 19:56:39,842 [WARNING] api_clients.binance_client: Coinbase snapshot fetch failed (ETHUSDT): 
2026-06-21 19:56:43,676 [INFO] strategies.btc_5min: BTC5Min: 6 BTC markets found (mins-to-close: [1443.27, 1433.27, 1428.27, 1423.27, -1.73, 3.27]), 0 in entry window [0.2–1.5 min]
2026-06-21 19:56:48,217 [INFO] api_clients.polymarket_client: Polymarket: loaded 1000 active markets
2026-06-21 19:56:53,406 [INFO] leo.loops: Crypto signal: 18 opps, top edge=94.6%
2026-06-21 19:57:04,818 [INFO] strategies.btc_5min: BTC5Min: 6 BTC markets found (mins-to-close: [1442.92, 1432.92, 1427.92, 1422.92, -2.08, 2.92]), 0 in entry window [0.2–1.5 min]
2026-06-21 19:57:18,179 [WARNING] api_clients.pyth_client: Pyth SSE disconnected: Response payload is not completed: <TransferEncodingError: 400, message='Not enough data to satisfy transfer length header.'>, retrying in 1s
2026-06-21 19:57:19,181 [INFO] api_clients.pyth_client: Pyth SSE: connecting…
2026-06-21 19:57:19,918 [INFO] api_clients.pyth_client: Pyth SSE: stream live
2026-06-21 19:57:19,966 [WARNING] api_clients.pyth_client: Pyth SSE disconnected: Response payload is not completed: <TransferEncodingError: 400, message='Not enough data to satisfy transfer length header.'>, retrying in 1s
2026-06-21 19:57:20,969 [INFO] api_clients.pyth_client: Pyth SSE: connecting…
2026-06-21 19:57:22,731 [INFO] api_clients.pyth_client: Pyth SSE: stream live
2026-06-21 19:57:24,011 [INFO] leo.loops: Crypto signal: 18 opps, top edge=94.6%
2026-06-21 19:57:24,640 [INFO] api_clients.polymarket_client: Polymarket: loaded 1000 active markets
2026-06-21 19:57:25,684 [INFO] leo.loops: OracleSqueeze: 4 opps, top edge=17.5%
2026-06-21 19:57:25,836 [INFO] strategies.btc_5min: BTC5Min: 6 BTC markets found (mins-to-close: [1442.57, 1432.57, 1427.57, 1422.57, -2.43, 2.57]), 0 in entry window [0.2–1.5 min]
2026-06-21 19:57:47,417 [INFO] strategies.btc_5min: BTC5Min: 6 BTC markets found (mins-to-close: [1442.21, 1432.21, 1427.21, 1422.21, -2.79, 2.21]), 0 in entry window [0.2–1.5 min]
2026-06-21 19:57:54,589 [INFO] leo.loops: Crypto signal: 18 opps, top edge=94.6%
2026-06-21 19:58:01,403 [INFO] api_clients.polymarket_client: Polymarket: loaded 1000 active markets
2026-06-21 19:58:08,701 [INFO] strategies.btc_5min: BTC5Min: 6 BTC markets found (mins-to-close: [1441.85, 1431.85, 1426.85, 1421.85, -3.15, 1.85]), 0 in entry window [0.2–1.5 min]
2026-06-21 19:58:25,183 [INFO] leo.loops: Crypto signal: 18 opps, top edge=94.6%
2026-06-21 19:58:25,694 [INFO] leo.loops: OracleSqueeze: 4 opps, top edge=17.5%
2026-06-21 19:58:30,022 [INFO] strategies.btc_5min: BTC5Min: 6 BTC markets found (mins-to-close: [1441.5, 1431.5, 1426.5, 1421.5, -3.5, 1.5]), 1 in entry window [0.2–1.5 min]
2026-06-21 19:58:30,771 [INFO] leo.loops: BTC5Min: 1 opps, top edge=14.6%
2026-06-21 19:58:38,231 [INFO] api_clients.polymarket_client: Polymarket: loaded 1000 active markets
2026-06-21 19:58:54,174 [INFO] strategies.btc_5min: BTC5Min: 6 BTC markets found (mins-to-close: [1441.1, 1431.1, 1426.1, 1421.1, -3.9, 1.1]), 1 in entry window [0.2–1.5 min]
2026-06-21 19:58:54,421 [INFO] leo.loops: BTC5Min: 1 opps, top edge=25.2%
2026-06-21 19:58:55,496 [INFO] leo.loops: Crypto signal: 18 opps, top edge=94.6%
2026-06-21 19:59:15,146 [INFO] api_clients.polymarket_client: Polymarket: loaded 1000 active markets
2026-06-21 19:59:15,732 [INFO] strategies.btc_5min: BTC5Min: 8 BTC markets found (mins-to-close: [1440.74, 1430.74, 1425.74, 1420.74, -4.26, 0.74, 0.74, 0.74]), 3 in entry window [0.2–1.5 min]
2026-06-21 19:59:16,000 [INFO] leo.loops: BTC5Min: 2 opps, top edge=34.5%
2026-06-21 19:59:21,470 [INFO] strategies.news_fade: NewsFade: spike down detected on 0x9b4fa695be54f538ae8954b228b2350f133570b1d416fb088de9caffca265f77 36.50%->19.50%
2026-06-21 19:59:21,471 [INFO] strategies.news_fade: NewsFade: spike up detected on 0xc10aa56ec9922432a9c834f79935f3110ba66a87073947a61ceaf65042bbb893 1.35%->2.35%
2026-06-21 19:59:21,471 [INFO] strategies.news_fade: NewsFade: spike down detected on 0x6e56dee1e3dc3f7e00c2c9b8a525260c044d2a9f789e9fad185aa0dfcee5703e 75.50%->47.50%
2026-06-21 19:59:21,472 [INFO] strategies.news_fade: NewsFade: spike up detected on 0xb81eb8100d02844b5270e779550097a9e9632d2bea535360b004cf83a38463ad 74.50%->81.50%
2026-06-21 19:59:21,472 [INFO] strategies.news_fade: NewsFade: spike down detected on 0x5e082f0b57f47a29044aa35b4c5658393122e659d5feae521c06b57cdd7f905c 14.50%->13.50%
2026-06-21 19:59:21,472 [INFO] strategies.news_fade: NewsFade: spike up detected on 0xbb10027d0f92e8498e5de1e089ef4dfd6d42a971569d5820f80575c02b091030 4.75%->6.95%
2026-06-21 19:59:21,473 [INFO] leo.loops: FavoriteShort: 7 opps, top edge=4.0%
2026-06-21 19:59:25,697 [INFO] leo.loops: OracleSqueeze: 5 opps, top edge=20.5%
2026-06-21 19:59:26,068 [INFO] leo.loops: Crypto signal: 18 opps, top edge=94.5%
2026-06-21 19:59:33,629 [INFO] strategies.market_maker: MM: quoting Will Uruguay win on 2026-06-21? | YES@0.12 NO@0.78 mid=0.17 [thin]
2026-06-21 19:59:37,071 [INFO] strategies.btc_5min: BTC5Min: 8 BTC markets found (mins-to-close: [1440.38, 1430.38, 1425.38, 1420.38, -4.62, 0.38, 0.38, 0.38]), 3 in entry window [0.2–1.5 min]
2026-06-21 19:59:37,324 [INFO] leo.loops: BTC5Min: 2 opps, top edge=37.1%
2026-06-21 19:59:51,693 [INFO] api_clients.polymarket_client: Polymarket: loaded 1000 active markets
2026-06-21 19:59:56,399 [INFO] leo.loops: Crypto signal: 18 opps, top edge=94.5%
2026-06-21 19:59:58,286 [INFO] strategies.btc_5min: BTC5Min: 8 BTC markets found (mins-to-close: [1440.03, 1430.03, 1425.03, 1420.03, -4.97, 0.03, 0.03, 0.03]), 0 in entry window [0.2–1.5 min]
2026-06-21 20:00:20,173 [INFO] strategies.btc_5min: BTC5Min: 9 BTC markets found (mins-to-close: [1434.66, 1439.66, 1429.66, 1424.66, 1419.66, -5.34, -0.34, -0.34, -0.34]), 0 in entry window [0.2–1.5 min]
2026-06-21 20:00:25,698 [INFO] leo.loops: OracleSqueeze: 5 opps, top edge=20.5%
2026-06-21 20:00:26,962 [INFO] leo.loops: Crypto signal: 18 opps, top edge=94.5%
2026-06-21 20:00:28,461 [INFO] api_clients.polymarket_client: Polymarket: loaded 1000 active markets
2026-06-21 20:00:41,508 [INFO] strategies.btc_5min: BTC5Min: 8 BTC markets found (mins-to-close: [1434.31, 1439.31, 1429.31, 1424.31, 1419.31, -5.69, -0.69, -0.69]), 0 in entry window [0.2–1.5 min]
2026-06-21 20:00:42,555 [INFO] strategies.market_maker: MM: quoting Will Uruguay win on 2026-06-21? | YES@0.05 NO@0.85 mid=0.10 [thin]
2026-06-21 20:00:43,179 [INFO] api_clients.forecast_client: Forecast: loaded 0 questions (0 meta, 0 manifold)
2026-06-21 20:00:53,761 [INFO] leo.loops: OFI: 1 opps, top edge=20.3%
2026-06-21 20:00:57,797 [INFO] leo.loops: Crypto signal: 18 opps, top edge=94.5%
2026-06-21 20:01:02,514 [INFO] strategies.btc_5min: BTC5Min: 8 BTC markets found (mins-to-close: [1433.96, 1438.96, 1428.96, 1423.96, 1418.96, -6.04, -1.04, -1.04]), 0 in entry window [0.2–1.5 min]
2026-06-21 20:01:06,131 [INFO] api_clients.polymarket_client: Polymarket: loaded 1000 active markets
2026-06-21 20:01:24,380 [INFO] strategies.btc_5min: BTC5Min: 8 BTC markets found (mins-to-close: [1433.59, 1438.59, 1428.59, 1423.59, 1418.59, -1.41, -1.41, -1.41]), 0 in entry window [0.2–1.5 min]
2026-06-21 20:01:25,699 [INFO] leo.loops: OracleSqueeze: 7 opps, top edge=20.5%
2026-06-21 20:01:28,441 [INFO] leo.loops: Crypto signal: 18 opps, top edge=94.5%
2026-06-21 20:01:42,252 [INFO] api_clients.polymarket_client: Polymarket: loaded 1000 active markets
2026-06-21 20:01:45,374 [INFO] strategies.btc_5min: BTC5Min: 8 BTC markets found (mins-to-close: [1433.24, 1438.24, 1428.24, 1423.24, 1418.24, -1.76, -1.76, -1.76]), 0 in entry window [0.2–1.5 min]
2026-06-21 20:01:51,486 [INFO] strategies.market_maker: MM: quoting Will Uruguay win on 2026-06-21? | YES@0.01 NO@0.89 mid=0.06 [thin]
2026-06-21 20:01:59,069 [INFO] leo.loops: Crypto signal: 18 opps, top edge=94.5%
2026-06-21 20:02:06,644 [INFO] strategies.btc_5min: BTC5Min: 8 BTC markets found (mins-to-close: [1432.89, 1437.89, 1427.89, 1422.89, 1417.89, -2.11, -2.11, -2.11]), 0 in entry window [0.2–1.5 min]
2026-06-21 20:02:17,263 [WARNING] api_clients.pyth_client: Pyth SSE disconnected: Response payload is not completed: <TransferEncodingError: 400, message='Not enough data to satisfy transfer length header.'>, retrying in 1s
2026-06-21 20:02:18,264 [INFO] api_clients.pyth_client: Pyth SSE: connecting…
2026-06-21 20:02:18,946 [INFO] api_clients.pyth_client: Pyth SSE: stream live
2026-06-21 20:02:19,027 [INFO] api_clients.polymarket_client: Polymarket: loaded 1000 active markets
2026-06-21 20:02:21,586 [WARNING] api_clients.pyth_client: Pyth SSE disconnected: Response payload is not completed: <TransferEncodingError: 400, message='Not enough data to satisfy transfer length header.'>, retrying in 1s
2026-06-21 20:02:22,593 [INFO] api_clients.pyth_client: Pyth SSE: connecting…
2026-06-21 20:02:23,409 [INFO] api_clients.pyth_client: Pyth SSE: stream live
2026-06-21 20:02:25,703 [INFO] leo.loops: OracleSqueeze: 10 opps, top edge=20.5%
2026-06-21 20:02:26,702 [INFO] strategies.market_maker: MM: quoting Will Uruguay win on 2026-06-21? | YES@0.01 NO@0.92 mid=0.03 [thin]
2026-06-21 20:02:28,494 [INFO] strategies.btc_5min: BTC5Min: 8 BTC markets found (mins-to-close: [1432.53, 1437.53, 1427.53, 1422.53, 1417.53, -2.47, -2.47, -2.47]), 0 in entry window [0.2–1.5 min]
2026-06-21 20:02:29,652 [INFO] leo.loops: Crypto signal: 18 opps, top edge=94.5%
2026-06-21 20:02:49,908 [INFO] strategies.btc_5min: BTC5Min: 8 BTC markets found (mins-to-close: [1432.17, 1437.17, 1427.17, 1422.17, 1417.17, -2.83, -2.83, -2.83]), 0 in entry window [0.2–1.5 min]
2026-06-21 20:02:55,890 [INFO] api_clients.polymarket_client: Polymarket: loaded 1000 active markets
2026-06-21 20:03:00,252 [INFO] leo.loops: Crypto signal: 18 opps, top edge=94.5%
2026-06-21 20:03:11,194 [INFO] strategies.btc_5min: BTC5Min: 8 BTC markets found (mins-to-close: [1431.81, 1436.81, 1426.81, 1421.81, 1416.81, -3.19, -3.19, -3.19]), 0 in entry window [0.2–1.5 min]
2026-06-21 20:03:25,710 [INFO] leo.loops: OracleSqueeze: 10 opps, top edge=20.5%
2026-06-21 20:03:30,855 [INFO] leo.loops: Crypto signal: 18 opps, top edge=94.5%
2026-06-21 20:03:32,386 [INFO] strategies.btc_5min: BTC5Min: 8 BTC markets found (mins-to-close: [1431.46, 1436.46, 1426.46, 1421.46, 1416.46, -3.54, -3.54, -3.54]), 0 in entry window [0.2–1.5 min]
2026-06-21 20:03:33,015 [INFO] api_clients.polymarket_client: Polymarket: loaded 1000 active markets
2026-06-21 20:03:37,881 [WARNING] api_clients.binance_client: Coinbase OBI fetch failed (BTCUSDT): 
2026-06-21 20:03:59,111 [INFO] strategies.btc_5min: BTC5Min: 8 BTC markets found (mins-to-close: [1431.01, 1436.01, 1426.01, 1421.01, 1416.01, -3.99, -3.99, -3.99]), 0 in entry window [0.2–1.5 min]
2026-06-21 20:04:00,725 [WARNING] api_clients.pyth_client: Pyth SSE disconnected: Response payload is not completed: <TransferEncodingError: 400, message='Not enough data to satisfy transfer length header.'>, retrying in 1s
2026-06-21 20:04:01,482 [INFO] leo.loops: Crypto signal: 18 opps, top edge=94.5%
2026-06-21 20:04:01,728 [INFO] api_clients.pyth_client: Pyth SSE: connecting…
2026-06-21 20:04:02,353 [INFO] api_clients.pyth_client: Pyth SSE: stream live
2026-06-21 20:04:09,622 [INFO] api_clients.polymarket_client: Polymarket: loaded 1000 active markets
2026-06-21 20:04:10,937 [WARNING] api_clients.pyth_client: Pyth SSE disconnected: Response payload is not completed: <TransferEncodingError: 400, message='Not enough data to satisfy transfer length header.'>, retrying in 1s
2026-06-21 20:04:11,940 [INFO] api_clients.pyth_client: Pyth SSE: connecting…
2026-06-21 20:04:15,146 [INFO] api_clients.pyth_client: Pyth SSE: stream live
2026-06-21 20:04:20,682 [INFO] strategies.btc_5min: BTC5Min: 8 BTC markets found (mins-to-close: [1430.66, 1435.66, 1425.66, 1420.66, 1415.66, -4.34, 0.66, -4.34]), 1 in entry window [0.2–1.5 min]
2026-06-21 20:04:21,474 [INFO] strategies.news_fade: NewsFade: spike up detected on 0xab448abe8a6226fb16d87a124161ebe3f5db37353e557d11edb1c461bd38dc15 81.50%->99.50%
2026-06-21 20:04:21,475 [INFO] strategies.news_fade: NewsFade: spike down detected on 0x719a14817b23ca134ba7b4d5050026cbf6ae779bfffd20c370515453e4a8b0fe 71.45%->48.60%
2026-06-21 20:04:21,476 [INFO] strategies.news_fade: NewsFade: spike down detected on 0x28799fda784f6b7f9e838c80d03389973167f102fd1db3f4efb5af6ea19b32ad 0.60%->0.55%
2026-06-21 20:04:21,476 [INFO] strategies.news_fade: NewsFade: spike down detected on 0xb4a79886eb7af23dfba67032736d1d141187b0c80c176594b7a8d41540715ac6 9.50%->8.50%
2026-06-21 20:04:21,477 [INFO] leo.loops: FavoriteShort: 7 opps, top edge=4.0%
2026-06-21 20:04:25,716 [INFO] leo.loops: OracleSqueeze: 11 opps, top edge=19.5%
2026-06-21 20:04:32,128 [INFO] leo.loops: Crypto signal: 18 opps, top edge=94.5%
2026-06-21 20:04:43,021 [INFO] strategies.btc_5min: BTC5Min: 8 BTC markets found (mins-to-close: [1430.28, 1435.28, 1425.28, 1420.28, 1415.28, -4.72, 0.28, -4.72]), 1 in entry window [0.2–1.5 min]
2026-06-21 20:04:48,778 [INFO] api_clients.polymarket_client: Polymarket: loaded 1000 active markets
2026-06-21 20:05:02,886 [INFO] leo.loops: Crypto signal: 18 opps, top edge=94.5%
2026-06-21 20:05:04,632 [INFO] strategies.btc_5min: BTC5Min: 7 BTC markets found (mins-to-close: [1429.92, 1434.92, 1424.92, 1419.92, 1414.92, -5.08, -0.08]), 0 in entry window [0.2–1.5 min]
2026-06-21 20:05:25,719 [INFO] leo.loops: OracleSqueeze: 11 opps, top edge=19.5%
2026-06-21 20:05:25,917 [INFO] api_clients.polymarket_client: Polymarket: loaded 1000 active markets
2026-06-21 20:05:26,271 [INFO] strategies.btc_5min: BTC5Min: 8 BTC markets found (mins-to-close: [1434.56, 1429.56, 1434.56, 1424.56, 1419.56, 1414.56, -5.44, -0.44]), 0 in entry window [0.2–1.5 min]
2026-06-21 20:05:33,484 [INFO] leo.loops: Crypto signal: 18 opps, top edge=94.5%
2026-06-21 20:05:47,875 [INFO] strategies.btc_5min: BTC5Min: 8 BTC markets found (mins-to-close: [1434.2, 1429.2, 1434.2, 1424.2, 1419.2, 1414.2, -5.8, -0.8]), 0 in entry window [0.2–1.5 min]
2026-06-21 20:06:03,926 [INFO] api_clients.polymarket_client: Polymarket: loaded 1000 active markets
2026-06-21 20:06:04,782 [INFO] leo.loops: Crypto signal: 18 opps, top edge=94.5%
2026-06-21 20:06:08,929 [INFO] strategies.btc_5min: BTC5Min: 9 BTC markets found (mins-to-close: [1433.85, 1428.85, 1433.85, 1423.85, 1418.85, 1413.85, -1.15, -1.15, 8.85]), 0 in entry window [0.2–1.5 min]
2026-06-21 20:06:25,723 [INFO] leo.loops: OracleSqueeze: 8 opps, top edge=19.5%
2026-06-21 20:06:30,969 [INFO] strategies.btc_5min: BTC5Min: 9 BTC markets found (mins-to-close: [1433.48, 1428.48, 1433.48, 1423.48, 1418.48, 1413.48, -1.52, -1.52, 8.48]), 0 in entry window [0.2–1.5 min]
2026-06-21 20:06:35,416 [INFO] leo.loops: Crypto signal: 18 opps, top edge=94.5%
2026-06-21 20:06:40,524 [INFO] api_clients.polymarket_client: Polymarket: loaded 1000 active markets
2026-06-21 20:06:51,849 [INFO] strategies.btc_5min: BTC5Min: 9 BTC markets found (mins-to-close: [1433.14, 1428.14, 1433.14, 1423.14, 1418.14, 1413.14, -1.86, -1.86, 8.14]), 0 in entry window [0.2–1.5 min]
2026-06-21 20:07:05,985 [INFO] leo.loops: Crypto signal: 18 opps, top edge=94.5%
2026-06-21 20:07:12,889 [INFO] strategies.btc_5min: BTC5Min: 9 BTC markets found (mins-to-close: [1432.79, 1427.79, 1432.79, 1422.79, 1417.79, 1412.79, -2.21, -2.21, 7.79]), 0 in entry window [0.2–1.5 min]
2026-06-21 20:07:18,019 [INFO] api_clients.polymarket_client: Polymarket: loaded 1000 active markets
2026-06-21 20:07:25,726 [INFO] leo.loops: OracleSqueeze: 6 opps, top edge=16.5%
2026-06-21 20:07:34,998 [INFO] strategies.btc_5min: BTC5Min: 9 BTC markets found (mins-to-close: [1432.42, 1427.42, 1432.42, 1422.42, 1417.42, 1412.42, -2.58, -2.58, 7.42]), 0 in entry window [0.2–1.5 min]
2026-06-21 20:07:36,857 [INFO] leo.loops: Crypto signal: 18 opps, top edge=94.5%
2026-06-21 20:07:47,905 [WARNING] api_clients.pyth_client: Pyth SSE disconnected: Response payload is not completed: <TransferEncodingError: 400, message='Not enough data to satisfy transfer length header.'>, retrying in 1s
2026-06-21 20:07:48,910 [INFO] api_clients.pyth_client: Pyth SSE: connecting…
2026-06-21 20:07:49,429 [INFO] api_clients.pyth_client: Pyth SSE: stream live
2026-06-21 20:07:54,027 [INFO] api_clients.polymarket_client: Polymarket: loaded 1000 active markets
2026-06-21 20:07:56,314 [INFO] strategies.btc_5min: BTC5Min: 9 BTC markets found (mins-to-close: [1432.06, 1427.06, 1432.06, 1422.06, 1417.06, 1412.06, -2.94, -2.94, 7.06]), 0 in entry window [0.2–1.5 min]
2026-06-21 20:08:07,412 [INFO] leo.loops: Crypto signal: 18 opps, top edge=94.5%
2026-06-21 20:08:18,325 [INFO] strategies.btc_5min: BTC5Min: 9 BTC markets found (mins-to-close: [1431.69, 1426.69, 1431.69, 1421.69, 1416.69, 1411.69, -3.31, -3.31, 6.69]), 0 in entry window [0.2–1.5 min]
2026-06-21 20:08:25,729 [INFO] leo.loops: OracleSqueeze: 6 opps, top edge=16.5%
2026-06-21 20:08:30,825 [INFO] api_clients.polymarket_client: Polymarket: loaded 1000 active markets
2026-06-21 20:08:38,013 [INFO] leo.loops: Crypto signal: 18 opps, top edge=94.5%
2026-06-21 20:08:39,212 [INFO] strategies.btc_5min: BTC5Min: 9 BTC markets found (mins-to-close: [1431.35, 1426.35, 1431.35, 1421.35, 1416.35, 1411.35, -3.65, -3.65, 6.35]), 0 in entry window [0.2–1.5 min]
2026-06-21 20:09:00,836 [INFO] strategies.btc_5min: BTC5Min: 9 BTC markets found (mins-to-close: [1430.99, 1425.99, 1430.99, 1420.99, 1415.99, 1410.99, -4.01, -4.01, 5.99]), 0 in entry window [0.2–1.5 min]
2026-06-21 20:09:07,811 [INFO] api_clients.polymarket_client: Polymarket: loaded 1000 active markets
2026-06-21 20:09:08,591 [INFO] leo.loops: Crypto signal: 18 opps, top edge=94.5%
2026-06-21 20:09:21,476 [INFO] strategies.news_fade: NewsFade: spike up detected on 0xe949e3949780dfce68fc24136bb3f79e5e1ad94d0001079ee26f6b474d77d355 37.50%->40.50%
2026-06-21 20:09:21,477 [INFO] strategies.news_fade: NewsFade: spike down detected on 0xff3744285965810d599d4ac7037760134c349eab25c289c14ba2523320debda7 37.50%->34.50%
2026-06-21 20:09:21,477 [INFO] strategies.news_fade: NewsFade: spike up detected on 0x48d2d0b97840da754097461bda1f9dabf3b98632403fe38fef7559b037fd25da 56.50%->60.00%
2026-06-21 20:09:21,477 [INFO] strategies.news_fade: NewsFade: spike up detected on 0x63d8f3a34c90bd5342dda8acf62b6a898dfa52f86475efaf180b66493ef6af80 0.70%->0.85%
2026-06-21 20:09:21,477 [INFO] strategies.news_fade: NewsFade: spike down detected on 0xf594894c1077567713bc88219fd6bcfcec8ea1e0f6e29cbcc9d7688f1c9c11c9 0.55%->0.50%
2026-06-21 20:09:21,477 [INFO] strategies.news_fade: NewsFade: spike up detected on 0xee2045297ea36cb440faaa953ebfe8767a7a993ac128c7e6396c1c8257e2e2e8 4.15%->4.40%
2026-06-21 20:09:21,477 [INFO] strategies.news_fade: NewsFade: spike up detected on 0xa48f245ceae5a9a77a6020a42722a093a86587b6e12841a4c3dc2f612c6ec051 11.50%->12.50%
2026-06-21 20:09:21,478 [INFO] leo.loops: FavoriteShort: 8 opps, top edge=4.0%
2026-06-21 20:09:22,131 [INFO] strategies.btc_5min: BTC5Min: 8 BTC markets found (mins-to-close: [1430.63, 1425.63, 1430.63, 1420.63, 1415.63, 1410.63, -4.37, 5.63]), 0 in entry window [0.2–1.5 min]
2026-06-21 20:09:25,732 [INFO] leo.loops: OracleSqueeze: 4 opps, top edge=21.5%
2026-06-21 20:09:39,168 [INFO] leo.loops: Crypto signal: 18 opps, top edge=94.5%
2026-06-21 20:09:43,453 [INFO] strategies.btc_5min: BTC5Min: 8 BTC markets found (mins-to-close: [1430.28, 1425.28, 1430.28, 1420.28, 1415.28, 1410.28, -4.72, 5.28]), 0 in entry window [0.2–1.5 min]
2026-06-21 20:09:45,166 [INFO] api_clients.polymarket_client: Polymarket: loaded 1000 active markets
2026-06-21 20:10:05,574 [INFO] strategies.btc_5min: BTC5Min: 9 BTC markets found (mins-to-close: [1429.91, 1424.91, 1429.91, 1419.91, 1414.91, 1409.91, -5.09, 4.91, 4.91]), 0 in entry window [0.2–1.5 min]
2026-06-21 20:10:09,737 [INFO] leo.loops: Crypto signal: 18 opps, top edge=94.1%
2026-06-21 20:10:21,622 [INFO] api_clients.polymarket_client: Polymarket: loaded 1000 active markets
2026-06-21 20:10:25,733 [INFO] leo.loops: OracleSqueeze: 5 opps, top edge=21.5%
2026-06-21 20:10:27,126 [INFO] strategies.btc_5min: BTC5Min: 11 BTC markets found (mins-to-close: [1444.55, 1434.55, 1429.55, 1424.55, 1429.55, 1419.55, 1414.55, 1409.55, -5.45, 4.55, 4.55]), 0 in entry window [0.2–1.5 min]
2026-06-21 20:10:41,995 [INFO] leo.loops: Crypto signal: 18 opps, top edge=93.9%
2026-06-21 20:10:48,648 [INFO] strategies.btc_5min: BTC5Min: 11 BTC markets found (mins-to-close: [1444.19, 1434.19, 1429.19, 1424.19, 1429.19, 1419.19, 1414.19, 1409.19, -5.81, 4.19, 4.19]), 0 in entry window [0.2–1.5 min]
2026-06-21 20:10:58,602 [INFO] api_clients.polymarket_client: Polymarket: loaded 1000 active markets
2026-06-21 20:11:10,221 [INFO] strategies.btc_5min: BTC5Min: 11 BTC markets found (mins-to-close: [1443.83, 1433.83, 1428.83, 1423.83, 1428.83, 1418.83, 1413.83, 1408.83, -1.17, 3.83, 3.83]), 0 in entry window [0.2–1.5 min]
2026-06-21 20:11:12,572 [INFO] leo.loops: Crypto signal: 18 opps, top edge=93.9%
2026-06-21 20:11:25,736 [INFO] leo.loops: OracleSqueeze: 6 opps, top edge=21.5%
2026-06-21 20:11:32,099 [INFO] strategies.btc_5min: BTC5Min: 11 BTC markets found (mins-to-close: [1443.47, 1433.47, 1428.47, 1423.47, 1428.47, 1418.47, 1413.47, 1408.47, -1.53, 3.47, 3.47]), 0 in entry window [0.2–1.5 min]
2026-06-21 20:11:36,019 [INFO] api_clients.polymarket_client: Polymarket: loaded 1000 active markets
2026-06-21 20:11:43,162 [INFO] leo.loops: Crypto signal: 17 opps, top edge=93.9%
2026-06-21 20:11:53,698 [INFO] strategies.btc_5min: BTC5Min: 10 BTC markets found (mins-to-close: [1443.11, 1433.11, 1428.11, 1423.11, 1428.11, 1418.11, 1413.11, 1408.11, -1.89, 3.11]), 0 in entry window [0.2–1.5 min]
2026-06-21 20:12:12,363 [INFO] api_clients.polymarket_client: Polymarket: loaded 1000 active markets
2026-06-21 20:12:13,737 [INFO] leo.loops: Crypto signal: 16 opps, top edge=93.6%
2026-06-21 20:12:14,570 [INFO] strategies.btc_5min: BTC5Min: 11 BTC markets found (mins-to-close: [1442.76, 1432.76, 1427.76, 1422.76, 1427.76, 1417.76, 1412.76, 1407.76, -2.24, 2.76, 2.76]), 0 in entry window [0.2–1.5 min]
2026-06-21 20:12:25,739 [INFO] leo.loops: OracleSqueeze: 7 opps, top edge=23.0%
2026-06-21 20:12:36,805 [INFO] strategies.btc_5min: BTC5Min: 11 BTC markets found (mins-to-close: [1442.39, 1432.39, 1427.39, 1422.39, 1427.39, 1417.39, 1412.39, 1407.39, -2.61, 2.39, 2.39]), 0 in entry window [0.2–1.5 min]
2026-06-21 20:12:44,328 [INFO] leo.loops: Crypto signal: 17 opps, top edge=93.6%
2026-06-21 20:12:49,170 [INFO] api_clients.polymarket_client: Polymarket: loaded 1000 active markets
2026-06-21 20:12:57,687 [INFO] strategies.btc_5min: BTC5Min: 11 BTC markets found (mins-to-close: [1442.04, 1432.04, 1427.04, 1422.04, 1427.04, 1417.04, 1412.04, 1407.04, -2.96, 2.04, 2.04]), 0 in entry window [0.2–1.5 min]
2026-06-21 20:13:14,947 [INFO] leo.loops: Crypto signal: 17 opps, top edge=93.5%
2026-06-21 20:13:18,952 [INFO] strategies.btc_5min: BTC5Min: 11 BTC markets found (mins-to-close: [1441.68, 1431.68, 1426.68, 1421.68, 1426.68, 1416.68, 1411.68, 1406.68, -3.32, 1.68, 1.68]), 0 in entry window [0.2–1.5 min]
2026-06-21 20:13:25,729 [INFO] leo.loops: OracleSqueeze: 7 opps, top edge=23.0%
2026-06-21 20:13:26,101 [INFO] api_clients.polymarket_client: Polymarket: loaded 1000 active markets
2026-06-21 20:13:40,446 [INFO] strategies.btc_5min: BTC5Min: 11 BTC markets found (mins-to-close: [1441.33, 1431.33, 1426.33, 1421.33, 1426.33, 1416.33, 1411.33, 1406.33, -3.67, 1.33, 1.33]), 2 in entry window [0.2–1.5 min]
2026-06-21 20:13:41,331 [INFO] leo.loops: BTC5Min: 2 opps, top edge=95.5%
2026-06-21 20:13:45,508 [INFO] leo.loops: Crypto signal: 17 opps, top edge=93.5%
2026-06-21 20:14:02,055 [INFO] strategies.btc_5min: BTC5Min: 11 BTC markets found (mins-to-close: [1440.97, 1430.97, 1425.97, 1420.97, 1425.97, 1415.97, 1410.97, 1405.97, -4.03, 0.97, 0.97]), 2 in entry window [0.2–1.5 min]
2026-06-21 20:14:02,328 [INFO] leo.loops: BTC5Min: 2 opps, top edge=95.5%
2026-06-21 20:14:03,162 [INFO] api_clients.polymarket_client: Polymarket: loaded 1000 active markets
2026-06-21 20:14:16,072 [INFO] leo.loops: Crypto signal: 19 opps, top edge=93.5%
2026-06-21 20:14:21,458 [INFO] strategies.news_fade: NewsFade: spike up detected on 0x2e8b3c284992d8d69170cd7c051540a1402c2f44ba47b32f1f74364e867db2cd 6.85%->8.85%
2026-06-21 20:14:21,459 [INFO] strategies.news_fade: NewsFade: spike down detected on 0x734c6c32a62f8a27035a222e45fc388d59eeffe89bb31ab26054bc29bcc3eee7 1.50%->1.25%
2026-06-21 20:14:21,459 [INFO] strategies.news_fade: NewsFade: spike down detected on 0xb0b4220af7493e1d17c0696f9e4c0b6633daf08d7001e2d75972e43fc6446492 27.50%->25.50%
2026-06-21 20:14:21,459 [INFO] strategies.news_fade: NewsFade: spike up detected on 0xe8f1b12ff18c0aad2cc98f9f20b5e541c6a725bb373751127cc40cddf11e1d9b 39.00%->70.50%
2026-06-21 20:14:21,459 [INFO] strategies.news_fade: NewsFade: spike up detected on 0x688286dfa1f90215c1dbce2cbe168b3588617726e2202bcf0ccea4776dfc25d3 4.85%->5.15%
2026-06-21 20:14:21,460 [INFO] strategies.news_fade: NewsFade: spike down detected on 0xbad704f2ae063322169bf3add805258727ecd3e6c0ad37fc7e6590c993375732 1.45%->0.75%
2026-06-21 20:14:21,460 [INFO] strategies.news_fade: NewsFade: spike up detected on 0xbafadf181195da28073877849e2a4601a2f4a99371bf94e24e8a6380c7baa072 33.50%->37.50%
2026-06-21 20:14:21,460 [INFO] strategies.news_fade: NewsFade: spike up detected on 0x279cd603bdede32d0cadd1c704fdc156d8aa611ad438572b303639d6098a51c3 47.50%->50.50%
2026-06-21 20:14:21,460 [INFO] strategies.news_fade: NewsFade: spike down detected on 0xf4a99a1934009aaf16b28390d8454699b3dabf336981a771edf6a1c8ce7fbfd1 0.50%->0.05%
2026-06-21 20:14:21,461 [INFO] leo.loops: FavoriteShort: 7 opps, top edge=4.0%
2026-06-21 20:14:23,312 [INFO] strategies.btc_5min: BTC5Min: 11 BTC markets found (mins-to-close: [1440.61, 1430.61, 1425.61, 1420.61, 1425.61, 1415.61, 1410.61, 1405.61, -4.39, 0.61, 0.61]), 2 in entry window [0.2–1.5 min]
2026-06-21 20:14:23,569 [INFO] leo.loops: BTC5Min: 2 opps, top edge=95.5%
2026-06-21 20:14:25,724 [INFO] leo.loops: OracleSqueeze: 7 opps, top edge=23.0%
2026-06-21 20:14:39,469 [INFO] api_clients.polymarket_client: Polymarket: loaded 1000 active markets
2026-06-21 20:14:44,856 [INFO] strategies.btc_5min: BTC5Min: 11 BTC markets found (mins-to-close: [1440.25, 1430.25, 1425.25, 1420.25, 1425.25, 1415.25, 1410.25, 1405.25, -4.75, 0.25, 0.25]), 2 in entry window [0.2–1.5 min]
2026-06-21 20:14:45,117 [INFO] leo.loops: BTC5Min: 2 opps, top edge=96.8%
2026-06-21 20:14:46,647 [INFO] leo.loops: Crypto signal: 19 opps, top edge=93.5%
2026-06-21 20:14:56,042 [INFO] api_clients.weather_client: Weather: refreshed 13 city forecasts
2026-06-21 20:14:56,045 [INFO] leo.loops: Weather: 1 opps, top edge=17.0%
2026-06-21 20:15:06,652 [INFO] strategies.btc_5min: BTC5Min: 11 BTC markets found (mins-to-close: [1439.89, 1429.89, 1424.89, 1419.89, 1424.89, 1414.89, 1409.89, 1404.89, -5.11, -0.11, -0.11]), 0 in entry window [0.2–1.5 min]
2026-06-21 20:15:16,325 [INFO] api_clients.polymarket_client: Polymarket: loaded 1000 active markets
2026-06-21 20:15:17,274 [INFO] leo.loops: Crypto signal: 19 opps, top edge=93.5%
2026-06-21 20:15:25,726 [INFO] leo.loops: OracleSqueeze: 7 opps, top edge=23.0%
2026-06-21 20:15:28,017 [INFO] strategies.btc_5min: BTC5Min: 12 BTC markets found (mins-to-close: [1434.53, 1439.53, 1429.53, 1424.53, 1419.53, 1424.53, 1414.53, 1409.53, 1404.53, -5.47, -0.47, -0.47]), 0 in entry window [0.2–1.5 min]
2026-06-21 20:15:44,188 [INFO] api_clients.forecast_client: Forecast: loaded 0 questions (0 meta, 0 manifold)
2026-06-21 20:15:47,861 [INFO] leo.loops: Crypto signal: 19 opps, top edge=93.5%
2026-06-21 20:15:49,155 [INFO] strategies.btc_5min: BTC5Min: 12 BTC markets found (mins-to-close: [1434.18, 1439.18, 1429.18, 1424.18, 1419.18, 1424.18, 1414.18, 1409.18, 1404.18, -5.82, -0.82, -0.82]), 0 in entry window [0.2–1.5 min]
2026-06-21 20:15:53,640 [INFO] api_clients.polymarket_client: Polymarket: loaded 1000 active markets
2026-06-21 20:16:11,268 [INFO] strategies.btc_5min: BTC5Min: 11 BTC markets found (mins-to-close: [1433.81, 1438.81, 1428.81, 1423.81, 1418.81, 1423.81, 1413.81, 1408.81, 1403.81, -1.19, -1.19]), 0 in entry window [0.2–1.5 min]
2026-06-21 20:16:18,433 [INFO] leo.loops: Crypto signal: 19 opps, top edge=93.5%
2026-06-21 20:16:25,729 [INFO] leo.loops: OracleSqueeze: 6 opps, top edge=23.0%
2026-06-21 20:16:30,148 [INFO] api_clients.polymarket_client: Polymarket: loaded 1000 active markets
2026-06-21 20:16:32,509 [INFO] strategies.btc_5min: BTC5Min: 11 BTC markets found (mins-to-close: [1433.46, 1438.46, 1428.46, 1423.46, 1418.46, 1423.46, 1413.46, 1408.46, 1403.46, -1.54, -1.54]), 0 in entry window [0.2–1.5 min]
2026-06-21 20:16:49,024 [INFO] leo.loops: Crypto signal: 19 opps, top edge=93.5%
2026-06-21 20:16:53,752 [INFO] strategies.btc_5min: BTC5Min: 11 BTC markets found (mins-to-close: [1433.1, 1438.1, 1428.1, 1423.1, 1418.1, 1423.1, 1413.1, 1408.1, 1403.1, -1.9, -1.9]), 0 in entry window [0.2–1.5 min]
2026-06-21 20:17:06,833 [INFO] api_clients.polymarket_client: Polymarket: loaded 1000 active markets
2026-06-21 20:17:15,389 [INFO] strategies.btc_5min: BTC5Min: 10 BTC markets found (mins-to-close: [1432.74, 1437.74, 1427.74, 1422.74, 1417.74, 1422.74, 1412.74, 1407.74, 1402.74, -2.26]), 0 in entry window [0.2–1.5 min]
2026-06-21 20:17:19,637 [INFO] leo.loops: Crypto signal: 19 opps, top edge=93.5%
2026-06-21 20:17:25,729 [INFO] leo.loops: OracleSqueeze: 6 opps, top edge=17.5%
2026-06-21 20:17:37,038 [INFO] strategies.btc_5min: BTC5Min: 10 BTC markets found (mins-to-close: [1432.38, 1437.38, 1427.38, 1422.38, 1417.38, 1422.38, 1412.38, 1407.38, 1402.38, -2.62]), 0 in entry window [0.2–1.5 min]
2026-06-21 20:17:43,647 [INFO] api_clients.polymarket_client: Polymarket: loaded 1000 active markets
2026-06-21 20:17:50,107 [INFO] leo.loops: Crypto signal: 19 opps, top edge=93.5%
2026-06-21 20:17:58,111 [INFO] strategies.btc_5min: BTC5Min: 10 BTC markets found (mins-to-close: [1432.03, 1437.03, 1427.03, 1422.03, 1417.03, 1422.03, 1412.03, 1407.03, 1402.03, -2.97]), 0 in entry window [0.2–1.5 min]
2026-06-21 20:18:20,319 [INFO] strategies.btc_5min: BTC5Min: 10 BTC markets found (mins-to-close: [1431.66, 1436.66, 1426.66, 1421.66, 1416.66, 1421.66, 1411.66, 1406.66, 1401.66, -3.34]), 0 in entry window [0.2–1.5 min]
2026-06-21 20:18:21,120 [INFO] api_clients.polymarket_client: Polymarket: loaded 1000 active markets
2026-06-21 20:18:25,730 [INFO] leo.loops: OracleSqueeze: 6 opps, top edge=17.5%
2026-06-21 20:18:25,821 [WARNING] api_clients.binance_client: Coinbase snapshot fetch failed (SOLUSDT): 
2026-06-21 20:18:25,823 [WARNING] api_clients.binance_client: Coinbase candle fetch failed (SOLUSDT): 
2026-06-21 20:18:25,836 [INFO] leo.loops: Crypto signal: 19 opps, top edge=93.5%
2026-06-21 20:18:42,205 [INFO] strategies.btc_5min: BTC5Min: 10 BTC markets found (mins-to-close: [1431.3, 1436.3, 1426.3, 1421.3, 1416.3, 1421.3, 1411.3, 1406.3, 1401.3, -3.7]), 0 in entry window [0.2–1.5 min]
2026-06-21 20:18:56,147 [INFO] leo.loops: Crypto signal: 20 opps, top edge=94.1%
2026-06-21 20:18:57,312 [INFO] api_clients.polymarket_client: Polymarket: loaded 1000 active markets
2026-06-21 20:19:03,249 [INFO] strategies.btc_5min: BTC5Min: 10 BTC markets found (mins-to-close: [1430.95, 1435.95, 1425.95, 1420.95, 1415.95, 1420.95, 1410.95, 1405.95, 1400.95, -4.05]), 0 in entry window [0.2–1.5 min]
2026-06-21 20:19:21,460 [INFO] strategies.news_fade: NewsFade: spike up detected on 0xc8aaa82e283d68aba57ce829af58ce6ed3d5e94e23e9395b50dd579b2c657708 35.00%->38.00%
2026-06-21 20:19:21,461 [INFO] strategies.news_fade: NewsFade: spike down detected on 0x8f9555e6c4da9369ac9bc23c250bb697aab93593cc06776febe0fad48add06ec 0.10%->0.05%
2026-06-21 20:19:21,462 [INFO] strategies.news_fade: NewsFade: spike down detected on 0xcd673ad1bed1a58b24e37939cf2dd305e2b2a98e5eb631f6501e7dde1d64c074 76.50%->71.50%
2026-06-21 20:19:21,462 [INFO] strategies.news_fade: NewsFade: spike down detected on 0x9e329c0e729c96b40014938bc0cb63c1637995c571c7ba39bab72028e92525da 0.25%->0.15%
2026-06-21 20:19:21,462 [INFO] strategies.news_fade: NewsFade: spike up detected on 0xe9d65291d6c74c5bdbd4ccf21d858103d46dda584b6616613ba644222a987b6d 0.45%->0.50%
2026-06-21 20:19:21,462 [INFO] strategies.news_fade: NewsFade: spike up detected on 0x416242cc0757f9d4aefdfe86893cea90610b3d0928c60e09416e717db7e9f0f0 0.65%->0.75%
2026-06-21 20:19:21,463 [INFO] strategies.news_fade: NewsFade: spike up detected on 0xa2edfafdcb4cbda6c7b9a9c0f23992ae9a6a42ca4b8c85df1e0b5fb987317796 1.00%->1.10%
2026-06-21 20:19:21,463 [INFO] strategies.news_fade: NewsFade: spike down detected on 0xb4d4dd200d0407d6f0b4c184e06bd46841e85bfdbc314188d01aa65caecd0e4e 0.10%->0.05%
2026-06-21 20:19:21,464 [INFO] strategies.news_fade: NewsFade: spike down detected on 0x2e17868f08557a366f7f6a244613eb4d8e2733362c2200b397bdaefc1ace5d1c 11.50%->10.50%
2026-06-21 20:19:21,465 [INFO] leo.loops: FavoriteShort: 6 opps, top edge=4.0%
2026-06-21 20:19:25,403 [INFO] strategies.btc_5min: BTC5Min: 10 BTC markets found (mins-to-close: [1430.58, 1435.58, 1425.58, 1420.58, 1415.58, 1420.58, 1410.58, 1405.58, 1400.58, -4.42]), 0 in entry window [0.2–1.5 min]
2026-06-21 20:19:25,733 [INFO] leo.loops: OracleSqueeze: 6 opps, top edge=17.5%
2026-06-21 20:19:26,977 [INFO] leo.loops: Crypto signal: 18 opps, top edge=93.9%
2026-06-21 20:19:33,896 [INFO] api_clients.polymarket_client: Polymarket: loaded 1000 active markets
2026-06-21 20:19:46,918 [INFO] strategies.btc_5min: BTC5Min: 9 BTC markets found (mins-to-close: [1430.22, 1435.22, 1425.22, 1420.22, 1415.22, 1420.22, 1410.22, 1405.22, 1400.22]), 0 in entry window [0.2–1.5 min]
2026-06-21 20:19:57,621 [INFO] leo.loops: Crypto signal: 19 opps, top edge=93.9%
2026-06-21 20:20:08,171 [INFO] strategies.btc_5min: BTC5Min: 9 BTC markets found (mins-to-close: [1429.86, 1434.86, 1424.86, 1419.86, 1414.86, 1419.86, 1409.86, 1404.86, 1399.86]), 0 in entry window [0.2–1.5 min]
2026-06-21 20:20:10,997 [INFO] api_clients.polymarket_client: Polymarket: loaded 1000 active markets
2026-06-21 20:20:25,735 [INFO] leo.loops: OracleSqueeze: 4 opps, top edge=12.5%
2026-06-21 20:20:28,270 [INFO] leo.loops: Crypto signal: 19 opps, top edge=93.4%
2026-06-21 20:20:29,175 [INFO] strategies.btc_5min: BTC5Min: 10 BTC markets found (mins-to-close: [1434.51, 1429.51, 1434.51, 1424.51, 1419.51, 1414.51, 1419.51, 1409.51, 1404.51, 1399.51]), 0 in entry window [0.2–1.5 min]
2026-06-21 20:20:47,372 [INFO] api_clients.polymarket_client: Polymarket: loaded 1000 active markets
2026-06-21 20:20:50,685 [INFO] strategies.btc_5min: BTC5Min: 10 BTC markets found (mins-to-close: [1434.16, 1429.16, 1434.16, 1424.16, 1419.16, 1414.16, 1419.16, 1409.16, 1404.16, 1399.16]), 0 in entry window [0.2–1.5 min]
2026-06-21 20:20:58,598 [INFO] leo.loops: Crypto signal: 19 opps, top edge=93.4%
2026-06-21 20:21:11,942 [INFO] strategies.btc_5min: BTC5Min: 10 BTC markets found (mins-to-close: [1433.8, 1428.8, 1433.8, 1423.8, 1418.8, 1413.8, 1418.8, 1408.8, 1403.8, 1398.8]), 0 in entry window [0.2–1.5 min]
2026-06-21 20:21:19,397 [WARNING] api_clients.pyth_client: Pyth SSE disconnected: Response payload is not completed: <TransferEncodingError: 400, message='Not enough data to satisfy transfer length header.'>, retrying in 1s
2026-06-21 20:21:20,399 [INFO] api_clients.pyth_client: Pyth SSE: connecting…
2026-06-21 20:21:21,104 [INFO] api_clients.pyth_client: Pyth SSE: stream live
2026-06-21 20:21:24,148 [INFO] api_clients.polymarket_client: Polymarket: loaded 1000 active markets
2026-06-21 20:21:25,737 [INFO] leo.loops: OracleSqueeze: 5 opps, top edge=21.0%
2026-06-21 20:21:29,208 [INFO] leo.loops: Crypto signal: 19 opps, top edge=93.4%
2026-06-21 20:21:32,919 [INFO] strategies.btc_5min: BTC5Min: 11 BTC markets found (mins-to-close: [1433.45, 1428.45, 1433.45, 1423.45, 1418.45, 1413.45, 1418.45, 1408.45, 1403.45, 1398.45, 8.45]), 0 in entry window [0.2–1.5 min]
2026-06-21 20:21:54,548 [INFO] strategies.btc_5min: BTC5Min: 11 BTC markets found (mins-to-close: [1433.09, 1428.09, 1433.09, 1423.09, 1418.09, 1413.09, 1418.09, 1408.09, 1403.09, 1398.09, 8.09]), 0 in entry window [0.2–1.5 min]
2026-06-21 20:21:59,781 [INFO] leo.loops: Crypto signal: 19 opps, top edge=93.4%
2026-06-21 20:22:00,995 [INFO] api_clients.polymarket_client: Polymarket: loaded 1000 active markets
2026-06-21 20:22:08,114 [WARNING] api_clients.pyth_client: Pyth SSE disconnected: Response payload is not completed: <TransferEncodingError: 400, message='Not enough data to satisfy transfer length header.'>, retrying in 1s
2026-06-21 20:22:09,117 [INFO] api_clients.pyth_client: Pyth SSE: connecting…
2026-06-21 20:22:09,612 [INFO] api_clients.pyth_client: Pyth SSE: stream live
2026-06-21 20:22:16,319 [INFO] strategies.btc_5min: BTC5Min: 11 BTC markets found (mins-to-close: [1432.73, 1427.73, 1432.73, 1422.73, 1417.73, 1412.73, 1417.73, 1407.73, 1402.73, 1397.73, 7.73]), 0 in entry window [0.2–1.5 min]
2026-06-21 20:22:25,741 [INFO] leo.loops: OracleSqueeze: 4 opps, top edge=21.0%
2026-06-21 20:22:29,918 [WARNING] api_clients.pyth_client: Pyth SSE disconnected: Response payload is not completed: <TransferEncodingError: 400, message='Not enough data to satisfy transfer length header.'>, retrying in 1s
2026-06-21 20:22:30,582 [INFO] leo.loops: Crypto signal: 18 opps, top edge=93.4%
2026-06-21 20:22:30,921 [INFO] api_clients.pyth_client: Pyth SSE: connecting…
2026-06-21 20:22:31,408 [INFO] api_clients.pyth_client: Pyth SSE: stream live
2026-06-21 20:22:32,988 [WARNING] api_clients.pyth_client: Pyth SSE disconnected: Response payload is not completed: <TransferEncodingError: 400, message='Not enough data to satisfy transfer length header.'>, retrying in 1s
2026-06-21 20:22:33,990 [INFO] api_clients.pyth_client: Pyth SSE: connecting…
2026-06-21 20:22:34,599 [INFO] api_clients.pyth_client: Pyth SSE: stream live
2026-06-21 20:22:37,635 [INFO] strategies.btc_5min: BTC5Min: 11 BTC markets found (mins-to-close: [1432.37, 1427.37, 1432.37, 1422.37, 1417.37, 1412.37, 1417.37, 1407.37, 1402.37, 1397.37, 7.37]), 0 in entry window [0.2–1.5 min]
2026-06-21 20:22:38,475 [INFO] api_clients.polymarket_client: Polymarket: loaded 1000 active markets
2026-06-21 20:22:58,772 [INFO] strategies.btc_5min: BTC5Min: 11 BTC markets found (mins-to-close: [1432.02, 1427.02, 1432.02, 1422.02, 1417.02, 1412.02, 1417.02, 1407.02, 1402.02, 1397.02, 7.02]), 0 in entry window [0.2–1.5 min]
2026-06-21 20:23:01,145 [INFO] leo.loops: Crypto signal: 18 opps, top edge=93.4%
2026-06-21 20:23:14,559 [INFO] api_clients.polymarket_client: Polymarket: loaded 1000 active markets
2026-06-21 20:23:20,416 [INFO] strategies.btc_5min: BTC5Min: 11 BTC markets found (mins-to-close: [1431.66, 1426.66, 1431.66, 1421.66, 1416.66, 1411.66, 1416.66, 1406.66, 1401.66, 1396.66, 6.66]), 0 in entry window [0.2–1.5 min]
2026-06-21 20:23:25,747 [INFO] leo.loops: OracleSqueeze: 4 opps, top edge=21.0%
2026-06-21 20:23:31,718 [INFO] leo.loops: Crypto signal: 18 opps, top edge=93.4%
2026-06-21 20:23:42,076 [INFO] strategies.btc_5min: BTC5Min: 11 BTC markets found (mins-to-close: [1431.3, 1426.3, 1431.3, 1421.3, 1416.3, 1411.3, 1416.3, 1406.3, 1401.3, 1396.3, 6.3]), 0 in entry window [0.2–1.5 min]
2026-06-21 20:23:51,379 [INFO] api_clients.polymarket_client: Polymarket: loaded 1000 active markets
2026-06-21 20:24:02,043 [INFO] leo.loops: Crypto signal: 18 opps, top edge=93.4%
2026-06-21 20:24:02,991 [INFO] strategies.btc_5min: BTC5Min: 11 BTC markets found (mins-to-close: [1430.95, 1425.95, 1430.95, 1420.95, 1415.95, 1410.95, 1415.95, 1405.95, 1400.95, 1395.95, 5.95]), 0 in entry window [0.2–1.5 min]
2026-06-21 20:24:21,462 [INFO] strategies.news_fade: NewsFade: spike up detected on 0x5db999fad322cea2914535aae5517060c3f80ad6d8c0231cde2124a434d16846 13.50%->14.50%
2026-06-21 20:24:21,464 [INFO] strategies.news_fade: NewsFade: spike up detected on 0x4a180f4575cfa5b82c61de9335638dd8ab9b1eb9db29358d2338b423139700bd 66.00%->70.50%
2026-06-21 20:24:21,464 [INFO] strategies.news_fade: NewsFade: spike down detected on 0xdea78af5d4964e9f2681c6c2c822ba10738b73e937e9ec58638e4d62d375d764 3.95%->3.65%
2026-06-21 20:24:21,465 [INFO] strategies.news_fade: NewsFade: spike down detected on 0x0254dad1c65bc7dbde7b85f3cd6fa91006af081e449d04f3d2d64bd27b9b6077 51.00%->39.50%
2026-06-21 20:24:21,465 [INFO] strategies.news_fade: NewsFade: spike up detected on 0x9d2a977d5c16885a51d19bd86b06d4e8a9036473806d5909fe086bff0d97623f 49.50%->55.00%
2026-06-21 20:24:21,466 [INFO] strategies.news_fade: NewsFade: spike up detected on 0xc15ae6c3f571fb958c839a442df262b3d435907f87657a7a5e89ac81becd987f 80.50%->91.50%
2026-06-21 20:24:21,466 [INFO] strategies.news_fade: NewsFade: spike down detected on 0x2370f286c018850d6637b93169d6040e5ee6fcc4497288e00c4aa4b1e3669c8b 6.00%->5.50%
2026-06-21 20:24:21,467 [INFO] leo.loops: FavoriteShort: 5 opps, top edge=4.0%
2026-06-21 20:24:24,868 [INFO] strategies.btc_5min: BTC5Min: 11 BTC markets found (mins-to-close: [1430.59, 1425.59, 1430.59, 1420.59, 1415.59, 1410.59, 1415.59, 1405.59, 1400.59, 1395.59, 5.59]), 0 in entry window [0.2–1.5 min]
2026-06-21 20:24:25,750 [INFO] leo.loops: OracleSqueeze: 4 opps, top edge=21.0%
2026-06-21 20:24:28,926 [INFO] api_clients.polymarket_client: Polymarket: loaded 1000 active markets
2026-06-21 20:24:32,681 [INFO] leo.loops: Crypto signal: 18 opps, top edge=93.4%
2026-06-21 20:24:46,151 [INFO] strategies.btc_5min: BTC5Min: 12 BTC markets found (mins-to-close: [1430.23, 1425.23, 1430.23, 1420.23, 1415.23, 1410.23, 1415.23, 1405.23, 1400.23, 1395.23, 0.23, 5.23]), 1 in entry window [0.2–1.5 min]
2026-06-21 20:24:48,955 [WARNING] api_clients.pyth_client: Pyth SSE disconnected: Response payload is not completed: <TransferEncodingError: 400, message='Not enough data to satisfy transfer length header.'>, retrying in 1s
2026-06-21 20:24:49,960 [INFO] api_clients.pyth_client: Pyth SSE: connecting…
2026-06-21 20:24:50,301 [INFO] api_clients.pyth_client: Pyth SSE: stream live
2026-06-21 20:24:54,398 [WARNING] api_clients.pyth_client: Pyth SSE disconnected: Response payload is not completed: <TransferEncodingError: 400, message='Not enough data to satisfy transfer length header.'>, retrying in 1s
2026-06-21 20:24:55,401 [INFO] api_clients.pyth_client: Pyth SSE: connecting…
2026-06-21 20:24:56,545 [INFO] api_clients.pyth_client: Pyth SSE: stream live
2026-06-21 20:25:03,012 [INFO] leo.loops: Crypto signal: 18 opps, top edge=93.4%
2026-06-21 20:25:04,933 [INFO] api_clients.polymarket_client: Polymarket: loaded 1000 active markets
2026-06-21 20:25:07,940 [INFO] strategies.btc_5min: BTC5Min: 12 BTC markets found (mins-to-close: [1429.87, 1424.87, 1429.87, 1419.87, 1414.87, 1409.87, 1414.87, 1404.87, 1399.87, 1394.87, -0.13, 4.87]), 0 in entry window [0.2–1.5 min]
2026-06-21 20:25:25,761 [INFO] leo.loops: OracleSqueeze: 6 opps, top edge=22.5%
2026-06-21 20:25:29,738 [INFO] strategies.btc_5min: BTC5Min: 13 BTC markets found (mins-to-close: [1444.5, 1434.5, 1429.5, 1424.5, 1429.5, 1419.5, 1414.5, 1409.5, 1414.5, 1404.5, 1399.5, -0.5, 4.5]), 0 in entry window [0.2–1.5 min]
2026-06-21 20:25:33,572 [INFO] leo.loops: Crypto signal: 18 opps, top edge=93.4%
2026-06-21 20:25:41,676 [INFO] api_clients.polymarket_client: Polymarket: loaded 1000 active markets
2026-06-21 20:25:51,235 [INFO] strategies.btc_5min: BTC5Min: 13 BTC markets found (mins-to-close: [1444.15, 1434.15, 1429.15, 1424.15, 1429.15, 1419.15, 1414.15, 1409.15, 1414.15, 1404.15, 1399.15, -0.85, 4.15]), 0 in entry window [0.2–1.5 min]
2026-06-21 20:26:03,892 [INFO] leo.loops: Crypto signal: 18 opps, top edge=93.4%
2026-06-21 20:26:12,500 [INFO] strategies.btc_5min: BTC5Min: 13 BTC markets found (mins-to-close: [1443.79, 1433.79, 1428.79, 1423.79, 1428.79, 1418.79, 1413.79, 1408.79, 1413.79, 1403.79, 1398.79, -1.21, 3.79]), 0 in entry window [0.2–1.5 min]
2026-06-21 20:26:18,676 [INFO] api_clients.polymarket_client: Polymarket: loaded 1000 active markets
2026-06-21 20:26:25,764 [INFO] leo.loops: OracleSqueeze: 6 opps, top edge=22.5%
2026-06-21 20:26:34,244 [INFO] strategies.btc_5min: BTC5Min: 13 BTC markets found (mins-to-close: [1443.43, 1433.43, 1428.43, 1423.43, 1428.43, 1418.43, 1413.43, 1408.43, 1413.43, 1403.43, 1398.43, -1.57, -1.57]), 0 in entry window [0.2–1.5 min]
2026-06-21 20:26:34,466 [INFO] leo.loops: Crypto signal: 18 opps, top edge=94.1%
2026-06-21 20:26:55,629 [INFO] strategies.btc_5min: BTC5Min: 13 BTC markets found (mins-to-close: [1443.07, 1433.07, 1428.07, 1423.07, 1428.07, 1418.07, 1413.07, 1408.07, 1413.07, 1403.07, 1398.07, -1.93, -1.93]), 0 in entry window [0.2–1.5 min]
2026-06-21 20:26:55,641 [INFO] api_clients.polymarket_client: Polymarket: loaded 1000 active markets
2026-06-21 20:27:04,784 [INFO] leo.loops: Crypto signal: 18 opps, top edge=94.1%
2026-06-21 20:27:17,270 [INFO] strategies.btc_5min: BTC5Min: 13 BTC markets found (mins-to-close: [1442.71, 1432.71, 1427.71, 1422.71, 1427.71, 1417.71, 1412.71, 1407.71, 1412.71, 1402.71, 1397.71, -2.29, -2.29]), 0 in entry window [0.2–1.5 min]
2026-06-21 20:27:25,766 [INFO] leo.loops: OracleSqueeze: 6 opps, top edge=22.5%
2026-06-21 20:27:32,098 [INFO] api_clients.polymarket_client: Polymarket: loaded 1000 active markets
2026-06-21 20:27:35,357 [INFO] leo.loops: Crypto signal: 18 opps, top edge=93.8%
2026-06-21 20:27:38,246 [INFO] strategies.btc_5min: BTC5Min: 13 BTC markets found (mins-to-close: [1442.36, 1432.36, 1427.36, 1422.36, 1427.36, 1417.36, 1412.36, 1407.36, 1412.36, 1402.36, 1397.36, -2.64, -2.64]), 0 in entry window [0.2–1.5 min]
2026-06-21 20:27:59,655 [INFO] strategies.btc_5min: BTC5Min: 13 BTC markets found (mins-to-close: [1442.01, 1432.01, 1427.01, 1422.01, 1427.01, 1417.01, 1412.01, 1407.01, 1412.01, 1402.01, 1397.01, -2.99, -2.99]), 0 in entry window [0.2–1.5 min]
2026-06-21 20:28:05,842 [INFO] leo.loops: Crypto signal: 18 opps, top edge=93.8%
2026-06-21 20:28:08,982 [INFO] api_clients.polymarket_client: Polymarket: loaded 1000 active markets
2026-06-21 20:28:20,981 [INFO] strategies.btc_5min: BTC5Min: 13 BTC markets found (mins-to-close: [1441.65, 1431.65, 1426.65, 1421.65, 1426.65, 1416.65, 1411.65, 1406.65, 1411.65, 1401.65, 1396.65, -3.35, -3.35]), 0 in entry window [0.2–1.5 min]
2026-06-21 20:28:25,769 [INFO] leo.loops: OracleSqueeze: 6 opps, top edge=22.5%
2026-06-21 20:28:36,734 [INFO] leo.loops: Crypto signal: 18 opps, top edge=93.8%
2026-06-21 20:28:41,979 [INFO] strategies.btc_5min: BTC5Min: 13 BTC markets found (mins-to-close: [1441.3, 1431.3, 1426.3, 1421.3, 1426.3, 1416.3, 1411.3, 1406.3, 1411.3, 1401.3, 1396.3, -3.7, -3.7]), 0 in entry window [0.2–1.5 min]
2026-06-21 20:28:46,322 [INFO] api_clients.polymarket_client: Polymarket: loaded 1000 active markets
2026-06-21 20:29:03,245 [INFO] strategies.btc_5min: BTC5Min: 13 BTC markets found (mins-to-close: [1440.95, 1430.95, 1425.95, 1420.95, 1425.95, 1415.95, 1410.95, 1405.95, 1410.95, 1400.95, 1395.95, -4.05, -4.05]), 0 in entry window [0.2–1.5 min]
2026-06-21 20:29:07,051 [INFO] leo.loops: Crypto signal: 18 opps, top edge=93.8%
2026-06-21 20:29:21,474 [INFO] strategies.news_fade: NewsFade: spike up detected on 0x3a3de929cb6fb7a4eff6aeae1b515895de1e358ed9a2adc24eb04862251d132d 15.50%->16.50%
2026-06-21 20:29:21,474 [INFO] strategies.news_fade: NewsFade: spike down detected on 0x4882b26f86a381553f8b5742e99c615a2ef95599c64feacba3fb826d18e745aa 2.85%->2.65%
2026-06-21 20:29:21,474 [INFO] strategies.news_fade: NewsFade: spike down detected on 0x5f4340be34f9f45e76f28390111c349b343b6072a0953101fb78ec98e1ad3e90 5.50%->4.50%
2026-06-21 20:29:21,474 [INFO] strategies.news_fade: NewsFade: spike up detected on 0xabe327990c04babac318f24ae22920685401213d44e1e26f6d3c9204bfdf77a8 2.55%->2.85%
2026-06-21 20:29:21,475 [INFO] strategies.news_fade: NewsFade: spike up detected on 0x9a6ebee0de8b940ecb95155a6a7d370fdf3b6386a2d52ebde1df194fbe3797a2 33.00%->44.50%
2026-06-21 20:29:21,477 [INFO] leo.loops: FavoriteShort: 5 opps, top edge=4.0%
2026-06-21 20:29:22,637 [INFO] api_clients.polymarket_client: Polymarket: loaded 1000 active markets
2026-06-21 20:29:25,030 [INFO] strategies.btc_5min: BTC5Min: 13 BTC markets found (mins-to-close: [1440.58, 1430.58, 1425.58, 1420.58, 1425.58, 1415.58, 1410.58, 1405.58, 1410.58, 1400.58, 1395.58, -4.42, 0.58]), 1 in entry window [0.2–1.5 min]
2026-06-21 20:29:25,782 [INFO] leo.loops: OracleSqueeze: 5 opps, top edge=18.5%
2026-06-21 20:29:37,645 [INFO] leo.loops: Crypto signal: 18 opps, top edge=93.1%
2026-06-21 20:29:47,107 [INFO] strategies.btc_5min: BTC5Min: 13 BTC markets found (mins-to-close: [1440.21, 1430.21, 1425.21, 1420.21, 1425.21, 1415.21, 1410.21, 1405.21, 1410.21, 1400.21, 1395.21, -4.79, 0.21]), 1 in entry window [0.2–1.5 min]
2026-06-21 20:29:59,449 [INFO] api_clients.polymarket_client: Polymarket: loaded 1000 active markets
2026-06-21 20:30:08,100 [INFO] strategies.btc_5min: BTC5Min: 13 BTC markets found (mins-to-close: [1439.86, 1429.86, 1424.86, 1419.86, 1424.86, 1414.86, 1409.86, 1404.86, 1409.86, 1399.86, 1394.86, -5.14, -0.14]), 0 in entry window [0.2–1.5 min]
2026-06-21 20:30:08,268 [INFO] leo.loops: Crypto signal: 18 opps, top edge=93.1%
2026-06-21 20:30:25,794 [INFO] leo.loops: OracleSqueeze: 6 opps, top edge=18.5%
2026-06-21 20:30:29,904 [INFO] strategies.btc_5min: BTC5Min: 13 BTC markets found (mins-to-close: [1434.5, 1439.5, 1429.5, 1424.5, 1419.5, 1424.5, 1414.5, 1409.5, 1404.5, 1409.5, 1399.5, -5.5, -0.5]), 0 in entry window [0.2–1.5 min]
2026-06-21 20:30:36,312 [INFO] api_clients.polymarket_client: Polymarket: loaded 1000 active markets
2026-06-21 20:30:38,836 [INFO] leo.loops: Crypto signal: 18 opps, top edge=93.8%
2026-06-21 20:30:45,206 [INFO] api_clients.forecast_client: Forecast: loaded 0 questions (0 meta, 0 manifold)
2026-06-21 20:30:50,907 [INFO] strategies.btc_5min: BTC5Min: 13 BTC markets found (mins-to-close: [1434.15, 1439.15, 1429.15, 1424.15, 1419.15, 1424.15, 1414.15, 1409.15, 1404.15, 1409.15, 1399.15, -5.85, -0.85]), 0 in entry window [0.2–1.5 min]
2026-06-21 20:31:09,417 [INFO] leo.loops: Crypto signal: 17 opps, top edge=93.8%
2026-06-21 20:31:12,085 [INFO] strategies.btc_5min: BTC5Min: 13 BTC markets found (mins-to-close: [1433.8, 1438.8, 1428.8, 1423.8, 1418.8, 1423.8, 1413.8, 1408.8, 1403.8, 1408.8, 1398.8, -6.2, -1.2]), 0 in entry window [0.2–1.5 min]
2026-06-21 20:31:14,028 [INFO] api_clients.polymarket_client: Polymarket: loaded 1000 active markets
2026-06-21 20:31:25,797 [INFO] leo.loops: OracleSqueeze: 6 opps, top edge=18.0%
2026-06-21 20:31:33,857 [INFO] strategies.btc_5min: BTC5Min: 13 BTC markets found (mins-to-close: [1433.44, 1438.44, 1428.44, 1423.44, 1418.44, 1423.44, 1413.44, 1408.44, 1403.44, 1408.44, 1398.44, -6.56, -1.56]), 0 in entry window [0.2–1.5 min]
2026-06-21 20:31:39,989 [INFO] leo.loops: Crypto signal: 19 opps, top edge=93.1%
2026-06-21 20:31:51,168 [INFO] api_clients.polymarket_client: Polymarket: loaded 1000 active markets
2026-06-21 20:31:54,847 [INFO] strategies.btc_5min: BTC5Min: 12 BTC markets found (mins-to-close: [1433.09, 1438.09, 1428.09, 1423.09, 1418.09, 1423.09, 1413.09, 1408.09, 1403.09, 1408.09, 1398.09, -1.91]), 0 in entry window [0.2–1.5 min]
2026-06-21 20:32:10,314 [INFO] leo.loops: Crypto signal: 18 opps, top edge=93.1%
2026-06-21 20:32:16,104 [INFO] strategies.btc_5min: BTC5Min: 12 BTC markets found (mins-to-close: [1432.73, 1437.73, 1427.73, 1422.73, 1417.73, 1422.73, 1412.73, 1407.73, 1402.73, 1407.73, 1397.73, -2.27]), 0 in entry window [0.2–1.5 min]
2026-06-21 20:32:25,799 [INFO] leo.loops: OracleSqueeze: 6 opps, top edge=19.5%
2026-06-21 20:32:27,765 [INFO] api_clients.polymarket_client: Polymarket: loaded 1000 active markets
2026-06-21 20:32:37,625 [INFO] strategies.btc_5min: BTC5Min: 12 BTC markets found (mins-to-close: [1432.37, 1437.37, 1427.37, 1422.37, 1417.37, 1422.37, 1412.37, 1407.37, 1402.37, 1407.37, 1397.37, -2.63]), 0 in entry window [0.2–1.5 min]
2026-06-21 20:32:40,895 [INFO] leo.loops: Crypto signal: 18 opps, top edge=93.1%
2026-06-21 20:32:59,724 [INFO] strategies.btc_5min: BTC5Min: 12 BTC markets found (mins-to-close: [1432.0, 1437.0, 1427.0, 1422.0, 1417.0, 1422.0, 1412.0, 1407.0, 1402.0, 1407.0, 1397.0, -3.0]), 0 in entry window [0.2–1.5 min]
2026-06-21 20:33:05,087 [INFO] api_clients.polymarket_client: Polymarket: loaded 1000 active markets
2026-06-21 20:33:11,493 [INFO] leo.loops: Crypto signal: 18 opps, top edge=93.1%
2026-06-21 20:33:21,008 [INFO] strategies.btc_5min: BTC5Min: 12 BTC markets found (mins-to-close: [1431.65, 1436.65, 1426.65, 1421.65, 1416.65, 1421.65, 1411.65, 1406.65, 1401.65, 1406.65, 1396.65, -3.35]), 0 in entry window [0.2–1.5 min]
2026-06-21 20:33:25,802 [INFO] leo.loops: OracleSqueeze: 6 opps, top edge=19.5%
2026-06-21 20:33:41,835 [INFO] api_clients.polymarket_client: Polymarket: loaded 1000 active markets
2026-06-21 20:33:42,058 [INFO] leo.loops: Crypto signal: 18 opps, top edge=93.1%
2026-06-21 20:33:42,343 [INFO] strategies.btc_5min: BTC5Min: 12 BTC markets found (mins-to-close: [1431.29, 1436.29, 1426.29, 1421.29, 1416.29, 1421.29, 1411.29, 1406.29, 1401.29, 1406.29, 1396.29, -3.71]), 0 in entry window [0.2–1.5 min]
2026-06-21 20:34:03,500 [INFO] strategies.btc_5min: BTC5Min: 12 BTC markets found (mins-to-close: [1430.94, 1435.94, 1425.94, 1420.94, 1415.94, 1420.94, 1410.94, 1405.94, 1400.94, 1405.94, 1395.94, -4.06]), 0 in entry window [0.2–1.5 min]
2026-06-21 20:34:12,860 [INFO] leo.loops: Crypto signal: 18 opps, top edge=93.1%
2026-06-21 20:34:18,150 [INFO] api_clients.polymarket_client: Polymarket: loaded 1000 active markets
2026-06-21 20:34:21,486 [INFO] strategies.news_fade: NewsFade: spike up detected on 0x6897736d782ce70f47126dfcec6669073f563d6e757e60bc61c0367370d6f73e 0.65%->0.75%
2026-06-21 20:34:21,486 [INFO] strategies.news_fade: NewsFade: spike down detected on 0x9a94b697b2f0f5a6fe41a83ce225405f215481fd2a84305a50a8d201b17f12d7 29.50%->26.50%
2026-06-21 20:34:21,487 [INFO] strategies.news_fade: NewsFade: spike up detected on 0x77129d406b51a747a1bd043ae5ff5d14272ee85e709b61280a40db9ec69b6342 4.35%->4.95%
2026-06-21 20:34:21,487 [INFO] strategies.news_fade: NewsFade: spike down detected on 0x3d3355ae4e86b4b476dc89211c30a05cd0dd3f9dd276ecee16c1c26ae04fef6b 0.20%->0.05%
2026-06-21 20:34:21,487 [INFO] strategies.news_fade: NewsFade: spike up detected on 0xe3f8272f4957b7dcc492d988e5c7cd6dbb2f4111cd309571514a280938d617f1 12.35%->14.20%
2026-06-21 20:34:21,487 [INFO] strategies.news_fade: NewsFade: spike up detected on 0xe4c67754edcfd44d891dabcece482ef5da6d6a9319eeaa66c25977d5229fa3f0 4.55%->4.85%
2026-06-21 20:34:21,488 [INFO] strategies.news_fade: NewsFade: spike up detected on 0x3490c26e6bde1e82630ecfb995308d848f586208800ca3c13e54560016ca5656 8.90%->11.25%
2026-06-21 20:34:21,488 [INFO] strategies.news_fade: NewsFade: spike down detected on 0x9238690bc7157a8a6788205fb13690ad8bcd9ec598ff7f79cbc04f7ad6d9c828 17.00%->15.00%
2026-06-21 20:34:21,488 [INFO] strategies.news_fade: NewsFade: spike down detected on 0x37ec4c6b57a18b16eed1241f6155ee7ff45bc1697d7848f15ac33d406e38ed00 1.15%->1.05%
2026-06-21 20:34:21,489 [INFO] strategies.news_fade: NewsFade: spike down detected on 0x02deb9538f5c123373adaa4ee6217b01745f1662bc902e46ac92f3fe6f8741e8 4.50%->4.00%
2026-06-21 20:34:21,489 [INFO] strategies.news_fade: NewsFade: spike up detected on 0xcd8bf532bb57a081d734564d3eee4f1ed6d5f651801173c04255b8018b59bab5 8.00%->9.00%
2026-06-21 20:34:21,490 [INFO] leo.loops: FavoriteShort: 5 opps, top edge=4.0%
2026-06-21 20:34:24,478 [INFO] strategies.btc_5min: BTC5Min: 11 BTC markets found (mins-to-close: [1430.59, 1435.59, 1425.59, 1420.59, 1415.59, 1420.59, 1410.59, 1405.59, 1400.59, 1405.59, 1395.59]), 0 in entry window [0.2–1.5 min]
2026-06-21 20:34:25,804 [INFO] leo.loops: OracleSqueeze: 6 opps, top edge=23.0%
2026-06-21 20:34:43,691 [INFO] leo.loops: Crypto signal: 16 opps, top edge=93.0%
2026-06-21 20:34:45,870 [INFO] strategies.btc_5min: BTC5Min: 11 BTC markets found (mins-to-close: [1430.24, 1435.24, 1425.24, 1420.24, 1415.24, 1420.24, 1410.24, 1405.24, 1400.24, 1405.24, 1395.24]), 0 in entry window [0.2–1.5 min]
2026-06-21 20:34:54,966 [INFO] api_clients.polymarket_client: Polymarket: loaded 1000 active markets
2026-06-21 20:35:05,994 [WARNING] api_clients.pyth_client: Pyth SSE disconnected: Response payload is not completed: <TransferEncodingError: 400, message='Not enough data to satisfy transfer length header.'>, retrying in 1s
2026-06-21 20:35:06,946 [INFO] strategies.btc_5min: BTC5Min: 11 BTC markets found (mins-to-close: [1429.88, 1434.88, 1424.88, 1419.88, 1414.88, 1419.88, 1409.88, 1404.88, 1399.88, 1404.88, 1394.88]), 0 in entry window [0.2–1.5 min]
2026-06-21 20:35:06,996 [INFO] api_clients.pyth_client: Pyth SSE: connecting…
2026-06-21 20:35:07,829 [INFO] api_clients.pyth_client: Pyth SSE: stream live
2026-06-21 20:35:14,256 [INFO] leo.loops: Crypto signal: 16 opps, top edge=93.0%
2026-06-21 20:35:18,622 [WARNING] api_clients.pyth_client: Pyth SSE disconnected: Response payload is not completed: <TransferEncodingError: 400, message='Not enough data to satisfy transfer length header.'>, retrying in 1s
2026-06-21 20:35:19,624 [INFO] api_clients.pyth_client: Pyth SSE: connecting…
2026-06-21 20:35:20,762 [INFO] api_clients.pyth_client: Pyth SSE: stream live
2026-06-21 20:35:25,807 [INFO] leo.loops: OracleSqueeze: 6 opps, top edge=23.0%
2026-06-21 20:35:28,014 [INFO] strategies.btc_5min: BTC5Min: 9 BTC markets found (mins-to-close: [1434.53, 1429.53, 1434.53, 1424.53, 1419.53, 1414.53, 1419.53, 1409.53, 1404.53]), 0 in entry window [0.2–1.5 min]
2026-06-21 20:35:32,618 [INFO] api_clients.polymarket_client: Polymarket: loaded 1000 active markets
2026-06-21 20:35:44,964 [INFO] leo.loops: Crypto signal: 16 opps, top edge=93.0%
2026-06-21 20:35:49,387 [INFO] strategies.btc_5min: BTC5Min: 9 BTC markets found (mins-to-close: [1434.18, 1429.18, 1434.18, 1424.18, 1419.18, 1414.18, 1419.18, 1409.18, 1404.18]), 0 in entry window [0.2–1.5 min]
2026-06-21 20:36:08,595 [INFO] api_clients.polymarket_client: Polymarket: loaded 1000 active markets
2026-06-21 20:36:10,388 [INFO] strategies.btc_5min: BTC5Min: 9 BTC markets found (mins-to-close: [1433.83, 1428.83, 1433.83, 1423.83, 1418.83, 1413.83, 1418.83, 1408.83, 1403.83]), 0 in entry window [0.2–1.5 min]
2026-06-21 20:36:15,617 [INFO] leo.loops: Crypto signal: 16 opps, top edge=93.8%
2026-06-21 20:36:25,809 [INFO] leo.loops: OracleSqueeze: 5 opps, top edge=23.0%
2026-06-21 20:36:32,161 [INFO] strategies.btc_5min: BTC5Min: 9 BTC markets found (mins-to-close: [1433.46, 1428.46, 1433.46, 1423.46, 1418.46, 1413.46, 1418.46, 1408.46, 1403.46]), 0 in entry window [0.2–1.5 min]
2026-06-21 20:36:45,281 [INFO] api_clients.polymarket_client: Polymarket: loaded 1000 active markets
2026-06-21 20:36:46,439 [INFO] leo.loops: Crypto signal: 16 opps, top edge=93.8%
2026-06-21 20:36:46,736 [WARNING] api_clients.pyth_client: Pyth SSE disconnected: Response payload is not completed: <TransferEncodingError: 400, message='Not enough data to satisfy transfer length header.'>, retrying in 1s
2026-06-21 20:36:47,740 [INFO] api_clients.pyth_client: Pyth SSE: connecting…
2026-06-21 20:36:48,396 [INFO] api_clients.pyth_client: Pyth SSE: stream live
2026-06-21 20:36:49,893 [WARNING] api_clients.pyth_client: Pyth SSE disconnected: Response payload is not completed: <TransferEncodingError: 400, message='Not enough data to satisfy transfer length header.'>, retrying in 1s
2026-06-21 20:36:50,894 [INFO] api_clients.pyth_client: Pyth SSE: connecting…
2026-06-21 20:36:51,567 [INFO] api_clients.pyth_client: Pyth SSE: stream live
2026-06-21 20:36:53,526 [INFO] strategies.btc_5min: BTC5Min: 10 BTC markets found (mins-to-close: [1433.11, 1428.11, 1433.11, 1423.11, 1418.11, 1413.11, 1418.11, 1408.11, 1403.11, 8.11]), 0 in entry window [0.2–1.5 min]
2026-06-21 20:37:14,796 [INFO] strategies.btc_5min: BTC5Min: 10 BTC markets found (mins-to-close: [1432.75, 1427.75, 1432.75, 1422.75, 1417.75, 1412.75, 1417.75, 1407.75, 1402.75, 7.75]), 0 in entry window [0.2–1.5 min]
2026-06-21 20:37:17,048 [INFO] leo.loops: Crypto signal: 17 opps, top edge=94.1%
2026-06-21 20:37:21,853 [INFO] api_clients.polymarket_client: Polymarket: loaded 1000 active markets
2026-06-21 20:37:25,814 [INFO] leo.loops: OracleSqueeze: 5 opps, top edge=23.0%
2026-06-21 20:37:36,488 [INFO] strategies.btc_5min: BTC5Min: 10 BTC markets found (mins-to-close: [1432.39, 1427.39, 1432.39, 1422.39, 1417.39, 1412.39, 1417.39, 1407.39, 1402.39, 7.39]), 0 in entry window [0.2–1.5 min]
2026-06-21 20:37:47,645 [INFO] leo.loops: Crypto signal: 18 opps, top edge=94.1%
2026-06-21 20:37:57,337 [INFO] strategies.btc_5min: BTC5Min: 10 BTC markets found (mins-to-close: [1432.04, 1427.04, 1432.04, 1422.04, 1417.04, 1412.04, 1417.04, 1407.04, 1402.04, 7.04]), 0 in entry window [0.2–1.5 min]
2026-06-21 20:37:59,066 [INFO] api_clients.polymarket_client: Polymarket: loaded 1000 active markets
2026-06-21 20:38:18,458 [INFO] leo.loops: Crypto signal: 15 opps, top edge=93.9%
2026-06-21 20:38:18,884 [INFO] strategies.btc_5min: BTC5Min: 10 BTC markets found (mins-to-close: [1431.69, 1426.69, 1431.69, 1421.69, 1416.69, 1411.69, 1416.69, 1406.69, 1401.69, 6.69]), 0 in entry window [0.2–1.5 min]
2026-06-21 20:38:25,817 [INFO] leo.loops: OracleSqueeze: 5 opps, top edge=23.0%
2026-06-21 20:38:35,387 [INFO] api_clients.polymarket_client: Polymarket: loaded 1000 active markets
2026-06-21 20:38:40,392 [INFO] strategies.btc_5min: BTC5Min: 10 BTC markets found (mins-to-close: [1431.33, 1426.33, 1431.33, 1421.33, 1416.33, 1411.33, 1416.33, 1406.33, 1401.33, 6.33]), 0 in entry window [0.2–1.5 min]
2026-06-21 20:38:49,035 [INFO] leo.loops: Crypto signal: 14 opps, top edge=93.0%
2026-06-21 20:39:01,626 [INFO] strategies.btc_5min: BTC5Min: 10 BTC markets found (mins-to-close: [1430.97, 1425.97, 1430.97, 1420.97, 1415.97, 1410.97, 1415.97, 1405.97, 1400.97, 5.97]), 0 in entry window [0.2–1.5 min]
2026-06-21 20:39:12,235 [INFO] api_clients.polymarket_client: Polymarket: loaded 1000 active markets
2026-06-21 20:39:19,942 [INFO] leo.loops: Crypto signal: 14 opps, top edge=93.0%
2026-06-21 20:39:21,506 [INFO] strategies.news_fade: NewsFade: spike up detected on 0xdca34cd5637bddda7b6472a8ad2edc0909182ebbffe865058ca7605f3ddffefd 5.50%->5.85%
2026-06-21 20:39:21,507 [INFO] strategies.news_fade: NewsFade: spike up detected on 0x45f81d28d7707394a72add1643ded29153a217c35103254bd95d889164c0bfd3 5.50%->6.50%
2026-06-21 20:39:21,507 [INFO] strategies.news_fade: NewsFade: spike down detected on 0x9f0c498822bc4df61af1db05c42384ce31fbe8eed73362019f800070656783bf 57.00%->50.00%
2026-06-21 20:39:21,507 [INFO] strategies.news_fade: NewsFade: spike up detected on 0xc9615bb82d6535d630ff98e8094060bc767d8b9446516e98f84d2001a35e50e7 31.75%->33.90%
2026-06-21 20:39:21,507 [INFO] strategies.news_fade: NewsFade: spike up detected on 0x5eeab78497201855d034ec1d5fca8429dbf329de16501802d9d608fa3a0b7753 1.10%->2.05%
2026-06-21 20:39:21,507 [INFO] strategies.news_fade: NewsFade: spike down detected on 0x727bad3a451e7bac7586f9a9f5603fdb4b8bf1a82e10ea94ca7bed339ee22590 21.00%->18.50%
2026-06-21 20:39:21,507 [INFO] leo.loops: FavoriteShort: 5 opps, top edge=4.0%
2026-06-21 20:39:22,600 [INFO] strategies.btc_5min: BTC5Min: 10 BTC markets found (mins-to-close: [1430.62, 1425.62, 1430.62, 1420.62, 1415.62, 1410.62, 1415.62, 1405.62, 1400.62, 5.62]), 0 in entry window [0.2–1.5 min]
2026-06-21 20:39:25,821 [INFO] leo.loops: OracleSqueeze: 5 opps, top edge=23.0%
2026-06-21 20:39:44,331 [INFO] strategies.btc_5min: BTC5Min: 10 BTC markets found (mins-to-close: [1430.26, 1425.26, 1430.26, 1420.26, 1415.26, 1410.26, 1415.26, 1405.26, 1400.26, 5.26]), 0 in entry window [0.2–1.5 min]
2026-06-21 20:39:49,448 [INFO] api_clients.polymarket_client: Polymarket: loaded 1000 active markets
2026-06-21 20:39:50,776 [INFO] leo.loops: Crypto signal: 15 opps, top edge=93.0%
2026-06-21 20:40:05,699 [INFO] strategies.btc_5min: BTC5Min: 10 BTC markets found (mins-to-close: [1429.91, 1424.91, 1429.91, 1419.91, 1414.91, 1409.91, 1414.91, 1404.91, 1399.91, 4.91]), 0 in entry window [0.2–1.5 min]
2026-06-21 20:40:21,455 [INFO] leo.loops: Crypto signal: 15 opps, top edge=93.0%
2026-06-21 20:40:25,824 [INFO] leo.loops: OracleSqueeze: 5 opps, top edge=23.0%
2026-06-21 20:40:25,854 [INFO] api_clients.polymarket_client: Polymarket: loaded 1000 active markets
2026-06-21 20:40:26,732 [INFO] strategies.btc_5min: BTC5Min: 12 BTC markets found (mins-to-close: [1444.55, 1434.55, 1429.55, 1424.55, 1429.55, 1419.55, 1414.55, 1409.55, 1414.55, 1404.55, 4.55, 4.55]), 0 in entry window [0.2–1.5 min]
2026-06-21 20:40:48,630 [INFO] strategies.btc_5min: BTC5Min: 12 BTC markets found (mins-to-close: [1444.19, 1434.19, 1429.19, 1424.19, 1429.19, 1419.19, 1414.19, 1409.19, 1414.19, 1404.19, 4.19, 4.19]), 0 in entry window [0.2–1.5 min]
2026-06-21 20:40:54,562 [INFO] leo.loops: Crypto signal: 14 opps, top edge=93.0%
2026-06-21 20:41:02,756 [INFO] api_clients.polymarket_client: Polymarket: loaded 1000 active markets
2026-06-21 20:41:09,651 [INFO] strategies.btc_5min: BTC5Min: 12 BTC markets found (mins-to-close: [1443.84, 1433.84, 1428.84, 1423.84, 1428.84, 1418.84, 1413.84, 1408.84, 1413.84, 1403.84, 3.84, 3.84]), 0 in entry window [0.2–1.5 min]
2026-06-21 20:41:18,558 [WARNING] api_clients.pyth_client: Pyth SSE disconnected: Response payload is not completed: <TransferEncodingError: 400, message='Not enough data to satisfy transfer length header.'>, retrying in 1s
2026-06-21 20:41:19,562 [INFO] api_clients.pyth_client: Pyth SSE: connecting…
2026-06-21 20:41:20,202 [INFO] api_clients.pyth_client: Pyth SSE: stream live
2026-06-21 20:41:25,436 [INFO] leo.loops: Crypto signal: 14 opps, top edge=93.0%
2026-06-21 20:41:25,826 [INFO] leo.loops: OracleSqueeze: 4 opps, top edge=23.0%
2026-06-21 20:41:30,902 [INFO] strategies.btc_5min: BTC5Min: 12 BTC markets found (mins-to-close: [1443.48, 1433.48, 1428.48, 1423.48, 1428.48, 1418.48, 1413.48, 1408.48, 1413.48, 1403.48, 3.48, 3.48]), 0 in entry window [0.2–1.5 min]
2026-06-21 20:41:39,020 [WARNING] api_clients.pyth_client: Pyth SSE disconnected: Response payload is not completed: <TransferEncodingError: 400, message='Not enough data to satisfy transfer length header.'>, retrying in 1s
2026-06-21 20:41:39,414 [INFO] api_clients.polymarket_client: Polymarket: loaded 1000 active markets
2026-06-21 20:41:40,024 [INFO] api_clients.pyth_client: Pyth SSE: connecting…
2026-06-21 20:41:40,958 [INFO] api_clients.pyth_client: Pyth SSE: stream live
2026-06-21 20:41:52,763 [INFO] strategies.btc_5min: BTC5Min: 12 BTC markets found (mins-to-close: [1443.12, 1433.12, 1428.12, 1423.12, 1428.12, 1418.12, 1413.12, 1408.12, 1413.12, 1403.12, 3.12, 3.12]), 0 in entry window [0.2–1.5 min]
2026-06-21 20:41:55,995 [INFO] leo.loops: Crypto signal: 14 opps, top edge=93.0%
2026-06-21 20:42:13,792 [INFO] strategies.btc_5min: BTC5Min: 12 BTC markets found (mins-to-close: [1442.77, 1432.77, 1427.77, 1422.77, 1427.77, 1417.77, 1412.77, 1407.77, 1412.77, 1402.77, 2.77, 2.77]), 0 in entry window [0.2–1.5 min]
2026-06-21 20:42:16,741 [INFO] api_clients.polymarket_client: Polymarket: loaded 1000 active markets
2026-06-21 20:42:25,829 [INFO] leo.loops: OracleSqueeze: 4 opps, top edge=23.0%
2026-06-21 20:42:26,568 [INFO] leo.loops: Crypto signal: 14 opps, top edge=93.0%
2026-06-21 20:42:35,061 [INFO] strategies.btc_5min: BTC5Min: 12 BTC markets found (mins-to-close: [1442.42, 1432.42, 1427.42, 1422.42, 1427.42, 1417.42, 1412.42, 1407.42, 1412.42, 1402.42, 2.42, 2.42]), 0 in entry window [0.2–1.5 min]
2026-06-21 20:42:52,728 [INFO] api_clients.polymarket_client: Polymarket: loaded 1000 active markets
2026-06-21 20:42:56,564 [INFO] strategies.btc_5min: BTC5Min: 12 BTC markets found (mins-to-close: [1442.06, 1432.06, 1427.06, 1422.06, 1427.06, 1417.06, 1412.06, 1407.06, 1412.06, 1402.06, 2.06, 2.06]), 0 in entry window [0.2–1.5 min]
2026-06-21 20:42:57,137 [INFO] leo.loops: Crypto signal: 14 opps, top edge=93.0%
2026-06-21 20:43:18,162 [INFO] strategies.btc_5min: BTC5Min: 12 BTC markets found (mins-to-close: [1441.7, 1431.7, 1426.7, 1421.7, 1426.7, 1416.7, 1411.7, 1406.7, 1411.7, 1401.7, 1.7, 1.7]), 0 in entry window [0.2–1.5 min]
2026-06-21 20:43:25,831 [INFO] leo.loops: OracleSqueeze: 4 opps, top edge=23.0%
2026-06-21 20:43:27,743 [INFO] leo.loops: Crypto signal: 14 opps, top edge=93.0%
2026-06-21 20:43:29,495 [INFO] api_clients.polymarket_client: Polymarket: loaded 1000 active markets
2026-06-21 20:43:39,164 [INFO] strategies.btc_5min: BTC5Min: 12 BTC markets found (mins-to-close: [1441.35, 1431.35, 1426.35, 1421.35, 1426.35, 1416.35, 1411.35, 1406.35, 1411.35, 1401.35, 1.35, 1.35]), 2 in entry window [0.2–1.5 min]
2026-06-21 20:43:40,276 [INFO] leo.loops: BTC5Min: 2 opps, top edge=74.3%
2026-06-21 20:43:58,375 [INFO] leo.loops: Crypto signal: 14 opps, top edge=93.0%
2026-06-21 20:44:01,279 [INFO] strategies.btc_5min: BTC5Min: 12 BTC markets found (mins-to-close: [1440.98, 1430.98, 1425.98, 1420.98, 1425.98, 1415.98, 1410.98, 1405.98, 1410.98, 1400.98, 0.98, 0.98]), 2 in entry window [0.2–1.5 min]
2026-06-21 20:44:01,531 [INFO] leo.loops: BTC5Min: 2 opps, top edge=84.6%
2026-06-21 20:44:06,811 [INFO] api_clients.polymarket_client: Polymarket: loaded 1000 active markets
2026-06-21 20:44:21,507 [INFO] strategies.news_fade: NewsFade: spike up detected on 0x6c808273f0851259b3811784a9522461f15494c1bc7ec3a22414d381790722c2 0.10%->0.20%
2026-06-21 20:44:21,508 [INFO] strategies.news_fade: NewsFade: spike up detected on 0xe1bcc06698c334b73add34fa23d3a946bdb604118dc8ee326b40a53f367d5c26 4.50%->5.00%
2026-06-21 20:44:21,508 [INFO] strategies.news_fade: NewsFade: spike down detected on 0xc155a9e685f62bebee081b851df67983955fd2f1f943e0bca3fa9c24efab6ed2 7.50%->6.50%
2026-06-21 20:44:21,508 [INFO] strategies.news_fade: NewsFade: spike up detected on 0x494daee7f5cc75322eff8c2c5f6b7678b9f69e12553671efff2dd98a092098e5 79.50%->98.50%
2026-06-21 20:44:21,508 [INFO] strategies.news_fade: NewsFade: spike down detected on 0xc0e344654e8e780abca7605558842cfae27e4689b80d48f044141f6be8b2d96e 0.30%->0.25%
2026-06-21 20:44:21,509 [INFO] strategies.news_fade: NewsFade: spike down detected on 0x1cf8e8643ce9d9dd39791ed6b8eb8688012c295dfbeabaca7b5bca1d17374eb3 72.50%->65.00%
2026-06-21 20:44:21,510 [INFO] leo.loops: FavoriteShort: 5 opps, top edge=4.0%
2026-06-21 20:44:23,662 [INFO] strategies.btc_5min: BTC5Min: 12 BTC markets found (mins-to-close: [1440.61, 1430.61, 1425.61, 1420.61, 1425.61, 1415.61, 1410.61, 1405.61, 1410.61, 1400.61, 0.61, 0.61]), 2 in entry window [0.2–1.5 min]
2026-06-21 20:44:23,915 [INFO] leo.loops: BTC5Min: 2 opps, top edge=90.1%
2026-06-21 20:44:25,834 [INFO] leo.loops: OracleSqueeze: 4 opps, top edge=23.0%
2026-06-21 20:44:28,942 [INFO] leo.loops: Crypto signal: 14 opps, top edge=93.0%
2026-06-21 20:44:43,129 [INFO] api_clients.polymarket_client: Polymarket: loaded 1000 active markets
2026-06-21 20:44:44,900 [INFO] strategies.btc_5min: BTC5Min: 13 BTC markets found (mins-to-close: [1440.25, 1430.25, 1425.25, 1420.25, 1425.25, 1415.25, 1410.25, 1405.25, 1410.25, 1400.25, 0.25, 0.25, 0.25]), 3 in entry window [0.2–1.5 min]
2026-06-21 20:44:45,150 [INFO] leo.loops: BTC5Min: 3 opps, top edge=97.0%
2026-06-21 20:44:56,817 [INFO] api_clients.weather_client: Weather: refreshed 13 city forecasts
2026-06-21 20:44:56,821 [INFO] leo.loops: Weather: 1 opps, top edge=16.5%
2026-06-21 20:44:59,519 [INFO] leo.loops: Crypto signal: 14 opps, top edge=93.0%
2026-06-21 20:45:05,880 [INFO] strategies.btc_5min: BTC5Min: 13 BTC markets found (mins-to-close: [1439.9, 1429.9, 1424.9, 1419.9, 1424.9, 1414.9, 1409.9, 1404.9, 1409.9, 1399.9, -0.1, -0.1, -0.1]), 0 in entry window [0.2–1.5 min]
2026-06-21 20:45:09,822 [WARNING] api_clients.binance_client: Coinbase candle fetch failed (ETHUSDT): 
2026-06-21 20:45:09,824 [WARNING] api_clients.binance_client: Coinbase snapshot fetch failed (ETHUSDT): 
2026-06-21 20:45:19,947 [INFO] api_clients.polymarket_client: Polymarket: loaded 1000 active markets
2026-06-21 20:45:25,887 [INFO] leo.loops: OracleSqueeze: 3 opps, top edge=18.5%
2026-06-21 20:45:27,552 [INFO] strategies.btc_5min: BTC5Min: 3 BTC markets found (mins-to-close: [1439.54, -0.46, -0.46]), 0 in entry window [0.2–1.5 min]
2026-06-21 20:45:30,131 [INFO] leo.loops: Crypto signal: 14 opps, top edge=93.0%
2026-06-21 20:45:46,314 [INFO] api_clients.forecast_client: Forecast: loaded 0 questions (0 meta, 0 manifold)
2026-06-21 20:45:49,307 [INFO] strategies.btc_5min: BTC5Min: 3 BTC markets found (mins-to-close: [1439.18, -0.82, -0.82]), 0 in entry window [0.2–1.5 min]
2026-06-21 20:45:56,582 [INFO] api_clients.polymarket_client: Polymarket: loaded 1000 active markets
2026-06-21 20:46:00,699 [INFO] leo.loops: Crypto signal: 13 opps, top edge=93.0%
2026-06-21 20:46:10,142 [INFO] strategies.btc_5min: BTC5Min: 4 BTC markets found (mins-to-close: [1438.83, -1.17, -1.17, -1.17]), 0 in entry window [0.2–1.5 min]
2026-06-21 20:46:25,890 [INFO] leo.loops: OracleSqueeze: 3 opps, top edge=18.5%
2026-06-21 20:46:31,322 [INFO] leo.loops: Crypto signal: 13 opps, top edge=93.0%
2026-06-21 20:46:31,818 [INFO] strategies.btc_5min: BTC5Min: 4 BTC markets found (mins-to-close: [1438.47, -1.53, -1.53, -1.53]), 0 in entry window [0.2–1.5 min]
2026-06-21 20:46:34,110 [INFO] api_clients.polymarket_client: Polymarket: loaded 1000 active markets
2026-06-21 20:46:54,211 [INFO] strategies.btc_5min: BTC5Min: 3 BTC markets found (mins-to-close: [1438.1, -1.9, -1.9]), 0 in entry window [0.2–1.5 min]
2026-06-21 20:47:01,953 [INFO] leo.loops: Crypto signal: 13 opps, top edge=93.0%
2026-06-21 20:47:10,145 [INFO] api_clients.polymarket_client: Polymarket: loaded 1000 active markets
2026-06-21 20:47:15,218 [INFO] strategies.btc_5min: BTC5Min: 3 BTC markets found (mins-to-close: [1437.75, -2.25, -2.25]), 0 in entry window [0.2–1.5 min]
2026-06-21 20:47:25,891 [INFO] leo.loops: OracleSqueeze: 3 opps, top edge=18.5%
2026-06-21 20:47:32,544 [INFO] leo.loops: Crypto signal: 13 opps, top edge=93.0%
2026-06-21 20:47:36,471 [INFO] strategies.btc_5min: BTC5Min: 3 BTC markets found (mins-to-close: [1437.39, -2.61, -2.61]), 0 in entry window [0.2–1.5 min]
2026-06-21 20:47:46,911 [INFO] api_clients.polymarket_client: Polymarket: loaded 1000 active markets
2026-06-21 20:47:58,507 [INFO] strategies.btc_5min: BTC5Min: 3 BTC markets found (mins-to-close: [1437.02, -2.98, -2.98]), 0 in entry window [0.2–1.5 min]
2026-06-21 20:48:03,363 [INFO] leo.loops: Crypto signal: 13 opps, top edge=93.0%
2026-06-21 20:48:19,764 [INFO] strategies.btc_5min: BTC5Min: 3 BTC markets found (mins-to-close: [1436.67, -3.33, -3.33]), 0 in entry window [0.2–1.5 min]
2026-06-21 20:48:24,087 [INFO] api_clients.polymarket_client: Polymarket: loaded 1000 active markets
2026-06-21 20:48:25,895 [INFO] leo.loops: OracleSqueeze: 3 opps, top edge=18.5%
2026-06-21 20:48:33,921 [INFO] leo.loops: Crypto signal: 13 opps, top edge=93.0%
2026-06-21 20:48:41,388 [INFO] strategies.btc_5min: BTC5Min: 3 BTC markets found (mins-to-close: [1436.31, -3.69, -3.69]), 0 in entry window [0.2–1.5 min]
2026-06-21 20:49:00,395 [INFO] api_clients.polymarket_client: Polymarket: loaded 1000 active markets
2026-06-21 20:49:03,162 [INFO] strategies.btc_5min: BTC5Min: 3 BTC markets found (mins-to-close: [1435.95, -4.05, -4.05]), 0 in entry window [0.2–1.5 min]
2026-06-21 20:49:04,478 [INFO] leo.loops: Crypto signal: 13 opps, top edge=93.0%
2026-06-21 20:49:21,561 [INFO] strategies.news_fade: NewsFade: spike down detected on 0x95724e9465b99bd8faf3f834c9583a78799548aa897b6e1826b35ceaef246085 2.05%->1.45%
2026-06-21 20:49:21,561 [INFO] strategies.news_fade: NewsFade: spike up detected on 0x79e25e8748da66060d9d6a123a1df90d7904ef707b313c2a899edfd71fd49df9 4.05%->4.70%
2026-06-21 20:49:21,561 [INFO] strategies.news_fade: NewsFade: spike down detected on 0x4d8a5695e47a5712b72e2bedd8e0c03b03371c07a70886f6085275f171f2fd5a 0.20%->0.15%
2026-06-21 20:49:21,562 [INFO] strategies.news_fade: NewsFade: spike up detected on 0xe69b388ee2691abc5a2b4d66d9212053782c88f30e26f3b791111e562d327224 56.50%->62.50%
2026-06-21 20:49:21,562 [INFO] strategies.news_fade: NewsFade: spike up detected on 0x5e349d4ae26fe5658db7b6a4b988e37475888b8a58753e5e7e4ec2411bc0ce45 31.50%->37.00%
2026-06-21 20:49:21,563 [INFO] strategies.news_fade: NewsFade: spike up detected on 0xde3e7102cefdf2706cb2a926e8c40ecd9dc6cec0a99d5b9add79ab4f24c9e547 5.50%->6.00%
2026-06-21 20:49:21,563 [INFO] strategies.news_fade: NewsFade: spike down detected on 0x65187bf18ba3a88bd131b1537c069526fd0f3eb3f0b34e0f2f256a095e021afa 0.75%->0.70%
2026-06-21 20:49:21,564 [INFO] leo.loops: FavoriteShort: 5 opps, top edge=4.0%
2026-06-21 20:49:24,436 [INFO] strategies.btc_5min: BTC5Min: 3 BTC markets found (mins-to-close: [1435.59, -4.41, -4.41]), 0 in entry window [0.2–1.5 min]
2026-06-21 20:49:25,898 [INFO] leo.loops: OracleSqueeze: 3 opps, top edge=18.5%
2026-06-21 20:49:35,038 [INFO] leo.loops: Crypto signal: 13 opps, top edge=93.0%
2026-06-21 20:49:37,187 [INFO] api_clients.polymarket_client: Polymarket: loaded 1000 active markets
2026-06-21 20:49:45,978 [INFO] strategies.btc_5min: BTC5Min: 2 BTC markets found (mins-to-close: [1435.23, -4.77]), 0 in entry window [0.2–1.5 min]
2026-06-21 20:50:05,666 [INFO] leo.loops: Crypto signal: 14 opps, top edge=93.0%
2026-06-21 20:50:07,157 [INFO] strategies.btc_5min: BTC5Min: 2 BTC markets found (mins-to-close: [1434.88, -5.12]), 0 in entry window [0.2–1.5 min]
2026-06-21 20:50:14,004 [INFO] api_clients.polymarket_client: Polymarket: loaded 1000 active markets
2026-06-21 20:50:25,902 [INFO] leo.loops: OracleSqueeze: 3 opps, top edge=16.5%
2026-06-21 20:50:28,752 [INFO] strategies.btc_5min: BTC5Min: 3 BTC markets found (mins-to-close: [1434.52, 1429.52, -5.48]), 0 in entry window [0.2–1.5 min]
2026-06-21 20:50:36,286 [INFO] leo.loops: Crypto signal: 15 opps, top edge=93.0%
2026-06-21 20:50:49,994 [INFO] strategies.btc_5min: BTC5Min: 3 BTC markets found (mins-to-close: [1434.17, 1429.17, -5.83]), 0 in entry window [0.2–1.5 min]
2026-06-21 20:50:51,087 [INFO] api_clients.polymarket_client: Polymarket: loaded 1000 active markets
2026-06-21 20:51:06,907 [INFO] leo.loops: Crypto signal: 15 opps, top edge=93.0%
2026-06-21 20:51:11,243 [INFO] strategies.btc_5min: BTC5Min: 3 BTC markets found (mins-to-close: [1433.81, 1428.81, -6.19]), 0 in entry window [0.2–1.5 min]
2026-06-21 20:51:25,906 [INFO] leo.loops: OracleSqueeze: 3 opps, top edge=16.5%
2026-06-21 20:51:27,526 [INFO] api_clients.polymarket_client: Polymarket: loaded 1000 active markets
2026-06-21 20:51:32,753 [INFO] strategies.btc_5min: BTC5Min: 3 BTC markets found (mins-to-close: [1433.45, 1428.45, 8.45]), 0 in entry window [0.2–1.5 min]
2026-06-21 20:51:37,475 [INFO] leo.loops: Crypto signal: 16 opps, top edge=93.0%
2026-06-21 20:51:54,449 [INFO] strategies.btc_5min: BTC5Min: 3 BTC markets found (mins-to-close: [1433.09, 1428.09, 8.09]), 0 in entry window [0.2–1.5 min]
2026-06-21 20:52:04,312 [INFO] api_clients.polymarket_client: Polymarket: loaded 1000 active markets
2026-06-21 20:52:08,061 [INFO] leo.loops: Crypto signal: 16 opps, top edge=93.0%
2026-06-21 20:52:15,432 [INFO] strategies.btc_5min: BTC5Min: 3 BTC markets found (mins-to-close: [1432.74, 1427.74, 7.74]), 0 in entry window [0.2–1.5 min]
2026-06-21 20:52:25,909 [INFO] leo.loops: OracleSqueeze: 4 opps, top edge=16.5%
2026-06-21 20:52:37,216 [INFO] strategies.btc_5min: BTC5Min: 3 BTC markets found (mins-to-close: [1432.38, 1427.38, 7.38]), 0 in entry window [0.2–1.5 min]
2026-06-21 20:52:38,678 [INFO] leo.loops: Crypto signal: 14 opps, top edge=91.2%
2026-06-21 20:52:41,490 [INFO] api_clients.polymarket_client: Polymarket: loaded 1000 active markets
2026-06-21 20:52:58,998 [INFO] strategies.btc_5min: BTC5Min: 3 BTC markets found (mins-to-close: [1432.02, 1427.02, 7.02]), 0 in entry window [0.2–1.5 min]
2026-06-21 20:53:09,578 [INFO] leo.loops: Crypto signal: 14 opps, top edge=91.2%
2026-06-21 20:53:17,783 [INFO] api_clients.polymarket_client: Polymarket: loaded 1000 active markets
2026-06-21 20:53:20,337 [INFO] strategies.btc_5min: BTC5Min: 3 BTC markets found (mins-to-close: [1431.66, 1426.66, 6.66]), 0 in entry window [0.2–1.5 min]
2026-06-21 20:53:25,913 [INFO] leo.loops: OracleSqueeze: 4 opps, top edge=16.5%
2026-06-21 20:53:29,701 [WARNING] api_clients.pyth_client: Pyth SSE disconnected: Response payload is not completed: <TransferEncodingError: 400, message='Not enough data to satisfy transfer length header.'>, retrying in 1s
2026-06-21 20:53:30,703 [INFO] api_clients.pyth_client: Pyth SSE: connecting…
2026-06-21 20:53:31,436 [INFO] api_clients.pyth_client: Pyth SSE: stream live
2026-06-21 20:53:32,139 [WARNING] api_clients.pyth_client: Pyth SSE disconnected: Response payload is not completed: <TransferEncodingError: 400, message='Not enough data to satisfy transfer length header.'>, retrying in 1s
2026-06-21 20:53:33,142 [INFO] api_clients.pyth_client: Pyth SSE: connecting…
2026-06-21 20:53:34,064 [INFO] api_clients.pyth_client: Pyth SSE: stream live
2026-06-21 20:53:40,178 [INFO] leo.loops: Crypto signal: 14 opps, top edge=91.2%
2026-06-21 20:53:41,349 [INFO] strategies.btc_5min: BTC5Min: 3 BTC markets found (mins-to-close: [1431.31, 1426.31, 6.31]), 0 in entry window [0.2–1.5 min]
2026-06-21 20:53:54,523 [INFO] api_clients.polymarket_client: Polymarket: loaded 1000 active markets
2026-06-21 20:54:03,518 [INFO] strategies.btc_5min: BTC5Min: 3 BTC markets found (mins-to-close: [1430.94, 1425.94, 5.94]), 0 in entry window [0.2–1.5 min]
2026-06-21 20:54:10,833 [INFO] leo.loops: Crypto signal: 14 opps, top edge=93.0%
2026-06-21 20:54:21,566 [INFO] strategies.news_fade: NewsFade: spike down detected on 0x5d0152729177f5ff67f0642dba0578472a1c749f34bf52144812edab89be57fd 31.50%->29.50%
2026-06-21 20:54:21,568 [INFO] strategies.news_fade: NewsFade: spike down detected on 0xe53433a1028a793d8d06337389b78edcf7ad66dbb820bdb09e332b635887c2ff 1.05%->0.90%
2026-06-21 20:54:21,568 [INFO] strategies.news_fade: NewsFade: spike down detected on 0xa1b9197a70166b28f64766c468da80dbfced6e64efac9b80d87cac9c0e1540aa 0.30%->0.25%
2026-06-21 20:54:21,568 [INFO] strategies.news_fade: NewsFade: spike up detected on 0x765ef48156d3cf6c52562cc2b59def66c7137fa569cadbe4d8653c6d82319379 0.05%->0.15%
2026-06-21 20:54:21,569 [INFO] strategies.news_fade: NewsFade: spike down detected on 0xe4dbc1d678b5d605f2dfd07a429d7a7f8f6a16ed48c71a6512ceb8e7cb809cfd 10.00%->9.00%
2026-06-21 20:54:21,569 [INFO] strategies.news_fade: NewsFade: spike down detected on 0xbffd4db60983086d1647a1cc826c624691f37b29d7c119c8053fc5f81e7c533a 11.50%->9.50%
2026-06-21 20:54:21,569 [INFO] strategies.news_fade: NewsFade: spike up detected on 0x393949789b4407d029635920ccc8de30f3ba35291b24f84efbfc649078a2c4a8 7.35%->8.40%
2026-06-21 20:54:21,569 [INFO] strategies.news_fade: NewsFade: spike up detected on 0x54679b3c312f04af8e1c23383c7dffae2c4ab3de2295640ee5ce63d5b7ee6fa2 3.85%->4.20%
2026-06-21 20:54:21,570 [INFO] strategies.news_fade: NewsFade: spike down detected on 0x4d86297e5f4f6f8aca054ad2926d06ee81bd358972e9f573eafc92319a3fa78d 13.00%->11.50%
2026-06-21 20:54:21,570 [INFO] strategies.news_fade: NewsFade: spike up detected on 0x8151c21c5382ec229fc06bed07bac9d9a462ac7afebd7e3ad7aaeeef139ab722 0.75%->0.90%
2026-06-21 20:54:21,570 [INFO] strategies.news_fade: NewsFade: spike up detected on 0xb1ec7925527a9e75f325f05e1b74faa9e83f47bcf5ab218869fb30b24304245e 56.50%->64.00%
2026-06-21 20:54:21,571 [INFO] leo.loops: FavoriteShort: 5 opps, top edge=4.0%
2026-06-21 20:54:24,795 [INFO] strategies.btc_5min: BTC5Min: 3 BTC markets found (mins-to-close: [1430.59, 1425.59, 5.59]), 0 in entry window [0.2–1.5 min]
2026-06-21 20:54:25,941 [INFO] leo.loops: OracleSqueeze: 4 opps, top edge=16.5%
2026-06-21 20:54:31,414 [INFO] api_clients.polymarket_client: Polymarket: loaded 1000 active markets
2026-06-21 20:54:41,678 [INFO] leo.loops: Crypto signal: 13 opps, top edge=93.0%
2026-06-21 20:54:46,110 [INFO] strategies.btc_5min: BTC5Min: 4 BTC markets found (mins-to-close: [1430.23, 1425.23, 0.23, 5.23]), 1 in entry window [0.2–1.5 min]
2026-06-21 20:55:08,073 [INFO] strategies.btc_5min: BTC5Min: 4 BTC markets found (mins-to-close: [1429.87, 1424.87, -0.13, 4.87]), 0 in entry window [0.2–1.5 min]
2026-06-21 20:55:08,165 [INFO] api_clients.polymarket_client: Polymarket: loaded 1000 active markets
2026-06-21 20:55:12,276 [INFO] leo.loops: Crypto signal: 13 opps, top edge=93.0%
2026-06-21 20:55:25,945 [INFO] leo.loops: OracleSqueeze: 6 opps, top edge=22.5%
2026-06-21 20:55:29,385 [INFO] strategies.btc_5min: BTC5Min: 5 BTC markets found (mins-to-close: [1434.51, 1444.51, 1429.51, -0.49, 4.51]), 0 in entry window [0.2–1.5 min]
2026-06-21 20:55:43,094 [INFO] leo.loops: Crypto signal: 14 opps, top edge=93.0%
2026-06-21 20:55:44,721 [INFO] api_clients.polymarket_client: Polymarket: loaded 1000 active markets
2026-06-21 20:55:50,623 [INFO] strategies.btc_5min: BTC5Min: 5 BTC markets found (mins-to-close: [1434.16, 1444.16, 1429.16, -0.84, 4.16]), 0 in entry window [0.2–1.5 min]
2026-06-21 20:56:12,714 [INFO] strategies.btc_5min: BTC5Min: 5 BTC markets found (mins-to-close: [1433.79, 1443.79, 1428.79, -1.21, 3.79]), 0 in entry window [0.2–1.5 min]
2026-06-21 20:56:13,751 [INFO] leo.loops: Crypto signal: 13 opps, top edge=93.0%
2026-06-21 20:56:21,576 [INFO] api_clients.polymarket_client: Polymarket: loaded 1000 active markets
2026-06-21 20:56:25,949 [INFO] leo.loops: OracleSqueeze: 7 opps, top edge=22.5%
2026-06-21 20:56:34,253 [INFO] strategies.btc_5min: BTC5Min: 5 BTC markets found (mins-to-close: [1433.43, 1443.43, 1428.43, -1.57, -1.57]), 0 in entry window [0.2–1.5 min]
2026-06-21 20:56:44,314 [INFO] leo.loops: Crypto signal: 14 opps, top edge=93.0%
2026-06-21 20:56:55,267 [INFO] strategies.btc_5min: BTC5Min: 5 BTC markets found (mins-to-close: [1433.08, 1443.08, 1428.08, -1.92, -1.92]), 0 in entry window [0.2–1.5 min]
2026-06-21 20:56:58,904 [INFO] api_clients.polymarket_client: Polymarket: loaded 1000 active markets
2026-06-21 20:57:14,892 [INFO] leo.loops: Crypto signal: 14 opps, top edge=93.0%
2026-06-21 20:57:16,528 [INFO] strategies.btc_5min: BTC5Min: 5 BTC markets found (mins-to-close: [1432.72, 1442.72, 1427.72, -2.28, -2.28]), 0 in entry window [0.2–1.5 min]
2026-06-21 20:57:25,951 [INFO] leo.loops: OracleSqueeze: 7 opps, top edge=22.5%
2026-06-21 20:57:34,849 [INFO] api_clients.polymarket_client: Polymarket: loaded 1000 active markets
2026-06-21 20:57:38,052 [INFO] strategies.btc_5min: BTC5Min: 5 BTC markets found (mins-to-close: [1432.37, 1442.37, 1427.37, -2.63, -2.63]), 0 in entry window [0.2–1.5 min]
2026-06-21 20:57:45,713 [INFO] leo.loops: Crypto signal: 14 opps, top edge=93.0%
2026-06-21 20:58:01,111 [INFO] strategies.btc_5min: BTC5Min: 5 BTC markets found (mins-to-close: [1431.98, 1441.98, 1426.98, -3.02, -3.02]), 0 in entry window [0.2–1.5 min]
2026-06-21 20:58:11,497 [INFO] api_clients.polymarket_client: Polymarket: loaded 1000 active markets
2026-06-21 20:58:16,023 [INFO] leo.loops: Crypto signal: 15 opps, top edge=93.0%
2026-06-21 20:58:22,098 [INFO] strategies.btc_5min: BTC5Min: 5 BTC markets found (mins-to-close: [1431.63, 1441.63, 1426.63, -3.37, -3.37]), 0 in entry window [0.2–1.5 min]
2026-06-21 20:58:25,954 [INFO] leo.loops: OracleSqueeze: 7 opps, top edge=22.5%
2026-06-21 20:58:43,884 [INFO] strategies.btc_5min: BTC5Min: 5 BTC markets found (mins-to-close: [1431.27, 1441.27, 1426.27, -3.73, -3.73]), 0 in entry window [0.2–1.5 min]
2026-06-21 20:58:46,592 [INFO] leo.loops: Crypto signal: 14 opps, top edge=93.0%
2026-06-21 20:58:48,832 [INFO] api_clients.polymarket_client: Polymarket: loaded 1000 active markets
2026-06-21 20:59:05,652 [INFO] strategies.btc_5min: BTC5Min: 5 BTC markets found (mins-to-close: [1430.91, 1440.91, 1425.91, -4.09, -4.09]), 0 in entry window [0.2–1.5 min]
2026-06-21 20:59:16,764 [INFO] leo.loops: Crypto signal: 14 opps, top edge=93.0%
2026-06-21 20:59:21,572 [INFO] strategies.news_fade: NewsFade: spike up detected on 0x348cd9adf4f6855f58bd9c6dbf9ff251c4142ef77233a5dc95c65b4b61cd2187 5.50%->6.50%
2026-06-21 20:59:21,573 [INFO] strategies.news_fade: NewsFade: spike down detected on 0x67638abc2120eb6323400bb52cda3eb92d494da65a01fecd420284a617bdcb9a 10.50%->9.50%
2026-06-21 20:59:21,573 [INFO] strategies.news_fade: NewsFade: spike down detected on 0xc12b550c2be5c4aaefa6a88a0c047144ea50bf0c88ac32744024a9b194a8a0e2 47.50%->42.50%
2026-06-21 20:59:21,574 [INFO] strategies.news_fade: NewsFade: spike down detected on 0x0ce5643cb51f9e3ecdd37905e0676789acff6b053894c97aadeb8958390cee89 1.75%->1.60%
2026-06-21 20:59:21,574 [INFO] strategies.news_fade: NewsFade: spike down detected on 0xc8991e67eef9f2b4545c36ed75897541068606cffb4f5fe5968238895ae2e11c 0.80%->0.70%
2026-06-21 20:59:21,575 [INFO] strategies.news_fade: NewsFade: spike up detected on 0x61dcae8107169382527c8dac1fcd0e214b4b4267b65d0e6fd4872736d373f360 7.50%->8.50%
2026-06-21 20:59:21,575 [INFO] strategies.news_fade: NewsFade: spike down detected on 0x1f3ddc62310927da6bf2840a298d3134903bfa3cbeaeec559ca8956a4ad4be34 1.30%->0.80%
2026-06-21 20:59:21,575 [INFO] strategies.news_fade: NewsFade: spike down detected on 0x7417d6b6cdf66f8eaad90ad070ead7c58423627528fb8be3d706c6abec7edb08 0.40%->0.35%
2026-06-21 20:59:21,575 [INFO] strategies.news_fade: NewsFade: spike down detected on 0xd67b27f5a1243a9e2dd29b1ad447980885493bafe5e485fb0712fc27d649616d 0.25%->0.20%
2026-06-21 20:59:21,575 [INFO] strategies.news_fade: NewsFade: spike up detected on 0x0c4bbf8059303fc185182b3cde5c672e457d7987a76eefc88f932bbdfdb3f945 7.00%->7.50%
2026-06-21 20:59:21,576 [INFO] leo.loops: FavoriteShort: 5 opps, top edge=4.0%
2026-06-21 20:59:25,209 [INFO] api_clients.polymarket_client: Polymarket: loaded 1000 active markets
2026-06-21 20:59:25,957 [INFO] leo.loops: OracleSqueeze: 10 opps, top edge=21.5%
2026-06-21 20:59:27,296 [INFO] strategies.btc_5min: BTC5Min: 6 BTC markets found (mins-to-close: [1430.55, 1440.55, 1425.55, -4.45, 0.55, 0.55]), 2 in entry window [0.2–1.5 min]
2026-06-21 20:59:28,055 [INFO] leo.loops: BTC5Min: 1 opps, top edge=93.5%
2026-06-21 20:59:47,406 [INFO] leo.loops: Crypto signal: 15 opps, top edge=93.0%
2026-06-21 20:59:48,800 [INFO] strategies.btc_5min: BTC5Min: 6 BTC markets found (mins-to-close: [1430.19, 1440.19, 1425.19, -4.81, 0.19, 0.19]), 0 in entry window [0.2–1.5 min]
2026-06-21 21:00:01,987 [INFO] api_clients.polymarket_client: Polymarket: loaded 1000 active markets
2026-06-21 21:00:10,302 [INFO] strategies.btc_5min: BTC5Min: 6 BTC markets found (mins-to-close: [1429.83, 1439.83, 1424.83, -5.17, -0.17, -0.17]), 0 in entry window [0.2–1.5 min]
2026-06-21 21:00:17,731 [INFO] leo.loops: Crypto signal: 15 opps, top edge=93.0%
2026-06-21 21:00:25,994 [INFO] leo.loops: OracleSqueeze: 10 opps, top edge=21.5%
2026-06-21 21:00:31,996 [INFO] strategies.btc_5min: BTC5Min: 7 BTC markets found (mins-to-close: [1434.47, 1429.47, 1439.47, 1424.47, -5.53, -0.53, -0.53]), 0 in entry window [0.2–1.5 min]
2026-06-21 21:00:38,708 [INFO] api_clients.polymarket_client: Polymarket: loaded 1000 active markets
2026-06-21 21:00:47,246 [INFO] api_clients.forecast_client: Forecast: loaded 0 questions (0 meta, 0 manifold)
2026-06-21 21:00:48,326 [INFO] leo.loops: Crypto signal: 15 opps, top edge=93.0%
2026-06-21 21:00:53,023 [INFO] strategies.btc_5min: BTC5Min: 7 BTC markets found (mins-to-close: [1434.12, 1429.12, 1439.12, 1424.12, -5.88, -0.88, -0.88]), 0 in entry window [0.2–1.5 min]
2026-06-21 21:01:14,780 [INFO] strategies.btc_5min: BTC5Min: 7 BTC markets found (mins-to-close: [1433.75, 1428.75, 1438.75, 1423.75, -6.25, -1.25, -1.25]), 0 in entry window [0.2–1.5 min]
2026-06-21 21:01:15,923 [INFO] api_clients.polymarket_client: Polymarket: loaded 1000 active markets
2026-06-21 21:01:18,650 [INFO] leo.loops: Crypto signal: 14 opps, top edge=93.0%
2026-06-21 21:01:25,973 [INFO] leo.loops: OracleSqueeze: 8 opps, top edge=21.5%
2026-06-21 21:01:36,572 [INFO] strategies.btc_5min: BTC5Min: 8 BTC markets found (mins-to-close: [1433.39, 1428.39, 1438.39, 1423.39, -1.61, 3.39, -1.61, -1.61]), 0 in entry window [0.2–1.5 min]
2026-06-21 21:01:42,889 [WARNING] api_clients.pyth_client: Pyth SSE disconnected: Response payload is not completed: <TransferEncodingError: 400, message='Not enough data to satisfy transfer length header.'>, retrying in 1s
2026-06-21 21:01:43,892 [INFO] api_clients.pyth_client: Pyth SSE: connecting…
2026-06-21 21:01:44,576 [INFO] api_clients.pyth_client: Pyth SSE: stream live
2026-06-21 21:01:47,105 [WARNING] api_clients.pyth_client: Pyth SSE disconnected: Response payload is not completed: <TransferEncodingError: 400, message='Not enough data to satisfy transfer length header.'>, retrying in 1s
2026-06-21 21:01:48,107 [INFO] api_clients.pyth_client: Pyth SSE: connecting…
2026-06-21 21:01:49,433 [INFO] leo.loops: Crypto signal: 14 opps, top edge=93.0%
2026-06-21 21:01:49,778 [INFO] api_clients.pyth_client: Pyth SSE: stream live
2026-06-21 21:01:52,145 [INFO] api_clients.polymarket_client: Polymarket: loaded 1000 active markets
2026-06-21 21:01:57,559 [INFO] strategies.btc_5min: BTC5Min: 8 BTC markets found (mins-to-close: [1433.04, 1428.04, 1438.04, 1423.04, -1.96, 3.04, -1.96, -1.96]), 0 in entry window [0.2–1.5 min]
2026-06-21 21:02:18,790 [INFO] strategies.btc_5min: BTC5Min: 8 BTC markets found (mins-to-close: [1432.69, 1427.69, 1437.69, 1422.69, -2.31, 2.69, -2.31, -2.31]), 0 in entry window [0.2–1.5 min]
2026-06-21 21:02:20,040 [INFO] leo.loops: Crypto signal: 14 opps, top edge=93.0%
2026-06-21 21:02:25,957 [INFO] leo.loops: OracleSqueeze: 8 opps, top edge=21.5%
2026-06-21 21:02:28,856 [INFO] api_clients.polymarket_client: Polymarket: loaded 1000 active markets
2026-06-21 21:02:40,445 [INFO] strategies.btc_5min: BTC5Min: 8 BTC markets found (mins-to-close: [1432.33, 1427.33, 1437.33, 1422.33, -2.67, 2.33, -2.67, -2.67]), 0 in entry window [0.2–1.5 min]
2026-06-21 21:02:50,923 [INFO] leo.loops: Crypto signal: 14 opps, top edge=93.0%
2026-06-21 21:03:02,288 [INFO] strategies.btc_5min: BTC5Min: 8 BTC markets found (mins-to-close: [1431.96, 1426.96, 1436.96, 1421.96, -3.04, 1.96, -3.04, -3.04]), 0 in entry window [0.2–1.5 min]
2026-06-21 21:03:06,027 [INFO] api_clients.polymarket_client: Polymarket: loaded 1000 active markets
2026-06-21 21:03:21,245 [INFO] leo.loops: Crypto signal: 15 opps, top edge=93.0%
2026-06-21 21:03:23,566 [INFO] strategies.btc_5min: BTC5Min: 8 BTC markets found (mins-to-close: [1431.61, 1426.61, 1436.61, 1421.61, -3.39, 1.61, -3.39, -3.39]), 0 in entry window [0.2–1.5 min]
2026-06-21 21:03:25,960 [INFO] leo.loops: OracleSqueeze: 8 opps, top edge=21.5%
2026-06-21 21:03:42,292 [INFO] api_clients.polymarket_client: Polymarket: loaded 1000 active markets
2026-06-21 21:03:45,065 [INFO] strategies.btc_5min: BTC5Min: 8 BTC markets found (mins-to-close: [1431.25, 1426.25, 1436.25, 1421.25, -3.75, 1.25, -3.75, -3.75]), 1 in entry window [0.2–1.5 min]
2026-06-21 21:03:45,819 [INFO] leo.loops: BTC5Min: 1 opps, top edge=41.0%
2026-06-21 21:03:51,819 [INFO] leo.loops: Crypto signal: 14 opps, top edge=93.0%
2026-06-21 21:04:06,820 [INFO] strategies.btc_5min: BTC5Min: 8 BTC markets found (mins-to-close: [1430.89, 1425.89, 1435.89, 1420.89, -4.11, 0.89, -4.11, -4.11]), 1 in entry window [0.2–1.5 min]
2026-06-21 21:04:07,072 [INFO] leo.loops: BTC5Min: 1 opps, top edge=34.0%
2026-06-21 21:04:19,037 [INFO] api_clients.polymarket_client: Polymarket: loaded 1000 active markets
2026-06-21 21:04:21,534 [INFO] strategies.news_fade: NewsFade: spike down detected on 0x0eb14827c0e55de386c720191eb556fa1a6b008f5d2513f19a984c5d74a5b06a 47.50%->44.50%
2026-06-21 21:04:21,534 [INFO] strategies.news_fade: NewsFade: spike down detected on 0x6d81d3758071fd3ac9645d430979a9c8ae74a5eb7b0d1cd6f1b7a8a423c141cd 24.50%->22.50%
2026-06-21 21:04:21,534 [INFO] strategies.news_fade: NewsFade: spike up detected on 0x227f527675c5bae3e3db75eb20df60600434c9232e69ab48ee76a3240056e217 8.50%->9.50%
2026-06-21 21:04:21,534 [INFO] strategies.news_fade: NewsFade: spike down detected on 0xccc51cccefaae9546754ac4785db8fa14e617573d86da599c0ac8f36850eae9f 0.20%->0.15%
2026-06-21 21:04:21,534 [INFO] strategies.news_fade: NewsFade: spike up detected on 0x8e0d9935e3c96937eba2e0a370db18203e8cd13e42b29708b35924fe27135725 14.50%->16.50%
2026-06-21 21:04:21,534 [INFO] strategies.news_fade: NewsFade: spike down detected on 0xe2cb77c8c536337d9400885abfb1e3afcb9b4ef454b7f7dc9ecb31d006971a01 14.50%->13.50%
2026-06-21 21:04:21,535 [INFO] strategies.news_fade: NewsFade: spike down detected on 0x7e63954484f4061fa26693178000a9d940deb167a8538966d0719a83cd0ae55e 6.15%->5.70%
2026-06-21 21:04:21,535 [INFO] strategies.news_fade: NewsFade: spike up detected on 0xeeb1b35c595b19f9512c55f85fdf93f3625c3cec1a9b6bac6262921fbd87912e 0.35%->0.40%
2026-06-21 21:04:21,535 [INFO] strategies.news_fade: NewsFade: spike down detected on 0x970281a4268663e092a833ba27d45f0e446b44007e109c80bfe2016f2b03efca 23.50%->22.00%
2026-06-21 21:04:21,535 [INFO] strategies.news_fade: NewsFade: spike up detected on 0x2bcc5cf4950031b056a2b2839bd486617d6cb087b0518e45b81874ebee90bf7b 21.50%->25.50%
2026-06-21 21:04:21,535 [INFO] strategies.news_fade: NewsFade: spike down detected on 0x0de4c5e098c5101f7cce39d11dd3294873381b78c2794b6c6aea3142117f03a1 1.65%->1.55%
2026-06-21 21:04:21,535 [INFO] strategies.news_fade: NewsFade: spike down detected on 0x9af8a133eab0fa9ef86245050f38a0aeb6ab65147ac80db28f3d6bd8fbd82f13 2.35%->2.15%
2026-06-21 21:04:21,535 [INFO] strategies.news_fade: NewsFade: spike up detected on 0x3b4b2049e1850b8a9a94bef61984a4779e2b5403c65cf87dfa0198847bef02a9 0.80%->0.85%
2026-06-21 21:04:21,535 [INFO] strategies.news_fade: NewsFade: spike up detected on 0xacfc843170791970f3d730112fcb9937d2c6f25d83480113dbff300ef12d9163 0.05%->0.45%
2026-06-21 21:04:21,535 [INFO] strategies.news_fade: NewsFade: spike up detected on 0x555443f34b29be9207c40aaef440de7964ed8fa706a95c076f4fc965ac1820bc 11.00%->12.50%
2026-06-21 21:04:21,536 [INFO] strategies.news_fade: NewsFade: spike down detected on 0x62874fc66046a980716e1a06d5c946c31ffd0534241d5de220e143915d67cbdf 4.45%->3.25%
2026-06-21 21:04:21,536 [INFO] strategies.news_fade: NewsFade: spike down detected on 0x7cc2e980e0376b9cf7924f7458e80eafa919c2dd2dad6f43bb1fcc1347314912 16.50%->13.50%
2026-06-21 21:04:21,536 [INFO] strategies.news_fade: NewsFade: spike up detected on 0xdbae88a49b569b9f5fce84e21961adb9308991de7271ccc9aade9e8617244d10 0.55%->0.60%
2026-06-21 21:04:21,538 [INFO] leo.loops: FavoriteShort: 5 opps, top edge=4.0%
2026-06-21 21:04:22,429 [INFO] leo.loops: Crypto signal: 14 opps, top edge=93.0%
2026-06-21 21:04:25,964 [INFO] leo.loops: OracleSqueeze: 8 opps, top edge=21.0%
2026-06-21 21:04:27,807 [INFO] strategies.btc_5min: BTC5Min: 7 BTC markets found (mins-to-close: [1430.54, 1425.54, 1435.54, 1420.54, 0.54, -4.46, 0.54]), 2 in entry window [0.2–1.5 min]
2026-06-21 21:04:28,055 [INFO] leo.loops: BTC5Min: 1 opps, top edge=27.5%
2026-06-21 21:04:49,660 [INFO] strategies.btc_5min: BTC5Min: 7 BTC markets found (mins-to-close: [1430.17, 1425.17, 1435.17, 1420.17, 0.17, -4.83, 0.17]), 0 in entry window [0.2–1.5 min]
2026-06-21 21:04:53,274 [INFO] leo.loops: Crypto signal: 14 opps, top edge=93.0%
2026-06-21 21:04:55,889 [INFO] api_clients.polymarket_client: Polymarket: loaded 1000 active markets
2026-06-21 21:05:11,424 [INFO] strategies.btc_5min: BTC5Min: 7 BTC markets found (mins-to-close: [1429.81, 1424.81, 1434.81, 1419.81, -0.19, -5.19, -0.19]), 0 in entry window [0.2–1.5 min]
2026-06-21 21:05:23,593 [INFO] leo.loops: Crypto signal: 14 opps, top edge=93.0%
2026-06-21 21:05:25,966 [INFO] leo.loops: OracleSqueeze: 8 opps, top edge=21.0%
2026-06-21 21:05:33,029 [INFO] api_clients.polymarket_client: Polymarket: loaded 1000 active markets
2026-06-21 21:05:33,089 [INFO] strategies.btc_5min: BTC5Min: 8 BTC markets found (mins-to-close: [1434.45, 1429.45, 1424.45, 1434.45, 1419.45, -0.55, -5.55, -0.55]), 0 in entry window [0.2–1.5 min]
2026-06-21 21:05:54,684 [INFO] leo.loops: Crypto signal: 13 opps, top edge=93.0%
2026-06-21 21:05:54,871 [INFO] strategies.btc_5min: BTC5Min: 8 BTC markets found (mins-to-close: [1434.09, 1429.09, 1424.09, 1434.09, 1419.09, -0.91, -5.91, -0.91]), 0 in entry window [0.2–1.5 min]
2026-06-21 21:06:09,572 [INFO] api_clients.polymarket_client: Polymarket: loaded 1000 active markets
2026-06-21 21:06:16,372 [INFO] strategies.btc_5min: BTC5Min: 6 BTC markets found (mins-to-close: [1433.73, 1428.73, 1423.73, 1433.73, 1418.73, -1.27]), 0 in entry window [0.2–1.5 min]
2026-06-21 21:06:25,309 [INFO] leo.loops: Crypto signal: 15 opps, top edge=93.0%
2026-06-21 21:06:25,968 [INFO] leo.loops: OracleSqueeze: 9 opps, top edge=21.0%
2026-06-21 21:06:37,942 [INFO] strategies.btc_5min: BTC5Min: 6 BTC markets found (mins-to-close: [1433.37, 1428.37, 1423.37, 1433.37, 1418.37, -1.63]), 0 in entry window [0.2–1.5 min]
2026-06-21 21:06:46,269 [INFO] api_clients.polymarket_client: Polymarket: loaded 1000 active markets
2026-06-21 21:06:55,884 [INFO] leo.loops: Crypto signal: 14 opps, top edge=93.0%
2026-06-21 21:07:03,822 [WARNING] api_clients.binance_client: Coinbase snapshot fetch failed (BTCUSDT): 
2026-06-21 21:07:04,269 [INFO] strategies.btc_5min: BTC5Min: 7 BTC markets found (mins-to-close: [1432.93, 1427.93, 1422.93, 1432.93, 1417.93, -2.07, 7.93]), 0 in entry window [0.2–1.5 min]
2026-06-21 21:07:09,822 [WARNING] api_clients.binance_client: Coinbase OBI fetch failed (BTCUSDT): 
2026-06-21 21:07:22,887 [INFO] api_clients.polymarket_client: Polymarket: loaded 1000 active markets
2026-06-21 21:07:25,970 [INFO] leo.loops: OracleSqueeze: 9 opps, top edge=21.0%
2026-06-21 21:07:26,227 [INFO] leo.loops: Crypto signal: 14 opps, top edge=93.0%
2026-06-21 21:07:30,569 [INFO] strategies.btc_5min: BTC5Min: 7 BTC markets found (mins-to-close: [1432.49, 1427.49, 1422.49, 1432.49, 1417.49, -2.51, 7.49]), 0 in entry window [0.2–1.5 min]
2026-06-21 21:07:52,383 [INFO] strategies.btc_5min: BTC5Min: 7 BTC markets found (mins-to-close: [1432.13, 1427.13, 1422.13, 1432.13, 1417.13, -2.87, 7.13]), 0 in entry window [0.2–1.5 min]
2026-06-21 21:07:56,809 [INFO] leo.loops: Crypto signal: 14 opps, top edge=93.0%
2026-06-21 21:07:59,666 [INFO] api_clients.polymarket_client: Polymarket: loaded 1000 active markets
2026-06-21 21:08:13,798 [INFO] strategies.btc_5min: BTC5Min: 7 BTC markets found (mins-to-close: [1431.77, 1426.77, 1421.77, 1431.77, 1416.77, -3.23, 6.77]), 0 in entry window [0.2–1.5 min]
2026-06-21 21:08:25,970 [INFO] leo.loops: OracleSqueeze: 9 opps, top edge=21.0%
2026-06-21 21:08:27,399 [INFO] leo.loops: Crypto signal: 14 opps, top edge=93.0%
2026-06-21 21:08:34,787 [INFO] strategies.btc_5min: BTC5Min: 7 BTC markets found (mins-to-close: [1431.42, 1426.42, 1421.42, 1431.42, 1416.42, -3.58, 6.42]), 0 in entry window [0.2–1.5 min]
2026-06-21 21:08:37,165 [INFO] api_clients.polymarket_client: Polymarket: loaded 1000 active markets
2026-06-21 21:08:56,622 [INFO] strategies.btc_5min: BTC5Min: 7 BTC markets found (mins-to-close: [1431.06, 1426.06, 1421.06, 1431.06, 1416.06, -3.94, 6.06]), 0 in entry window [0.2–1.5 min]
2026-06-21 21:08:57,958 [INFO] leo.loops: Crypto signal: 14 opps, top edge=93.0%
2026-06-21 21:09:13,301 [INFO] api_clients.polymarket_client: Polymarket: loaded 1000 active markets
2026-06-21 21:09:18,128 [INFO] strategies.btc_5min: BTC5Min: 7 BTC markets found (mins-to-close: [1430.7, 1425.7, 1420.7, 1430.7, 1415.7, 0.7, 5.7]), 1 in entry window [0.2–1.5 min]
2026-06-21 21:09:19,001 [INFO] leo.loops: BTC5Min: 1 opps, top edge=32.4%
2026-06-21 21:09:21,534 [INFO] strategies.news_fade: NewsFade: spike down detected on 0x78b3c3b1f0ddbfc85416b79412647dc806e7ec8a46376f554a254562103edacd 42.50%->39.50%
2026-06-21 21:09:21,535 [INFO] strategies.news_fade: NewsFade: spike down detected on 0x2ffc5be9b12fa5ffb9056c5e2a6eb84c3e2b5585a2281b5c50f59adda6a350b4 41.50%->37.00%
2026-06-21 21:09:21,535 [INFO] strategies.news_fade: NewsFade: spike up detected on 0x69ea879edcb89b70f829c2d54cf84df70a088ea10c3409dd6efd1049deadfd83 11.50%->13.00%
2026-06-21 21:09:21,535 [INFO] strategies.news_fade: NewsFade: spike down detected on 0x671a0cb1c18cc4166536648335ee075380776b54b89218999a4cdd842e27168a 0.80%->0.70%
2026-06-21 21:09:21,535 [INFO] strategies.news_fade: NewsFade: spike down detected on 0x5bf2c54fb4ca9d63427816cd88ab8f7b5ede5b2b9166c366a940f1a0d6d0a290 12.05%->11.25%
2026-06-21 21:09:21,535 [INFO] strategies.news_fade: NewsFade: spike down detected on 0x151b13b0d75a282ea864a2835963c0164c03e8fa3064c4d44026e3af5f2ff8d4 9.50%->8.50%
2026-06-21 21:09:21,535 [INFO] strategies.news_fade: NewsFade: spike up detected on 0x55118d53d1c381e96f9d9c47cd11db5f1987449f9a69aec43eef49ff99276f52 0.05%->0.15%
2026-06-21 21:09:21,535 [INFO] strategies.news_fade: NewsFade: spike down detected on 0xddbc56c563550ff4d61af87b1b433bf96da08b899c22bd1f812fec1c006f2902 64.50%->60.50%
2026-06-21 21:09:21,536 [INFO] strategies.news_fade: NewsFade: spike down detected on 0x8f21e67bc25fcaa809f3f739e7bfc9d4e1a42e915709d32632d5438c068e1e8e 7.50%->7.00%
2026-06-21 21:09:21,536 [INFO] strategies.news_fade: NewsFade: spike down detected on 0xf580cb6e79c7baa4ac3a5f0e160d9d6513384590e2965bb0327089003854056a 18.00%->15.50%
2026-06-21 21:09:21,537 [INFO] leo.loops: FavoriteShort: 5 opps, top edge=4.0%
2026-06-21 21:09:25,972 [INFO] leo.loops: OracleSqueeze: 8 opps, top edge=20.0%
2026-06-21 21:09:28,280 [INFO] leo.loops: Crypto signal: 15 opps, top edge=93.0%
2026-06-21 21:09:40,070 [INFO] strategies.btc_5min: BTC5Min: 7 BTC markets found (mins-to-close: [1430.33, 1425.33, 1420.33, 1430.33, 1415.33, 0.33, 5.33]), 1 in entry window [0.2–1.5 min]
2026-06-21 21:09:40,376 [INFO] leo.loops: BTC5Min: 1 opps, top edge=26.8%
2026-06-21 21:09:50,023 [INFO] api_clients.polymarket_client: Polymarket: loaded 1000 active markets
2026-06-21 21:09:58,861 [INFO] leo.loops: Crypto signal: 14 opps, top edge=93.0%
2026-06-21 21:10:01,121 [INFO] strategies.btc_5min: BTC5Min: 7 BTC markets found (mins-to-close: [1429.98, 1424.98, 1419.98, 1429.98, 1414.98, -0.02, 4.98]), 0 in entry window [0.2–1.5 min]
2026-06-21 21:10:08,745 [WARNING] api_clients.pyth_client: Pyth SSE disconnected: Response payload is not completed: <TransferEncodingError: 400, message='Not enough data to satisfy transfer length header.'>, retrying in 1s
2026-06-21 21:10:09,811 [INFO] api_clients.pyth_client: Pyth SSE: connecting…
2026-06-21 21:10:10,302 [INFO] api_clients.pyth_client: Pyth SSE: stream live
2026-06-21 21:10:12,237 [WARNING] api_clients.pyth_client: Pyth SSE disconnected: Response payload is not completed: <TransferEncodingError: 400, message='Not enough data to satisfy transfer length header.'>, retrying in 1s
2026-06-21 21:10:13,244 [INFO] api_clients.pyth_client: Pyth SSE: connecting…
2026-06-21 21:10:14,132 [INFO] api_clients.pyth_client: Pyth SSE: stream live
2026-06-21 21:10:22,972 [INFO] strategies.btc_5min: BTC5Min: 5 BTC markets found (mins-to-close: [1444.62, 1434.62, 1429.62, -0.38, 4.62]), 0 in entry window [0.2–1.5 min]
2026-06-21 21:10:25,974 [INFO] leo.loops: OracleSqueeze: 8 opps, top edge=20.0%
2026-06-21 21:10:27,592 [INFO] api_clients.polymarket_client: Polymarket: loaded 1000 active markets
2026-06-21 21:10:29,740 [INFO] leo.loops: Crypto signal: 15 opps, top edge=93.0%
2026-06-21 21:10:44,240 [INFO] strategies.btc_5min: BTC5Min: 5 BTC markets found (mins-to-close: [1444.26, 1434.26, 1429.26, -0.74, 4.26]), 0 in entry window [0.2–1.5 min]
2026-06-21 21:11:00,601 [INFO] leo.loops: Crypto signal: 14 opps, top edge=93.0%
2026-06-21 21:11:03,655 [INFO] api_clients.polymarket_client: Polymarket: loaded 1000 active markets
2026-06-21 21:11:05,268 [INFO] strategies.btc_5min: BTC5Min: 6 BTC markets found (mins-to-close: [1443.91, 1433.91, 1428.91, -1.09, 3.91, 3.91]), 0 in entry window [0.2–1.5 min]
2026-06-21 21:11:25,975 [INFO] leo.loops: OracleSqueeze: 9 opps, top edge=20.0%
2026-06-21 21:11:26,762 [INFO] strategies.btc_5min: BTC5Min: 6 BTC markets found (mins-to-close: [1443.55, 1433.55, 1428.55, -1.45, 3.55, 3.55]), 0 in entry window [0.2–1.5 min]
2026-06-21 21:11:31,206 [INFO] leo.loops: Crypto signal: 13 opps, top edge=93.0%
2026-06-21 21:11:40,533 [INFO] api_clients.polymarket_client: Polymarket: loaded 1000 active markets
2026-06-21 21:11:48,306 [INFO] strategies.btc_5min: BTC5Min: 5 BTC markets found (mins-to-close: [1443.19, 1433.19, 1428.19, -1.81, 3.19]), 0 in entry window [0.2–1.5 min]
2026-06-21 21:12:01,849 [INFO] leo.loops: Crypto signal: 13 opps, top edge=93.0%
2026-06-21 21:12:09,595 [INFO] strategies.btc_5min: BTC5Min: 5 BTC markets found (mins-to-close: [1442.84, 1432.84, 1427.84, -2.16, 2.84]), 0 in entry window [0.2–1.5 min]
2026-06-21 21:12:17,346 [INFO] api_clients.polymarket_client: Polymarket: loaded 1000 active markets
2026-06-21 21:12:25,979 [INFO] leo.loops: OracleSqueeze: 9 opps, top edge=20.0%
2026-06-21 21:12:30,657 [INFO] strategies.btc_5min: BTC5Min: 5 BTC markets found (mins-to-close: [1442.49, 1432.49, 1427.49, -2.51, 2.49]), 0 in entry window [0.2–1.5 min]
2026-06-21 21:12:32,416 [INFO] leo.loops: Crypto signal: 15 opps, top edge=93.0%
2026-06-21 21:12:52,718 [INFO] strategies.btc_5min: BTC5Min: 5 BTC markets found (mins-to-close: [1442.12, 1432.12, 1427.12, -2.88, 2.12]), 0 in entry window [0.2–1.5 min]
2026-06-21 21:12:54,357 [INFO] api_clients.polymarket_client: Polymarket: loaded 1000 active markets
2026-06-21 21:13:03,009 [INFO] leo.loops: Crypto signal: 15 opps, top edge=93.0%
2026-06-21 21:13:14,008 [INFO] strategies.btc_5min: BTC5Min: 5 BTC markets found (mins-to-close: [1441.77, 1431.77, 1426.77, -3.23, 1.77]), 0 in entry window [0.2–1.5 min]
2026-06-21 21:13:25,984 [INFO] leo.loops: OracleSqueeze: 9 opps, top edge=20.0%
2026-06-21 21:13:30,435 [INFO] api_clients.polymarket_client: Polymarket: loaded 1000 active markets
2026-06-21 21:13:33,312 [INFO] leo.loops: Crypto signal: 14 opps, top edge=93.0%
2026-06-21 21:13:34,990 [INFO] strategies.btc_5min: BTC5Min: 5 BTC markets found (mins-to-close: [1441.42, 1431.42, 1426.42, -3.58, 1.42]), 1 in entry window [0.2–1.5 min]
2026-06-21 21:13:57,600 [INFO] strategies.btc_5min: BTC5Min: 5 BTC markets found (mins-to-close: [1441.04, 1431.04, 1426.04, -3.96, 1.04]), 1 in entry window [0.2–1.5 min]
2026-06-21 21:13:57,850 [INFO] leo.loops: BTC5Min: 1 opps, top edge=28.2%
2026-06-21 21:14:04,173 [INFO] leo.loops: Crypto signal: 15 opps, top edge=93.0%
2026-06-21 21:14:07,122 [INFO] api_clients.polymarket_client: Polymarket: loaded 1000 active markets
2026-06-21 21:14:18,469 [INFO] strategies.btc_5min: BTC5Min: 5 BTC markets found (mins-to-close: [1440.69, 1430.69, 1425.69, -4.31, 0.69]), 1 in entry window [0.2–1.5 min]
2026-06-21 21:14:18,731 [INFO] leo.loops: BTC5Min: 1 opps, top edge=21.3%
2026-06-21 21:14:21,535 [INFO] strategies.news_fade: NewsFade: spike down detected on 0xa2dbbde3c939a2b2f3511e3fcec68e4f0b7ea698272eee124e0636bf9734aea2 31.50%->28.50%
2026-06-21 21:14:21,537 [INFO] strategies.news_fade: NewsFade: spike down detected on 0xe4a523f5258fecd737a5adcc64c07e756ff842bc2648ee2520ed54f8fbbae2c7 2.25%->1.75%
2026-06-21 21:14:21,537 [INFO] strategies.news_fade: NewsFade: spike down detected on 0xbb5ed8d52ee3e386b4a346014eec854aa1d1a65f50ae8c5854b6a4ea9e662355 30.00%->24.00%
2026-06-21 21:14:21,537 [INFO] strategies.news_fade: NewsFade: spike up detected on 0x1b2a9f58aeca1de7fc2e404760336db43c8bbee2123edb4c90bb446fac834d56 47.80%->50.85%
2026-06-21 21:14:21,538 [INFO] strategies.news_fade: NewsFade: spike down detected on 0x03cd7b035b4b9c4e4879e7e8ab95b896e9f7d60c4bd5224ec4ed4da6e0ff068d 0.85%->0.75%
2026-06-21 21:14:21,538 [INFO] strategies.news_fade: NewsFade: spike down detected on 0x73de540e32b7a340fb01e7c7f2f22a96a74d2b057062e4daf4f7526e411aec2e 8.45%->7.90%
2026-06-21 21:14:21,540 [INFO] leo.loops: FavoriteShort: 5 opps, top edge=4.0%
2026-06-21 21:14:25,990 [INFO] leo.loops: OracleSqueeze: 9 opps, top edge=20.0%
2026-06-21 21:14:28,990 [WARNING] api_clients.pyth_client: Pyth SSE disconnected: Response payload is not completed: <TransferEncodingError: 400, message='Not enough data to satisfy transfer length header.'>, retrying in 1s
2026-06-21 21:14:29,994 [INFO] api_clients.pyth_client: Pyth SSE: connecting…
2026-06-21 21:14:30,538 [INFO] api_clients.pyth_client: Pyth SSE: stream live
2026-06-21 21:14:30,685 [WARNING] api_clients.pyth_client: Pyth SSE disconnected: Response payload is not completed: <TransferEncodingError: 400, message='Not enough data to satisfy transfer length header.'>, retrying in 1s
2026-06-21 21:14:31,687 [INFO] api_clients.pyth_client: Pyth SSE: connecting…
2026-06-21 21:14:34,793 [INFO] leo.loops: Crypto signal: 15 opps, top edge=93.0%
2026-06-21 21:14:35,331 [INFO] api_clients.pyth_client: Pyth SSE: stream live
2026-06-21 21:14:40,049 [INFO] strategies.btc_5min: BTC5Min: 5 BTC markets found (mins-to-close: [1440.33, 1430.33, 1425.33, -4.67, 0.33]), 1 in entry window [0.2–1.5 min]
2026-06-21 21:14:40,306 [INFO] leo.loops: BTC5Min: 1 opps, top edge=26.1%
2026-06-21 21:14:44,433 [INFO] api_clients.polymarket_client: Polymarket: loaded 1000 active markets
2026-06-21 21:14:57,650 [INFO] api_clients.weather_client: Weather: refreshed 13 city forecasts
2026-06-21 21:14:57,653 [INFO] leo.loops: Weather: 1 opps, top edge=17.5%
2026-06-21 21:15:01,851 [INFO] strategies.btc_5min: BTC5Min: 5 BTC markets found (mins-to-close: [1439.97, 1429.97, 1424.97, -0.03, -0.03]), 0 in entry window [0.2–1.5 min]
2026-06-21 21:15:05,366 [INFO] leo.loops: Crypto signal: 16 opps, top edge=94.4%
2026-06-21 21:15:20,933 [INFO] api_clients.polymarket_client: Polymarket: loaded 1000 active markets
2026-06-21 21:15:24,064 [INFO] strategies.btc_5min: BTC5Min: 3 BTC markets found (mins-to-close: [1434.6, -0.4, -0.4]), 0 in entry window [0.2–1.5 min]
2026-06-21 21:15:26,039 [INFO] leo.loops: OracleSqueeze: 8 opps, top edge=20.0%
2026-06-21 21:15:35,991 [INFO] leo.loops: Crypto signal: 15 opps, top edge=94.3%
2026-06-21 21:15:45,613 [INFO] strategies.btc_5min: BTC5Min: 3 BTC markets found (mins-to-close: [1434.24, -0.76, -0.76]), 0 in entry window [0.2–1.5 min]
2026-06-21 21:15:48,125 [INFO] api_clients.forecast_client: Forecast: loaded 0 questions (0 meta, 0 manifold)
2026-06-21 21:15:57,679 [INFO] api_clients.polymarket_client: Polymarket: loaded 1000 active markets
2026-06-21 21:16:06,579 [INFO] leo.loops: Crypto signal: 16 opps, top edge=94.3%
2026-06-21 21:16:06,772 [INFO] strategies.btc_5min: BTC5Min: 4 BTC markets found (mins-to-close: [1433.89, -1.11, -1.11, -1.11]), 0 in entry window [0.2–1.5 min]
2026-06-21 21:16:26,043 [INFO] leo.loops: OracleSqueeze: 8 opps, top edge=19.5%
2026-06-21 21:16:27,980 [INFO] strategies.btc_5min: BTC5Min: 4 BTC markets found (mins-to-close: [1433.53, -1.47, -1.47, -1.47]), 0 in entry window [0.2–1.5 min]
2026-06-21 21:16:34,450 [INFO] api_clients.polymarket_client: Polymarket: loaded 1000 active markets
2026-06-21 21:16:37,223 [INFO] leo.loops: Crypto signal: 16 opps, top edge=94.3%
2026-06-21 21:16:48,961 [INFO] strategies.btc_5min: BTC5Min: 3 BTC markets found (mins-to-close: [1433.18, -1.82, -1.82]), 0 in entry window [0.2–1.5 min]
2026-06-21 21:17:07,845 [INFO] leo.loops: Crypto signal: 16 opps, top edge=94.3%
2026-06-21 21:17:09,987 [INFO] strategies.btc_5min: BTC5Min: 3 BTC markets found (mins-to-close: [1432.83, -2.17, -2.17]), 0 in entry window [0.2–1.5 min]
2026-06-21 21:17:12,001 [INFO] api_clients.polymarket_client: Polymarket: loaded 1000 active markets
2026-06-21 21:17:26,095 [INFO] leo.loops: OracleSqueeze: 8 opps, top edge=19.5%
2026-06-21 21:17:31,354 [INFO] strategies.btc_5min: BTC5Min: 3 BTC markets found (mins-to-close: [1432.48, -2.52, -2.52]), 0 in entry window [0.2–1.5 min]
2026-06-21 21:17:38,218 [INFO] leo.loops: Crypto signal: 15 opps, top edge=94.1%
2026-06-21 21:17:47,881 [INFO] api_clients.polymarket_client: Polymarket: loaded 1000 active markets
2026-06-21 21:17:52,632 [INFO] strategies.btc_5min: BTC5Min: 3 BTC markets found (mins-to-close: [1432.12, -2.88, -2.88]), 0 in entry window [0.2–1.5 min]
2026-06-21 21:18:09,101 [INFO] leo.loops: Crypto signal: 16 opps, top edge=94.1%
2026-06-21 21:18:13,927 [INFO] strategies.btc_5min: BTC5Min: 3 BTC markets found (mins-to-close: [1431.77, -3.23, -3.23]), 0 in entry window [0.2–1.5 min]
2026-06-21 21:18:24,728 [INFO] api_clients.polymarket_client: Polymarket: loaded 1000 active markets
2026-06-21 21:18:26,098 [INFO] leo.loops: OracleSqueeze: 8 opps, top edge=19.5%
2026-06-21 21:18:34,798 [INFO] strategies.btc_5min: BTC5Min: 3 BTC markets found (mins-to-close: [1431.42, -3.58, -3.58]), 0 in entry window [0.2–1.5 min]
2026-06-21 21:18:39,663 [INFO] leo.loops: Crypto signal: 15 opps, top edge=95.0%
2026-06-21 21:18:56,587 [INFO] strategies.btc_5min: BTC5Min: 3 BTC markets found (mins-to-close: [1431.06, -3.94, -3.94]), 0 in entry window [0.2–1.5 min]
2026-06-21 21:19:01,984 [INFO] api_clients.polymarket_client: Polymarket: loaded 1000 active markets
2026-06-21 21:19:10,233 [INFO] leo.loops: Crypto signal: 15 opps, top edge=95.0%
2026-06-21 21:19:17,147 [INFO] leo.loops: OFI: 2 opps, top edge=22.5%
2026-06-21 21:19:18,271 [INFO] strategies.btc_5min: BTC5Min: 3 BTC markets found (mins-to-close: [1430.7, -4.3, -4.3]), 0 in entry window [0.2–1.5 min]
2026-06-21 21:19:21,590 [INFO] strategies.news_fade: NewsFade: spike up detected on 0x3c58e8986995e05c30e64d03acebcb53c9e78643ece47ff2d3dbb1f3c2c7fd2d 0.20%->0.25%
2026-06-21 21:19:21,590 [INFO] strategies.news_fade: NewsFade: spike up detected on 0x079a34f6182c1e0ae9963d91626cf243e40d6ead53b43bdf16ccd3f4741ad61f 35.00%->45.50%
2026-06-21 21:19:21,591 [INFO] strategies.news_fade: NewsFade: spike down detected on 0x5ee7e89133f57fc642b7722946ac6615e01157b732f84541988dff91c9373c15 5.75%->3.95%
2026-06-21 21:19:21,591 [INFO] strategies.news_fade: NewsFade: spike up detected on 0x838a711f66834da37fb8e192bb938978530846ded4295aa9d2591ead361254aa 46.50%->49.50%
2026-06-21 21:19:21,592 [INFO] strategies.news_fade: NewsFade: spike down detected on 0x1b0ef6a7dd0725f44b6d3de662f291ae28564ff65a0f97c5ff83521eb41403fc 10.00%->9.00%
2026-06-21 21:19:21,593 [INFO] leo.loops: FavoriteShort: 5 opps, top edge=4.0%
2026-06-21 21:19:26,101 [INFO] leo.loops: OracleSqueeze: 8 opps, top edge=19.5%
2026-06-21 21:19:38,412 [INFO] api_clients.polymarket_client: Polymarket: loaded 1000 active markets
2026-06-21 21:19:39,580 [INFO] strategies.btc_5min: BTC5Min: 3 BTC markets found (mins-to-close: [1430.34, -4.66, 0.34]), 1 in entry window [0.2–1.5 min]
2026-06-21 21:19:40,535 [INFO] leo.loops: Crypto signal: 15 opps, top edge=95.0%
2026-06-21 21:20:02,059 [INFO] strategies.btc_5min: BTC5Min: 3 BTC markets found (mins-to-close: [1429.97, -5.03, -0.03]), 0 in entry window [0.2–1.5 min]
2026-06-21 21:20:11,103 [INFO] leo.loops: Crypto signal: 15 opps, top edge=95.0%
2026-06-21 21:20:15,235 [INFO] api_clients.polymarket_client: Polymarket: loaded 1000 active markets
2026-06-21 21:20:23,332 [INFO] strategies.btc_5min: BTC5Min: 3 BTC markets found (mins-to-close: [1434.61, -5.39, -0.39]), 0 in entry window [0.2–1.5 min]
2026-06-21 21:20:26,104 [INFO] leo.loops: OracleSqueeze: 7 opps, top edge=20.5%
2026-06-21 21:20:41,419 [INFO] leo.loops: Crypto signal: 15 opps, top edge=94.0%
2026-06-21 21:20:44,589 [INFO] strategies.btc_5min: BTC5Min: 3 BTC markets found (mins-to-close: [1434.26, -5.74, -0.74]), 0 in entry window [0.2–1.5 min]
2026-06-21 21:20:51,990 [INFO] api_clients.polymarket_client: Polymarket: loaded 1000 active markets
2026-06-21 21:21:06,108 [INFO] strategies.btc_5min: BTC5Min: 3 BTC markets found (mins-to-close: [1433.9, -6.1, -1.1]), 0 in entry window [0.2–1.5 min]
2026-06-21 21:21:11,978 [INFO] leo.loops: Crypto signal: 16 opps, top edge=94.2%
2026-06-21 21:21:26,106 [INFO] leo.loops: OracleSqueeze: 7 opps, top edge=20.5%
2026-06-21 21:21:27,143 [INFO] strategies.btc_5min: BTC5Min: 3 BTC markets found (mins-to-close: [1433.55, -6.45, -1.45]), 0 in entry window [0.2–1.5 min]
2026-06-21 21:21:29,380 [INFO] api_clients.polymarket_client: Polymarket: loaded 1000 active markets
2026-06-21 21:21:42,297 [INFO] leo.loops: Crypto signal: 15 opps, top edge=94.1%
2026-06-21 21:21:48,413 [INFO] strategies.btc_5min: BTC5Min: 4 BTC markets found (mins-to-close: [1433.19, -1.81, -1.81, 8.19]), 0 in entry window [0.2–1.5 min]
2026-06-21 21:22:05,675 [INFO] api_clients.polymarket_client: Polymarket: loaded 1000 active markets
2026-06-21 21:22:09,981 [INFO] strategies.btc_5min: BTC5Min: 4 BTC markets found (mins-to-close: [1432.83, -2.17, -2.17, 7.83]), 0 in entry window [0.2–1.5 min]
2026-06-21 21:22:13,160 [INFO] leo.loops: Crypto signal: 15 opps, top edge=95.0%
2026-06-21 21:22:26,110 [INFO] leo.loops: OracleSqueeze: 9 opps, top edge=20.5%
2026-06-21 21:22:31,673 [INFO] strategies.btc_5min: BTC5Min: 4 BTC markets found (mins-to-close: [1432.47, -2.53, -2.53, 7.47]), 0 in entry window [0.2–1.5 min]
2026-06-21 21:22:42,444 [INFO] api_clients.polymarket_client: Polymarket: loaded 1000 active markets
2026-06-21 21:22:43,534 [INFO] leo.loops: Crypto signal: 15 opps, top edge=95.0%
2026-06-21 21:22:53,050 [INFO] strategies.btc_5min: BTC5Min: 4 BTC markets found (mins-to-close: [1432.12, -2.88, -2.88, 7.12]), 0 in entry window [0.2–1.5 min]
2026-06-21 21:23:14,398 [INFO] leo.loops: Crypto signal: 15 opps, top edge=95.0%
2026-06-21 21:23:14,727 [INFO] strategies.btc_5min: BTC5Min: 4 BTC markets found (mins-to-close: [1431.75, -3.25, -3.25, 6.75]), 0 in entry window [0.2–1.5 min]
2026-06-21 21:23:19,706 [INFO] api_clients.polymarket_client: Polymarket: loaded 1000 active markets
2026-06-21 21:23:26,111 [INFO] leo.loops: OracleSqueeze: 9 opps, top edge=20.5%
2026-06-21 21:23:36,132 [INFO] strategies.btc_5min: BTC5Min: 4 BTC markets found (mins-to-close: [1431.4, -3.6, -3.6, 6.4]), 0 in entry window [0.2–1.5 min]
2026-06-21 21:23:44,726 [INFO] leo.loops: Crypto signal: 15 opps, top edge=95.0%
2026-06-21 21:23:56,024 [INFO] api_clients.polymarket_client: Polymarket: loaded 1000 active markets
2026-06-21 21:23:57,003 [INFO] strategies.btc_5min: BTC5Min: 4 BTC markets found (mins-to-close: [1431.05, -3.95, -3.95, 6.05]), 0 in entry window [0.2–1.5 min]
2026-06-21 21:24:15,600 [INFO] leo.loops: Crypto signal: 15 opps, top edge=93.9%
2026-06-21 21:24:18,821 [INFO] strategies.btc_5min: BTC5Min: 4 BTC markets found (mins-to-close: [1430.69, -4.31, -4.31, 5.69]), 0 in entry window [0.2–1.5 min]
2026-06-21 21:24:21,594 [INFO] strategies.news_fade: NewsFade: spike down detected on 0x16c981b47490212bbb7d70edcccc419a84ff5771bc85c1b7abae37128975953e 55.50%->30.50%
2026-06-21 21:24:21,594 [INFO] strategies.news_fade: NewsFade: spike down detected on 0x32cfa52198e85e070d1b17d1b53c5c3a6aaae7736cdc33fa6aa04d353f0c2811 1.05%->0.95%
2026-06-21 21:24:21,594 [INFO] strategies.news_fade: NewsFade: spike up detected on 0x0f8de21a80996a54ced1327cbf4e0702d417e1f49ec6ebe267bc5664c7f36d90 26.50%->29.50%
2026-06-21 21:24:21,595 [INFO] strategies.news_fade: NewsFade: spike up detected on 0x4c8c81a8977892ce501038db87ff2112e9eaeafa18e4e712180de0ed57d880a5 67.00%->89.50%
2026-06-21 21:24:21,595 [INFO] strategies.news_fade: NewsFade: spike up detected on 0x0413637e11b3f5fb80458276b757834194947eda75481e256cc5d9bc0ffbf3aa 90.50%->99.95%
2026-06-21 21:24:21,595 [INFO] strategies.news_fade: NewsFade: spike up detected on 0xb12f5e328a7d9f7a26e0a074625ea775025104e673c776d575dab422a472ef59 14.00%->15.00%
2026-06-21 21:24:21,595 [INFO] strategies.news_fade: NewsFade: spike up detected on 0x530cae10a1ff2f8b333bcf188f8384ed4c7335183b8c4cab0a7b91b41277fbec 59.50%->99.95%
2026-06-21 21:24:21,595 [INFO] strategies.news_fade: NewsFade: spike down detected on 0xd33ae2d10c8348e441e4bfd07b52a81ea6dfdfe5c6980833392b8446d1326c81 0.40%->0.35%
2026-06-21 21:24:21,596 [INFO] strategies.news_fade: NewsFade: spike down detected on 0xdc4ff1da491d5b799216566b29ce6799f1b8c882ac55e9f1ffabb30c34bc6769 0.50%->0.05%
2026-06-21 21:24:21,596 [INFO] strategies.news_fade: NewsFade: spike up detected on 0x6d4e4bf288d8caa229a72a48b985722df1b803e11a9d0d7e9a3fa8275ecccb34 9.00%->10.40%
2026-06-21 21:24:21,597 [INFO] leo.loops: FavoriteShort: 5 opps, top edge=4.0%
2026-06-21 21:24:26,114 [INFO] leo.loops: OracleSqueeze: 9 opps, top edge=20.5%
2026-06-21 21:24:32,952 [INFO] api_clients.polymarket_client: Polymarket: loaded 1000 active markets
2026-06-21 21:24:40,181 [INFO] strategies.btc_5min: BTC5Min: 4 BTC markets found (mins-to-close: [1430.33, -4.67, 0.33, 5.33]), 1 in entry window [0.2–1.5 min]
2026-06-21 21:24:46,163 [INFO] leo.loops: Crypto signal: 13 opps, top edge=93.0%
2026-06-21 21:25:02,516 [INFO] strategies.btc_5min: BTC5Min: 4 BTC markets found (mins-to-close: [1429.96, -5.04, -0.04, 4.96]), 0 in entry window [0.2–1.5 min]
2026-06-21 21:25:09,609 [INFO] api_clients.polymarket_client: Polymarket: loaded 1000 active markets
2026-06-21 21:25:16,722 [INFO] leo.loops: Crypto signal: 14 opps, top edge=93.0%
2026-06-21 21:25:23,892 [INFO] strategies.btc_5min: BTC5Min: 6 BTC markets found (mins-to-close: [1444.6, 1434.6, 1429.6, -5.4, -0.4, 4.6]), 0 in entry window [0.2–1.5 min]
2026-06-21 21:25:26,116 [INFO] leo.loops: OracleSqueeze: 8 opps, top edge=17.0%
2026-06-21 21:25:44,887 [INFO] strategies.btc_5min: BTC5Min: 6 BTC markets found (mins-to-close: [1444.25, 1434.25, 1429.25, -5.75, -0.75, 4.25]), 0 in entry window [0.2–1.5 min]
2026-06-21 21:25:47,368 [INFO] api_clients.polymarket_client: Polymarket: loaded 1000 active markets
2026-06-21 21:25:47,399 [INFO] leo.loops: Crypto signal: 15 opps, top edge=95.0%
2026-06-21 21:26:06,722 [INFO] strategies.btc_5min: BTC5Min: 6 BTC markets found (mins-to-close: [1443.89, 1433.89, 1428.89, -6.11, -1.11, 3.89]), 0 in entry window [0.2–1.5 min]
2026-06-21 21:26:17,990 [INFO] leo.loops: Crypto signal: 17 opps, top edge=95.0%
2026-06-21 21:26:24,341 [INFO] api_clients.polymarket_client: Polymarket: loaded 1000 active markets
2026-06-21 21:26:26,120 [INFO] leo.loops: OracleSqueeze: 8 opps, top edge=21.0%
2026-06-21 21:26:28,044 [INFO] strategies.btc_5min: BTC5Min: 5 BTC markets found (mins-to-close: [1443.53, 1433.53, 1428.53, -1.47, -1.47]), 0 in entry window [0.2–1.5 min]
2026-06-21 21:26:48,557 [INFO] leo.loops: Crypto signal: 18 opps, top edge=94.8%
2026-06-21 21:26:49,053 [INFO] strategies.btc_5min: BTC5Min: 5 BTC markets found (mins-to-close: [1443.18, 1433.18, 1428.18, -1.82, -1.82]), 0 in entry window [0.2–1.5 min]
2026-06-21 21:26:49,586 [WARNING] api_clients.pyth_client: Pyth SSE disconnected: Response payload is not completed: <TransferEncodingError: 400, message='Not enough data to satisfy transfer length header.'>, retrying in 1s
2026-06-21 21:26:50,589 [INFO] api_clients.pyth_client: Pyth SSE: connecting…
2026-06-21 21:26:51,242 [INFO] api_clients.pyth_client: Pyth SSE: stream live
2026-06-21 21:26:58,447 [WARNING] api_clients.pyth_client: Pyth SSE disconnected: Response payload is not completed: <TransferEncodingError: 400, message='Not enough data to satisfy transfer length header.'>, retrying in 1s
2026-06-21 21:26:59,449 [INFO] api_clients.pyth_client: Pyth SSE: connecting…
2026-06-21 21:27:00,473 [INFO] api_clients.pyth_client: Pyth SSE: stream live
2026-06-21 21:27:01,079 [INFO] api_clients.polymarket_client: Polymarket: loaded 1000 active markets
2026-06-21 21:27:10,586 [INFO] strategies.btc_5min: BTC5Min: 5 BTC markets found (mins-to-close: [1442.82, 1432.82, 1427.82, -2.18, -2.18]), 0 in entry window [0.2–1.5 min]
2026-06-21 21:27:19,171 [INFO] leo.loops: Crypto signal: 18 opps, top edge=93.0%
2026-06-21 21:27:26,123 [INFO] leo.loops: OracleSqueeze: 8 opps, top edge=21.0%
2026-06-21 21:27:31,850 [INFO] strategies.btc_5min: BTC5Min: 5 BTC markets found (mins-to-close: [1442.47, 1432.47, 1427.47, -2.53, -2.53]), 0 in entry window [0.2–1.5 min]
2026-06-21 21:27:37,737 [INFO] api_clients.polymarket_client: Polymarket: loaded 1000 active markets
2026-06-21 21:27:50,109 [INFO] leo.loops: Crypto signal: 18 opps, top edge=93.0%
2026-06-21 21:27:53,355 [INFO] strategies.btc_5min: BTC5Min: 5 BTC markets found (mins-to-close: [1442.11, 1432.11, 1427.11, -2.89, -2.89]), 0 in entry window [0.2–1.5 min]
2026-06-21 21:28:14,797 [INFO] api_clients.polymarket_client: Polymarket: loaded 1000 active markets
2026-06-21 21:28:14,856 [INFO] strategies.btc_5min: BTC5Min: 5 BTC markets found (mins-to-close: [1441.75, 1431.75, 1426.75, -3.25, -3.25]), 0 in entry window [0.2–1.5 min]
2026-06-21 21:28:20,927 [INFO] leo.loops: Crypto signal: 18 opps, top edge=93.0%
2026-06-21 21:28:26,125 [INFO] leo.loops: OracleSqueeze: 8 opps, top edge=21.0%
2026-06-21 21:28:35,977 [INFO] strategies.btc_5min: BTC5Min: 5 BTC markets found (mins-to-close: [1441.4, 1431.4, 1426.4, -3.6, -3.6]), 0 in entry window [0.2–1.5 min]
2026-06-21 21:28:51,226 [INFO] api_clients.polymarket_client: Polymarket: loaded 1000 active markets
2026-06-21 21:28:51,608 [INFO] leo.loops: Crypto signal: 18 opps, top edge=93.0%
2026-06-21 21:29:01,867 [WARNING] api_clients.binance_client: Coinbase snapshot fetch failed (ETHUSDT): 
2026-06-21 21:29:02,044 [INFO] strategies.btc_5min: BTC5Min: 5 BTC markets found (mins-to-close: [1440.97, 1430.97, 1425.97, -4.03, -4.03]), 0 in entry window [0.2–1.5 min]
2026-06-21 21:29:17,953 [WARNING] api_clients.pyth_client: Pyth SSE disconnected: Response payload is not completed: <TransferEncodingError: 400, message='Not enough data to satisfy transfer length header.'>, retrying in 1s
2026-06-21 21:29:18,957 [INFO] api_clients.pyth_client: Pyth SSE: connecting…
2026-06-21 21:29:19,632 [INFO] api_clients.pyth_client: Pyth SSE: stream live
2026-06-21 21:29:21,600 [INFO] strategies.news_fade: NewsFade: spike down detected on 0x9a27e31520306708557bb98229c737bd5d4576d372acd1ca5a6ef487c1774257 44.50%->41.50%
2026-06-21 21:29:21,600 [INFO] strategies.news_fade: NewsFade: spike up detected on 0x054725b2a7971376f7924a7021221b12acc50fe78d97817824fe411704d5b5a2 1.15%->1.30%
2026-06-21 21:29:21,600 [INFO] strategies.news_fade: NewsFade: spike up detected on 0x2e539df5355cdb2ea8340beb000a0c6689957e1bb58f748abd18b4c7485a363a 0.80%->0.85%
2026-06-21 21:29:21,600 [INFO] strategies.news_fade: NewsFade: spike down detected on 0xbd85740fcb891a4e12edd6fdb26656cb24e65f12aee67193ca751bb6ffdc184c 15.00%->14.00%
2026-06-21 21:29:21,600 [INFO] strategies.news_fade: NewsFade: spike up detected on 0xce6f2c7437b15b808a6be3ea61fc125077e35ce7cc55b66fdbf15f7ce22493ea 8.50%->10.50%
2026-06-21 21:29:21,601 [INFO] strategies.news_fade: NewsFade: spike up detected on 0xe8cc27e9962aa998fcd8c3da14aeb67ec778cb2e28ffe2f2581d5fae8f110ceb 33.50%->41.50%
2026-06-21 21:29:21,601 [INFO] strategies.news_fade: NewsFade: spike down detected on 0x5056fdc5f7fe8ec59620b41b8b3a327c1cd86087275a7772cf365a01d4fe767d 13.50%->6.50%
2026-06-21 21:29:21,601 [INFO] strategies.news_fade: NewsFade: spike up detected on 0xc38b96e6fb12fc68d003ff326f2a11eb3c8f04c2fce7fcfc9d62f5e18131817c 16.50%->18.00%
2026-06-21 21:29:21,601 [INFO] strategies.news_fade: NewsFade: spike down detected on 0xbe2161199ecb28cda126451733b5d83e62af60bf36617c5502e21402002cd8df 6.15%->4.75%
2026-06-21 21:29:21,601 [INFO] strategies.news_fade: NewsFade: spike down detected on 0x4a6fd3438ea67c71c56d1fb2613b83d617e0ae5c6496550c0a90cbf780297728 0.15%->0.05%
2026-06-21 21:29:21,601 [INFO] strategies.news_fade: NewsFade: spike down detected on 0xc7764545086e8081310798971ddc5b64c6d8bfaa2fa2ae382a83c982590abc69 0.20%->0.15%
2026-06-21 21:29:21,601 [INFO] strategies.news_fade: NewsFade: spike up detected on 0xf745601d7836d4991959e709425963a0676bf8500daebdedd676d842882fb239 18.00%->20.50%
2026-06-21 21:29:21,601 [INFO] strategies.news_fade: NewsFade: spike down detected on 0xf67a8febcce781089ed0d7ae2b055e841aedea72eeaae070a83e4565072b3dc4 0.40%->0.10%
2026-06-21 21:29:21,601 [INFO] leo.loops: FavoriteShort: 5 opps, top edge=4.0%
2026-06-21 21:29:22,433 [INFO] leo.loops: Crypto signal: 18 opps, top edge=93.0%
2026-06-21 21:29:26,128 [INFO] leo.loops: OracleSqueeze: 8 opps, top edge=21.0%
2026-06-21 21:29:27,719 [WARNING] api_clients.pyth_client: Pyth SSE disconnected: Response payload is not completed: <TransferEncodingError: 400, message='Not enough data to satisfy transfer length header.'>, retrying in 1s
2026-06-21 21:29:28,495 [INFO] api_clients.polymarket_client: Polymarket: loaded 1000 active markets
2026-06-21 21:29:28,722 [INFO] api_clients.pyth_client: Pyth SSE: connecting…
2026-06-21 21:29:28,780 [INFO] strategies.btc_5min: BTC5Min: 6 BTC markets found (mins-to-close: [1440.52, 1430.52, 1425.52, 0.52, -4.48, 0.52]), 2 in entry window [0.2–1.5 min]
2026-06-21 21:29:29,364 [INFO] api_clients.pyth_client: Pyth SSE: stream live
2026-06-21 21:29:50,545 [INFO] strategies.btc_5min: BTC5Min: 6 BTC markets found (mins-to-close: [1440.16, 1430.16, 1425.16, 0.16, -4.84, 0.16]), 0 in entry window [0.2–1.5 min]
2026-06-21 21:29:53,009 [INFO] leo.loops: Crypto signal: 17 opps, top edge=93.1%
2026-06-21 21:30:04,810 [INFO] api_clients.polymarket_client: Polymarket: loaded 1000 active markets
2026-06-21 21:30:12,064 [INFO] strategies.btc_5min: BTC5Min: 6 BTC markets found (mins-to-close: [1439.8, 1429.8, 1424.8, -0.2, -5.2, -0.2]), 0 in entry window [0.2–1.5 min]
2026-06-21 21:30:23,826 [INFO] leo.loops: Crypto signal: 17 opps, top edge=93.1%
2026-06-21 21:30:26,132 [INFO] leo.loops: OracleSqueeze: 25 opps, top edge=23.0%
2026-06-21 21:30:33,851 [INFO] strategies.btc_5min: BTC5Min: 7 BTC markets found (mins-to-close: [1434.44, 1439.44, 1429.44, 1424.44, -0.56, -5.56, -0.56]), 0 in entry window [0.2–1.5 min]
2026-06-21 21:30:41,622 [INFO] api_clients.polymarket_client: Polymarket: loaded 1000 active markets
2026-06-21 21:30:49,160 [INFO] api_clients.forecast_client: Forecast: loaded 0 questions (0 meta, 0 manifold)
2026-06-21 21:30:54,704 [INFO] leo.loops: Crypto signal: 17 opps, top edge=93.1%
2026-06-21 21:30:54,987 [INFO] strategies.btc_5min: BTC5Min: 7 BTC markets found (mins-to-close: [1434.08, 1439.08, 1429.08, 1424.08, -0.92, -5.92, -0.92]), 0 in entry window [0.2–1.5 min]
2026-06-21 21:31:17,126 [INFO] strategies.btc_5min: BTC5Min: 7 BTC markets found (mins-to-close: [1433.71, 1438.71, 1428.71, 1423.71, -1.29, -6.29, -1.29]), 0 in entry window [0.2–1.5 min]
2026-06-21 21:31:18,777 [INFO] api_clients.polymarket_client: Polymarket: loaded 1000 active markets
2026-06-21 21:31:25,318 [INFO] leo.loops: Crypto signal: 18 opps, top edge=93.1%
2026-06-21 21:31:26,135 [INFO] leo.loops: OracleSqueeze: 26 opps, top edge=23.0%
2026-06-21 21:31:38,397 [INFO] strategies.btc_5min: BTC5Min: 6 BTC markets found (mins-to-close: [1433.36, 1438.36, 1428.36, 1423.36, -1.64, -1.64]), 0 in entry window [0.2–1.5 min]
2026-06-21 21:31:54,849 [INFO] api_clients.polymarket_client: Polymarket: loaded 1000 active markets
2026-06-21 21:31:56,220 [INFO] leo.loops: Crypto signal: 18 opps, top edge=93.1%
2026-06-21 21:31:59,651 [INFO] strategies.btc_5min: BTC5Min: 6 BTC markets found (mins-to-close: [1433.01, 1438.01, 1428.01, 1423.01, -1.99, -1.99]), 0 in entry window [0.2–1.5 min]
2026-06-21 21:32:21,465 [INFO] strategies.btc_5min: BTC5Min: 6 BTC markets found (mins-to-close: [1432.64, 1437.64, 1427.64, 1422.64, -2.36, -2.36]), 0 in entry window [0.2–1.5 min]
2026-06-21 21:32:26,138 [INFO] leo.loops: OracleSqueeze: 27 opps, top edge=23.0%
2026-06-21 21:32:26,793 [INFO] leo.loops: Crypto signal: 18 opps, top edge=93.1%
2026-06-21 21:32:31,550 [INFO] api_clients.polymarket_client: Polymarket: loaded 1000 active markets
2026-06-21 21:32:41,867 [WARNING] api_clients.binance_client: Coinbase snapshot fetch failed (SOLUSDT): 
2026-06-21 21:32:41,868 [WARNING] api_clients.binance_client: Coinbase candle fetch failed (ETHUSDT): 
2026-06-21 21:32:42,468 [INFO] strategies.btc_5min: BTC5Min: 6 BTC markets found (mins-to-close: [1432.29, 1437.29, 1427.29, 1422.29, -2.71, -2.71]), 0 in entry window [0.2–1.5 min]
2026-06-21 21:32:57,360 [INFO] leo.loops: Crypto signal: 19 opps, top edge=93.1%
2026-06-21 21:33:04,320 [INFO] strategies.btc_5min: BTC5Min: 6 BTC markets found (mins-to-close: [1431.93, 1436.93, 1426.93, 1421.93, -3.07, -3.07]), 0 in entry window [0.2–1.5 min]
2026-06-21 21:33:09,011 [INFO] api_clients.polymarket_client: Polymarket: loaded 1000 active markets
2026-06-21 21:33:26,128 [INFO] leo.loops: OracleSqueeze: 27 opps, top edge=23.0%
2026-06-21 21:33:26,550 [INFO] strategies.btc_5min: BTC5Min: 6 BTC markets found (mins-to-close: [1431.56, 1436.56, 1426.56, 1421.56, -3.44, -3.44]), 0 in entry window [0.2–1.5 min]
2026-06-21 21:33:27,930 [INFO] leo.loops: Crypto signal: 19 opps, top edge=93.1%
2026-06-21 21:33:44,990 [INFO] api_clients.polymarket_client: Polymarket: loaded 1000 active markets
2026-06-21 21:33:47,545 [INFO] strategies.btc_5min: BTC5Min: 6 BTC markets found (mins-to-close: [1431.21, 1436.21, 1426.21, 1421.21, -3.79, -3.79]), 0 in entry window [0.2–1.5 min]
2026-06-21 21:33:58,479 [INFO] leo.loops: Crypto signal: 18 opps, top edge=93.1%
2026-06-21 21:34:08,791 [INFO] strategies.btc_5min: BTC5Min: 6 BTC markets found (mins-to-close: [1430.85, 1435.85, 1425.85, 1420.85, -4.15, -4.15]), 0 in entry window [0.2–1.5 min]
2026-06-21 21:34:21,576 [INFO] strategies.news_fade: NewsFade: spike down detected on 0x7412d284c8f63791fec807f9b1f61c6fe61163621775a3dc8686cd2575272abe 0.25%->0.15%
2026-06-21 21:34:21,577 [INFO] strategies.news_fade: NewsFade: spike down detected on 0x6992fdf39435fb8aa0b765e24f98cb621fd1f7b6458865387c0ea303da2f0003 14.75%->13.10%
2026-06-21 21:34:21,578 [INFO] strategies.news_fade: NewsFade: spike up detected on 0x75a50ed92507226816900d6da63984b4db752ad3a3f73e691514416cc5ccd980 31.50%->41.00%
2026-06-21 21:34:21,578 [INFO] strategies.news_fade: NewsFade: spike up detected on 0x2df6697a560ccb59f3a80850267a740ec4cc9414ee2bd683f0ab50ec6fff8463 84.00%->90.50%
2026-06-21 21:34:21,579 [INFO] strategies.news_fade: NewsFade: spike up detected on 0x232335e57171a1b4c257f31f4b9c0fd2766f323394f011def8800dee0b00568b 1.95%->3.50%
2026-06-21 21:34:21,579 [INFO] strategies.news_fade: NewsFade: spike up detected on 0x622f731565e02ed55281efe5ae5ac81cf54a609f1978a52f2ecb562da3167601 0.30%->0.35%
2026-06-21 21:34:21,580 [INFO] strategies.news_fade: NewsFade: spike up detected on 0x5a824744bb14e5ab35732850fcfcfffb8f132b66cb7705c4aed2f982ca7a5c40 0.55%->0.60%
2026-06-21 21:34:21,581 [INFO] leo.loops: FavoriteShort: 4 opps, top edge=4.0%
2026-06-21 21:34:21,588 [INFO] api_clients.polymarket_client: Polymarket: loaded 1000 active markets
2026-06-21 21:34:26,121 [INFO] leo.loops: OracleSqueeze: 28 opps, top edge=22.0%
2026-06-21 21:34:29,122 [INFO] leo.loops: Crypto signal: 16 opps, top edge=93.0%
2026-06-21 21:34:29,499 [INFO] strategies.btc_5min: BTC5Min: 5 BTC markets found (mins-to-close: [1430.51, 1435.51, 1425.51, 1420.51, 0.51]), 1 in entry window [0.2–1.5 min]
2026-06-21 21:34:51,404 [INFO] strategies.btc_5min: BTC5Min: 5 BTC markets found (mins-to-close: [1430.14, 1435.14, 1425.14, 1420.14, 0.14]), 0 in entry window [0.2–1.5 min]
2026-06-21 21:34:58,417 [INFO] api_clients.polymarket_client: Polymarket: loaded 1000 active markets
2026-06-21 21:34:59,731 [INFO] leo.loops: Crypto signal: 16 opps, top edge=93.0%
2026-06-21 21:35:12,738 [INFO] strategies.btc_5min: BTC5Min: 5 BTC markets found (mins-to-close: [1429.79, 1434.79, 1424.79, 1419.79, -0.21]), 0 in entry window [0.2–1.5 min]
2026-06-21 21:35:26,125 [INFO] leo.loops: OracleSqueeze: 28 opps, top edge=22.0%
2026-06-21 21:35:30,673 [INFO] leo.loops: Crypto signal: 16 opps, top edge=93.0%
2026-06-21 21:35:34,039 [INFO] strategies.btc_5min: BTC5Min: 6 BTC markets found (mins-to-close: [1434.43, 1429.43, 1434.43, 1424.43, 1419.43, -0.57]), 0 in entry window [0.2–1.5 min]
2026-06-21 21:35:35,711 [INFO] api_clients.polymarket_client: Polymarket: loaded 1000 active markets
2026-06-21 21:35:55,642 [INFO] strategies.btc_5min: BTC5Min: 6 BTC markets found (mins-to-close: [1434.07, 1429.07, 1434.07, 1424.07, 1419.07, -0.93]), 0 in entry window [0.2–1.5 min]
2026-06-21 21:36:01,241 [INFO] leo.loops: Crypto signal: 16 opps, top edge=93.0%
2026-06-21 21:36:12,183 [INFO] api_clients.polymarket_client: Polymarket: loaded 1000 active markets
2026-06-21 21:36:16,645 [INFO] strategies.btc_5min: BTC5Min: 8 BTC markets found (mins-to-close: [1433.72, 1428.72, 1433.72, 1423.72, 1418.72, -1.28, -1.28, 8.72]), 0 in entry window [0.2–1.5 min]
2026-06-21 21:36:26,130 [INFO] leo.loops: OracleSqueeze: 25 opps, top edge=22.0%
2026-06-21 21:36:32,158 [INFO] leo.loops: Crypto signal: 17 opps, top edge=93.0%
2026-06-21 21:36:37,916 [INFO] strategies.btc_5min: BTC5Min: 8 BTC markets found (mins-to-close: [1433.37, 1428.37, 1433.37, 1423.37, 1418.37, -1.63, -1.63, 8.37]), 0 in entry window [0.2–1.5 min]
2026-06-21 21:36:48,878 [INFO] api_clients.polymarket_client: Polymarket: loaded 1000 active markets
2026-06-21 21:36:58,922 [INFO] strategies.btc_5min: BTC5Min: 8 BTC markets found (mins-to-close: [1433.02, 1428.02, 1433.02, 1423.02, 1418.02, -1.98, -1.98, 8.02]), 0 in entry window [0.2–1.5 min]
2026-06-21 21:37:02,729 [INFO] leo.loops: Crypto signal: 18 opps, top edge=93.0%
2026-06-21 21:37:19,403 [INFO] leo.loops: OFI: 2 opps, top edge=6.9%
2026-06-21 21:37:20,735 [INFO] strategies.btc_5min: BTC5Min: 8 BTC markets found (mins-to-close: [1432.65, 1427.65, 1432.65, 1422.65, 1417.65, -2.35, -2.35, 7.65]), 0 in entry window [0.2–1.5 min]
2026-06-21 21:37:26,028 [INFO] api_clients.polymarket_client: Polymarket: loaded 1000 active markets
2026-06-21 21:37:26,133 [INFO] leo.loops: OracleSqueeze: 24 opps, top edge=22.0%
2026-06-21 21:37:33,387 [INFO] leo.loops: Crypto signal: 18 opps, top edge=93.0%
2026-06-21 21:37:42,004 [INFO] strategies.btc_5min: BTC5Min: 8 BTC markets found (mins-to-close: [1432.3, 1427.3, 1432.3, 1422.3, 1417.3, -2.7, -2.7, 7.3]), 0 in entry window [0.2–1.5 min]
2026-06-21 21:38:02,861 [INFO] api_clients.polymarket_client: Polymarket: loaded 1000 active markets
2026-06-21 21:38:03,560 [INFO] strategies.btc_5min: BTC5Min: 8 BTC markets found (mins-to-close: [1431.94, 1426.94, 1431.94, 1421.94, 1416.94, -3.06, -3.06, 6.94]), 0 in entry window [0.2–1.5 min]
2026-06-21 21:38:03,804 [INFO] leo.loops: Crypto signal: 18 opps, top edge=93.0%
2026-06-21 21:38:25,236 [INFO] strategies.btc_5min: BTC5Min: 8 BTC markets found (mins-to-close: [1431.58, 1426.58, 1431.58, 1421.58, 1416.58, -3.42, -3.42, 6.58]), 0 in entry window [0.2–1.5 min]
2026-06-21 21:38:26,138 [INFO] leo.loops: OracleSqueeze: 24 opps, top edge=22.0%
2026-06-21 21:38:34,457 [INFO] leo.loops: Crypto signal: 19 opps, top edge=93.0%
2026-06-21 21:38:39,619 [INFO] api_clients.polymarket_client: Polymarket: loaded 1000 active markets
2026-06-21 21:38:45,994 [INFO] strategies.btc_5min: BTC5Min: 8 BTC markets found (mins-to-close: [1431.23, 1426.23, 1431.23, 1421.23, 1416.23, -3.77, -3.77, 6.23]), 0 in entry window [0.2–1.5 min]
2026-06-21 21:39:05,054 [INFO] leo.loops: Crypto signal: 18 opps, top edge=93.0%
2026-06-21 21:39:07,296 [INFO] strategies.btc_5min: BTC5Min: 8 BTC markets found (mins-to-close: [1430.88, 1425.88, 1430.88, 1420.88, 1415.88, -4.12, -4.12, 5.88]), 0 in entry window [0.2–1.5 min]
2026-06-21 21:39:16,197 [INFO] api_clients.polymarket_client: Polymarket: loaded 1000 active markets
2026-06-21 21:39:21,581 [INFO] strategies.news_fade: NewsFade: spike down detected on 0xf0b20a493096cbbbdad34d09fde8f664fa35cd2124e161d5b72e01f9c264d2c6 0.25%->0.15%
2026-06-21 21:39:21,582 [INFO] strategies.news_fade: NewsFade: spike up detected on 0x0443a503a38b90446c8a3826db5ee1323144197ef2b4ed09bcdf545ac104dfcb 0.55%->0.65%
2026-06-21 21:39:21,582 [INFO] strategies.news_fade: NewsFade: spike down detected on 0x1bde2c869ce8d350874cc8e382354d07157b6c6e7b49626064989a1142bba25f 37.00%->31.00%
2026-06-21 21:39:21,583 [INFO] strategies.news_fade: NewsFade: spike up detected on 0xb2a1c0c2a5ddd15fb8ba2dea1a808ef32c61108bb1a5911281006e8076b6714b 43.50%->49.00%
2026-06-21 21:39:21,583 [INFO] strategies.news_fade: NewsFade: spike down detected on 0x51f624dbbf14f9edb575fef1be6f7a303751de70783fa144fce27b957452c803 13.50%->12.50%
2026-06-21 21:39:21,583 [INFO] strategies.news_fade: NewsFade: spike down detected on 0x43f295d4597258ef58c759e25af5373cb1af1af76d77ce8c588e04d899f7f434 2.35%->1.55%
2026-06-21 21:39:21,584 [INFO] strategies.news_fade: NewsFade: spike down detected on 0x12ba7aa847280b95874a9d2cc2c2459511fc077c6ce6b019a76d6ef2700c6d25 43.00%->36.00%
2026-06-21 21:39:21,585 [INFO] leo.loops: FavoriteShort: 4 opps, top edge=4.0%
2026-06-21 21:39:26,142 [INFO] leo.loops: OracleSqueeze: 25 opps, top edge=22.0%
2026-06-21 21:39:28,844 [INFO] strategies.btc_5min: BTC5Min: 8 BTC markets found (mins-to-close: [1430.52, 1425.52, 1430.52, 1420.52, 1415.52, -4.48, 0.52, 5.52]), 1 in entry window [0.2–1.5 min]
2026-06-21 21:39:29,570 [INFO] leo.loops: BTC5Min: 1 opps, top edge=33.5%
2026-06-21 21:39:35,869 [INFO] leo.loops: Crypto signal: 18 opps, top edge=93.4%
2026-06-21 21:39:50,594 [INFO] strategies.btc_5min: BTC5Min: 8 BTC markets found (mins-to-close: [1430.16, 1425.16, 1430.16, 1420.16, 1415.16, -4.84, 0.16, 5.16]), 0 in entry window [0.2–1.5 min]
2026-06-21 21:39:53,339 [INFO] api_clients.polymarket_client: Polymarket: loaded 1000 active markets
2026-06-21 21:40:06,471 [INFO] leo.loops: Crypto signal: 19 opps, top edge=93.4%
2026-06-21 21:40:11,882 [INFO] strategies.btc_5min: BTC5Min: 8 BTC markets found (mins-to-close: [1429.8, 1424.8, 1429.8, 1419.8, 1414.8, -5.2, -0.2, 4.8]), 0 in entry window [0.2–1.5 min]
2026-06-21 21:40:26,143 [INFO] leo.loops: OracleSqueeze: 27 opps, top edge=21.5%
2026-06-21 21:40:29,736 [INFO] api_clients.polymarket_client: Polymarket: loaded 1000 active markets
2026-06-21 21:40:33,501 [INFO] strategies.btc_5min: BTC5Min: 10 BTC markets found (mins-to-close: [1434.44, 1444.44, 1429.44, 1424.44, 1429.44, 1419.44, -5.56, -0.56, 4.44, 4.44]), 0 in entry window [0.2–1.5 min]
2026-06-21 21:40:37,340 [INFO] leo.loops: Crypto signal: 19 opps, top edge=93.4%
2026-06-21 21:40:54,805 [INFO] strategies.btc_5min: BTC5Min: 10 BTC markets found (mins-to-close: [1434.09, 1444.09, 1429.09, 1424.09, 1429.09, 1419.09, -5.91, -0.91, 4.09, 4.09]), 0 in entry window [0.2–1.5 min]
2026-06-21 21:41:06,564 [INFO] api_clients.polymarket_client: Polymarket: loaded 1000 active markets
2026-06-21 21:41:07,898 [INFO] leo.loops: Crypto signal: 19 opps, top edge=93.4%
2026-06-21 21:41:15,808 [INFO] strategies.btc_5min: BTC5Min: 10 BTC markets found (mins-to-close: [1433.74, 1443.74, 1428.74, 1423.74, 1428.74, 1418.74, -1.26, -1.26, 3.74, 3.74]), 0 in entry window [0.2–1.5 min]
2026-06-21 21:41:26,147 [INFO] leo.loops: OracleSqueeze: 28 opps, top edge=21.0%
2026-06-21 21:41:37,584 [INFO] strategies.btc_5min: BTC5Min: 10 BTC markets found (mins-to-close: [1433.37, 1443.37, 1428.37, 1423.37, 1428.37, 1418.37, -1.63, -1.63, 3.37, 3.37]), 0 in entry window [0.2–1.5 min]
2026-06-21 21:41:38,708 [INFO] leo.loops: Crypto signal: 19 opps, top edge=93.3%
2026-06-21 21:41:39,972 [WARNING] api_clients.pyth_client: Pyth SSE disconnected: Response payload is not completed: <TransferEncodingError: 400, message='Not enough data to satisfy transfer length header.'>, retrying in 1s
2026-06-21 21:41:41,034 [INFO] api_clients.pyth_client: Pyth SSE: connecting…
2026-06-21 21:41:41,796 [INFO] api_clients.pyth_client: Pyth SSE: stream live
2026-06-21 21:41:43,139 [WARNING] api_clients.pyth_client: Pyth SSE disconnected: Response payload is not completed: <TransferEncodingError: 400, message='Not enough data to satisfy transfer length header.'>, retrying in 1s
2026-06-21 21:41:43,527 [INFO] api_clients.polymarket_client: Polymarket: loaded 1000 active markets
2026-06-21 21:41:44,172 [INFO] api_clients.pyth_client: Pyth SSE: connecting…
2026-06-21 21:41:44,758 [INFO] api_clients.pyth_client: Pyth SSE: stream live
2026-06-21 21:41:46,293 [WARNING] api_clients.pyth_client: Pyth SSE disconnected: Response payload is not completed: <TransferEncodingError: 400, message='Not enough data to satisfy transfer length header.'>, retrying in 1s
2026-06-21 21:41:47,344 [INFO] api_clients.pyth_client: Pyth SSE: connecting…
2026-06-21 21:41:48,223 [INFO] api_clients.pyth_client: Pyth SSE: stream live
2026-06-21 21:41:59,228 [INFO] strategies.btc_5min: BTC5Min: 9 BTC markets found (mins-to-close: [1433.01, 1443.01, 1428.01, 1423.01, 1428.01, 1418.01, -1.99, -1.99, 3.01]), 0 in entry window [0.2–1.5 min]
2026-06-21 21:42:09,268 [INFO] leo.loops: Crypto signal: 19 opps, top edge=93.4%
2026-06-21 21:42:20,525 [INFO] api_clients.polymarket_client: Polymarket: loaded 1000 active markets
2026-06-21 21:42:21,638 [INFO] strategies.btc_5min: BTC5Min: 9 BTC markets found (mins-to-close: [1432.64, 1442.64, 1427.64, 1422.64, 1427.64, 1417.64, -2.36, -2.36, 2.64]), 0 in entry window [0.2–1.5 min]
2026-06-21 21:42:26,151 [INFO] leo.loops: OracleSqueeze: 29 opps, top edge=22.5%
2026-06-21 21:42:39,846 [INFO] leo.loops: Crypto signal: 19 opps, top edge=93.4%
2026-06-21 21:42:43,148 [INFO] strategies.btc_5min: BTC5Min: 9 BTC markets found (mins-to-close: [1432.28, 1442.28, 1427.28, 1422.28, 1427.28, 1417.28, -2.72, -2.72, 2.28]), 0 in entry window [0.2–1.5 min]
2026-06-21 21:42:56,835 [INFO] api_clients.polymarket_client: Polymarket: loaded 1000 active markets
2026-06-21 21:43:04,617 [INFO] strategies.btc_5min: BTC5Min: 9 BTC markets found (mins-to-close: [1431.92, 1441.92, 1426.92, 1421.92, 1426.92, 1416.92, -3.08, -3.08, 1.92]), 0 in entry window [0.2–1.5 min]
2026-06-21 21:43:10,667 [INFO] leo.loops: Crypto signal: 18 opps, top edge=93.4%
2026-06-21 21:43:26,170 [INFO] leo.loops: OracleSqueeze: 29 opps, top edge=22.5%
2026-06-21 21:43:26,488 [INFO] strategies.btc_5min: BTC5Min: 9 BTC markets found (mins-to-close: [1431.56, 1441.56, 1426.56, 1421.56, 1426.56, 1416.56, -3.44, -3.44, 1.56]), 0 in entry window [0.2–1.5 min]
2026-06-21 21:43:33,746 [INFO] api_clients.polymarket_client: Polymarket: loaded 1000 active markets
2026-06-21 21:43:41,290 [INFO] leo.loops: Crypto signal: 18 opps, top edge=93.4%
2026-06-21 21:43:47,826 [INFO] strategies.btc_5min: BTC5Min: 9 BTC markets found (mins-to-close: [1431.2, 1441.2, 1426.2, 1421.2, 1426.2, 1416.2, -3.8, -3.8, 1.2]), 1 in entry window [0.2–1.5 min]
2026-06-21 21:44:09,858 [INFO] strategies.btc_5min: BTC5Min: 9 BTC markets found (mins-to-close: [1430.84, 1440.84, 1425.84, 1420.84, 1425.84, 1415.84, -4.16, -4.16, 0.84]), 1 in entry window [0.2–1.5 min]
2026-06-21 21:44:11,306 [INFO] api_clients.polymarket_client: Polymarket: loaded 1000 active markets
2026-06-21 21:44:11,908 [INFO] leo.loops: Crypto signal: 18 opps, top edge=93.5%
2026-06-21 21:44:21,584 [INFO] strategies.news_fade: NewsFade: spike up detected on 0x33eda4ee2eb48a79403501d56d8514915ab336c633765051db14238167c45b7f 55.50%->99.50%
2026-06-21 21:44:21,585 [INFO] strategies.news_fade: NewsFade: spike down detected on 0xbbac1751fe7fae7498207ddf5928a4b4c5ff5d351d6c3fbedea778ab0deda1da 10.50%->8.50%
2026-06-21 21:44:21,585 [INFO] strategies.news_fade: NewsFade: spike down detected on 0xa1b3158fedfddaf2a0d8b364f6a57ee68146fb6ad458222aa8e02bcf0abbb099 27.50%->19.00%
2026-06-21 21:44:21,586 [INFO] strategies.news_fade: NewsFade: spike down detected on 0x857771d2d91e9d22e2856ec8fc1a01ab46e2efb5a5abca685d0cd3e428974e15 74.50%->65.50%
2026-06-21 21:44:21,586 [INFO] strategies.news_fade: NewsFade: spike down detected on 0xf93d4a022239e088de83963f667b0e7de8f4e47573d39ce78185a78e5de19383 1.55%->1.00%
2026-06-21 21:44:21,586 [INFO] strategies.news_fade: NewsFade: spike up detected on 0x2e987e89d6d0c7c5e2cbbbec8488d0cb25957d09d3a6ea503811564b2c014d49 2.45%->2.70%
2026-06-21 21:44:21,586 [INFO] strategies.news_fade: NewsFade: spike up detected on 0x6bab46c35e313206c5e7b0d68334351b4278b2297662b3c4859941e5a406e417 16.50%->17.50%
2026-06-21 21:44:21,586 [INFO] strategies.news_fade: NewsFade: spike down detected on 0x3c0d9dd1dfffb4b7902c6f13302a8b21a54b4d03229564b5bb480d5bd926239f 3.00%->1.95%
2026-06-21 21:44:21,587 [INFO] leo.loops: FavoriteShort: 4 opps, top edge=4.0%
2026-06-21 21:44:26,173 [INFO] leo.loops: OracleSqueeze: 28 opps, top edge=22.5%
2026-06-21 21:44:32,026 [INFO] strategies.btc_5min: BTC5Min: 8 BTC markets found (mins-to-close: [1430.47, 1440.47, 1425.47, 1420.47, 1425.47, 1415.47, -4.53, 0.47]), 1 in entry window [0.2–1.5 min]
2026-06-21 21:44:45,529 [INFO] leo.loops: Crypto signal: 18 opps, top edge=93.5%
2026-06-21 21:44:48,218 [INFO] api_clients.polymarket_client: Polymarket: loaded 1000 active markets
2026-06-21 21:44:52,922 [INFO] strategies.btc_5min: BTC5Min: 9 BTC markets found (mins-to-close: [1430.12, 1440.12, 1425.12, 1420.12, 1425.12, 1415.12, -4.88, 0.12, 0.12]), 0 in entry window [0.2–1.5 min]
2026-06-21 21:44:58,446 [INFO] api_clients.weather_client: Weather: refreshed 13 city forecasts
2026-06-21 21:44:58,449 [INFO] leo.loops: Weather: 1 opps, top edge=16.5%
2026-06-21 21:45:14,889 [INFO] strategies.btc_5min: BTC5Min: 9 BTC markets found (mins-to-close: [1429.75, 1439.75, 1424.75, 1419.75, 1424.75, 1414.75, -5.25, -0.25, -0.25]), 0 in entry window [0.2–1.5 min]
2026-06-21 21:45:16,415 [INFO] leo.loops: Crypto signal: 19 opps, top edge=93.5%
2026-06-21 21:45:24,990 [INFO] api_clients.polymarket_client: Polymarket: loaded 1000 active markets
2026-06-21 21:45:26,177 [INFO] leo.loops: OracleSqueeze: 27 opps, top edge=22.5%
2026-06-21 21:45:36,433 [INFO] strategies.btc_5min: BTC5Min: 3 BTC markets found (mins-to-close: [1434.39, -5.61, -0.61]), 0 in entry window [0.2–1.5 min]
2026-06-21 21:45:47,115 [INFO] leo.loops: Crypto signal: 18 opps, top edge=93.5%
2026-06-21 21:45:50,126 [INFO] api_clients.forecast_client: Forecast: loaded 0 questions (0 meta, 0 manifold)
2026-06-21 21:45:57,734 [INFO] strategies.btc_5min: BTC5Min: 3 BTC markets found (mins-to-close: [1434.04, -5.96, -0.96]), 0 in entry window [0.2–1.5 min]
2026-06-21 21:46:02,219 [INFO] api_clients.polymarket_client: Polymarket: loaded 1000 active markets
2026-06-21 21:46:17,977 [INFO] leo.loops: Crypto signal: 18 opps, top edge=93.5%
2026-06-21 21:46:18,764 [INFO] strategies.btc_5min: BTC5Min: 3 BTC markets found (mins-to-close: [1433.69, -1.31, -1.31]), 0 in entry window [0.2–1.5 min]
2026-06-21 21:46:26,180 [INFO] leo.loops: OracleSqueeze: 27 opps, top edge=22.5%
2026-06-21 21:46:38,752 [INFO] api_clients.polymarket_client: Polymarket: loaded 1000 active markets
2026-06-21 21:46:40,266 [INFO] strategies.btc_5min: BTC5Min: 3 BTC markets found (mins-to-close: [1433.33, -1.67, -1.67]), 0 in entry window [0.2–1.5 min]
2026-06-21 21:46:48,800 [INFO] leo.loops: Crypto signal: 19 opps, top edge=93.5%
2026-06-21 21:47:01,509 [INFO] strategies.btc_5min: BTC5Min: 3 BTC markets found (mins-to-close: [1432.97, -2.03, -2.03]), 0 in entry window [0.2–1.5 min]
2026-06-21 21:47:15,280 [INFO] api_clients.polymarket_client: Polymarket: loaded 1000 active markets
2026-06-21 21:47:19,572 [INFO] leo.loops: Crypto signal: 19 opps, top edge=93.5%
2026-06-21 21:47:22,757 [INFO] strategies.btc_5min: BTC5Min: 4 BTC markets found (mins-to-close: [1432.62, -2.38, -2.38, 2.62]), 0 in entry window [0.2–1.5 min]
2026-06-21 21:47:26,183 [INFO] leo.loops: OracleSqueeze: 27 opps, top edge=22.5%
2026-06-21 21:47:44,584 [INFO] strategies.btc_5min: BTC5Min: 4 BTC markets found (mins-to-close: [1432.26, -2.74, -2.74, 2.26]), 0 in entry window [0.2–1.5 min]
2026-06-21 21:47:50,047 [INFO] leo.loops: Crypto signal: 19 opps, top edge=93.5%
2026-06-21 21:47:51,998 [INFO] api_clients.polymarket_client: Polymarket: loaded 1000 active markets
2026-06-21 21:48:05,879 [INFO] strategies.btc_5min: BTC5Min: 4 BTC markets found (mins-to-close: [1431.9, -3.1, -3.1, 1.9]), 0 in entry window [0.2–1.5 min]
2026-06-21 21:48:20,678 [INFO] leo.loops: Crypto signal: 18 opps, top edge=93.5%
2026-06-21 21:48:26,185 [INFO] leo.loops: OracleSqueeze: 27 opps, top edge=22.5%
2026-06-21 21:48:27,187 [INFO] strategies.btc_5min: BTC5Min: 4 BTC markets found (mins-to-close: [1431.55, -3.45, -3.45, 1.55]), 0 in entry window [0.2–1.5 min]
2026-06-21 21:48:29,632 [INFO] api_clients.polymarket_client: Polymarket: loaded 1000 active markets
2026-06-21 21:48:48,997 [INFO] strategies.btc_5min: BTC5Min: 4 BTC markets found (mins-to-close: [1431.18, -3.82, -3.82, 1.18]), 1 in entry window [0.2–1.5 min]
2026-06-21 21:48:49,933 [INFO] leo.loops: BTC5Min: 1 opps, top edge=10.5%
2026-06-21 21:48:50,828 [INFO] leo.loops: Crypto signal: 18 opps, top edge=93.5%
2026-06-21 21:49:04,405 [WARNING] api_clients.pyth_client: Pyth SSE disconnected: Response payload is not completed: <TransferEncodingError: 400, message='Not enough data to satisfy transfer length header.'>, retrying in 1s
2026-06-21 21:49:05,406 [INFO] api_clients.pyth_client: Pyth SSE: connecting…
2026-06-21 21:49:05,897 [INFO] api_clients.pyth_client: Pyth SSE: stream live
2026-06-21 21:49:06,594 [INFO] api_clients.polymarket_client: Polymarket: loaded 1000 active markets
2026-06-21 21:49:11,460 [INFO] strategies.btc_5min: BTC5Min: 4 BTC markets found (mins-to-close: [1430.81, -4.19, -4.19, 0.81]), 1 in entry window [0.2–1.5 min]
2026-06-21 21:49:11,710 [INFO] leo.loops: BTC5Min: 1 opps, top edge=23.5%
2026-06-21 21:49:21,578 [INFO] strategies.news_fade: NewsFade: spike up detected on 0x9fdcd8a473530f408112de9e3d98d4ce2a2343480949ea8c40a2095669535694 5.50%->6.50%
2026-06-21 21:49:21,579 [INFO] strategies.news_fade: NewsFade: spike down detected on 0x2486d7349af559a6d2fdcb3951eb790268825624c33f1e00d8191182b3f1e057 1.50%->0.05%
2026-06-21 21:49:21,579 [INFO] strategies.news_fade: NewsFade: spike down detected on 0xa976dcc2fac50cf13968adbee89ce1de26df0191b8480b89d418280273197f53 1.35%->1.10%
2026-06-21 21:49:21,580 [INFO] strategies.news_fade: NewsFade: spike down detected on 0xba8af64c1b08f322ca7f66f3cfdbdfd50c0eae6fc88d2fcf29c30ceb62682421 0.80%->0.75%
2026-06-21 21:49:21,580 [INFO] strategies.news_fade: NewsFade: spike up detected on 0xfee104256af3f877f1b74c6e9d3f9ed859d24891bd2a76096fd2c21a01a41936 0.35%->0.45%
2026-06-21 21:49:21,581 [INFO] leo.loops: FavoriteShort: 3 opps, top edge=4.0%
2026-06-21 21:49:21,665 [INFO] leo.loops: Crypto signal: 19 opps, top edge=93.5%
2026-06-21 21:49:26,177 [INFO] leo.loops: OracleSqueeze: 24 opps, top edge=22.5%
2026-06-21 21:49:29,912 [WARNING] api_clients.pyth_client: Pyth SSE disconnected: Response payload is not completed: <TransferEncodingError: 400, message='Not enough data to satisfy transfer length header.'>, retrying in 1s
2026-06-21 21:49:30,914 [INFO] api_clients.pyth_client: Pyth SSE: connecting…
2026-06-21 21:49:31,544 [INFO] api_clients.pyth_client: Pyth SSE: stream live
2026-06-21 21:49:32,984 [WARNING] api_clients.pyth_client: Pyth SSE disconnected: Response payload is not completed: <TransferEncodingError: 400, message='Not enough data to satisfy transfer length header.'>, retrying in 1s
2026-06-21 21:49:33,033 [INFO] strategies.btc_5min: BTC5Min: 4 BTC markets found (mins-to-close: [1430.45, -4.55, -4.55, 0.45]), 1 in entry window [0.2–1.5 min]
2026-06-21 21:49:33,293 [INFO] leo.loops: BTC5Min: 1 opps, top edge=26.7%
2026-06-21 21:49:33,985 [INFO] api_clients.pyth_client: Pyth SSE: connecting…
2026-06-21 21:49:37,470 [INFO] api_clients.pyth_client: Pyth SSE: stream live
2026-06-21 21:49:43,324 [INFO] api_clients.polymarket_client: Polymarket: loaded 1000 active markets
2026-06-21 21:49:51,952 [INFO] leo.loops: Crypto signal: 20 opps, top edge=94.0%
2026-06-21 21:49:54,064 [INFO] strategies.btc_5min: BTC5Min: 4 BTC markets found (mins-to-close: [1430.1, -4.9, 0.1, 0.1]), 0 in entry window [0.2–1.5 min]
2026-06-21 21:50:15,751 [INFO] strategies.btc_5min: BTC5Min: 4 BTC markets found (mins-to-close: [1429.74, -5.26, -0.26, -0.26]), 0 in entry window [0.2–1.5 min]
2026-06-21 21:50:20,319 [INFO] api_clients.polymarket_client: Polymarket: loaded 1000 active markets
2026-06-21 21:50:22,545 [INFO] leo.loops: Crypto signal: 21 opps, top edge=94.0%
2026-06-21 21:50:26,173 [INFO] leo.loops: OracleSqueeze: 22 opps, top edge=22.5%
2026-06-21 21:50:37,069 [INFO] strategies.btc_5min: BTC5Min: 3 BTC markets found (mins-to-close: [-5.62, -0.62, -0.62]), 0 in entry window [0.2–1.5 min]
2026-06-21 21:50:52,902 [INFO] leo.loops: Crypto signal: 21 opps, top edge=94.0%
2026-06-21 21:50:56,473 [INFO] api_clients.polymarket_client: Polymarket: loaded 1000 active markets
2026-06-21 21:50:58,387 [INFO] strategies.btc_5min: BTC5Min: 3 BTC markets found (mins-to-close: [-0.97, -0.97, -0.97]), 0 in entry window [0.2–1.5 min]
2026-06-21 21:51:15,750 [WARNING] api_clients.pyth_client: Pyth SSE disconnected: Response payload is not completed: <TransferEncodingError: 400, message='Not enough data to satisfy transfer length header.'>, retrying in 1s
2026-06-21 21:51:16,757 [INFO] api_clients.pyth_client: Pyth SSE: connecting…
2026-06-21 21:51:17,266 [INFO] api_clients.pyth_client: Pyth SSE: stream live
2026-06-21 21:51:20,197 [INFO] strategies.btc_5min: BTC5Min: 3 BTC markets found (mins-to-close: [-1.34, -1.34, -1.34]), 0 in entry window [0.2–1.5 min]
2026-06-21 21:51:22,290 [WARNING] api_clients.pyth_client: Pyth SSE disconnected: Response payload is not completed: <TransferEncodingError: 400, message='Not enough data to satisfy transfer length header.'>, retrying in 1s
2026-06-21 21:51:23,295 [INFO] api_clients.pyth_client: Pyth SSE: connecting…
2026-06-21 21:51:23,513 [INFO] leo.loops: Crypto signal: 21 opps, top edge=94.0%
2026-06-21 21:51:24,193 [INFO] api_clients.pyth_client: Pyth SSE: stream live
2026-06-21 21:51:26,176 [INFO] leo.loops: OracleSqueeze: 21 opps, top edge=22.5%
2026-06-21 21:51:33,262 [INFO] api_clients.polymarket_client: Polymarket: loaded 1000 active markets
2026-06-21 21:51:41,991 [INFO] strategies.btc_5min: BTC5Min: 3 BTC markets found (mins-to-close: [-1.7, -1.7, -1.7]), 0 in entry window [0.2–1.5 min]
2026-06-21 21:51:54,138 [INFO] leo.loops: Crypto signal: 20 opps, top edge=94.0%
2026-06-21 21:52:04,930 [INFO] strategies.btc_5min: BTC5Min: 3 BTC markets found (mins-to-close: [-2.08, -2.08, -2.08]), 0 in entry window [0.2–1.5 min]
2026-06-21 21:52:10,453 [INFO] api_clients.polymarket_client: Polymarket: loaded 1000 active markets
2026-06-21 21:52:24,761 [INFO] leo.loops: Crypto signal: 20 opps, top edge=94.0%
2026-06-21 21:52:25,954 [INFO] strategies.btc_5min: BTC5Min: 3 BTC markets found (mins-to-close: [-2.43, -2.43, 7.57]), 0 in entry window [0.2–1.5 min]
2026-06-21 21:52:26,180 [INFO] leo.loops: OracleSqueeze: 21 opps, top edge=23.0%
2026-06-21 21:52:47,005 [INFO] api_clients.polymarket_client: Polymarket: loaded 1000 active markets
2026-06-21 21:52:47,723 [INFO] strategies.btc_5min: BTC5Min: 3 BTC markets found (mins-to-close: [-2.8, -2.8, 7.2]), 0 in entry window [0.2–1.5 min]
2026-06-21 21:52:55,081 [INFO] leo.loops: Crypto signal: 20 opps, top edge=94.0%
2026-06-21 21:53:08,998 [INFO] strategies.btc_5min: BTC5Min: 3 BTC markets found (mins-to-close: [-3.15, -3.15, 6.85]), 0 in entry window [0.2–1.5 min]
2026-06-21 21:53:23,582 [INFO] api_clients.polymarket_client: Polymarket: loaded 1000 active markets
2026-06-21 21:53:25,720 [INFO] leo.loops: Crypto signal: 20 opps, top edge=94.0%
2026-06-21 21:53:26,184 [INFO] leo.loops: OracleSqueeze: 21 opps, top edge=23.0%
2026-06-21 21:53:29,997 [INFO] strategies.btc_5min: BTC5Min: 3 BTC markets found (mins-to-close: [-3.5, -3.5, 6.5]), 0 in entry window [0.2–1.5 min]
2026-06-21 21:53:52,075 [INFO] strategies.btc_5min: BTC5Min: 3 BTC markets found (mins-to-close: [-3.87, -3.87, 6.13]), 0 in entry window [0.2–1.5 min]
2026-06-21 21:53:56,041 [INFO] leo.loops: Crypto signal: 20 opps, top edge=94.0%
2026-06-21 21:54:00,309 [INFO] api_clients.polymarket_client: Polymarket: loaded 1000 active markets
2026-06-21 21:54:13,745 [INFO] strategies.btc_5min: BTC5Min: 3 BTC markets found (mins-to-close: [-4.23, -4.23, 5.77]), 0 in entry window [0.2–1.5 min]
2026-06-21 21:54:21,571 [INFO] strategies.news_fade: NewsFade: spike up detected on 0x31788dca8caf655d948d18c5cbd4446eba89a34e2cad661b1bd0de9639ce30b0 55.50%->99.50%
2026-06-21 21:54:21,573 [INFO] strategies.news_fade: NewsFade: spike down detected on 0xf008e6bf759491927d2f6546a64c7acee6afd1d7a494d3b3bce709c9e04c693e 28.50%->26.50%
2026-06-21 21:54:21,574 [INFO] strategies.news_fade: NewsFade: spike down detected on 0x4c80df6f557bb0b9de08c0301ebdce500dd9bdc58400d9269fb8fab1709ed584 7.50%->7.00%
2026-06-21 21:54:21,574 [INFO] strategies.news_fade: NewsFade: spike down detected on 0x20e78e189bd0d2826aa19c265f6f2e1f07a30ec47cfbf13419579fc0f3b79084 8.75%->8.05%
2026-06-21 21:54:21,574 [INFO] strategies.news_fade: NewsFade: spike down detected on 0xe8c4faf45974a68fa5b72d7bb52012a249357454f17235f14e310dc4bb526a99 0.80%->0.75%
2026-06-21 21:54:21,575 [INFO] strategies.news_fade: NewsFade: spike down detected on 0x632b7d45843e13ef17cbb981f7e1b7aa413357b285cd33ca5a5032ff03694c2d 1.75%->1.60%
2026-06-21 21:54:21,575 [INFO] strategies.news_fade: NewsFade: spike down detected on 0x94dd0253e537c83a3f18d8fbea680b50f2d6fa995301ef84b338646867166507 0.70%->0.60%
2026-06-21 21:54:21,577 [INFO] leo.loops: FavoriteShort: 4 opps, top edge=4.0%
2026-06-21 21:54:26,186 [INFO] leo.loops: OracleSqueeze: 21 opps, top edge=23.0%
2026-06-21 21:54:26,858 [INFO] leo.loops: Crypto signal: 18 opps, top edge=94.0%
2026-06-21 21:54:35,217 [INFO] strategies.btc_5min: BTC5Min: 3 BTC markets found (mins-to-close: [-4.59, -4.59, 5.41]), 0 in entry window [0.2–1.5 min]
2026-06-21 21:54:37,501 [INFO] api_clients.polymarket_client: Polymarket: loaded 1000 active markets
2026-06-21 21:54:57,137 [INFO] strategies.btc_5min: BTC5Min: 3 BTC markets found (mins-to-close: [-4.95, 0.05, 5.05]), 0 in entry window [0.2–1.5 min]
2026-06-21 21:54:57,209 [INFO] leo.loops: Crypto signal: 18 opps, top edge=93.8%
2026-06-21 21:55:13,939 [INFO] api_clients.polymarket_client: Polymarket: loaded 1000 active markets
2026-06-21 21:55:18,734 [INFO] strategies.btc_5min: BTC5Min: 3 BTC markets found (mins-to-close: [-5.31, -0.31, 4.69]), 0 in entry window [0.2–1.5 min]
2026-06-21 21:55:26,190 [INFO] leo.loops: OracleSqueeze: 22 opps, top edge=23.0%
2026-06-21 21:55:28,103 [INFO] leo.loops: Crypto signal: 18 opps, top edge=93.8%
2026-06-21 21:55:40,094 [INFO] strategies.btc_5min: BTC5Min: 6 BTC markets found (mins-to-close: [1434.33, 1444.33, 1429.33, -5.67, -0.67, 4.33]), 0 in entry window [0.2–1.5 min]
2026-06-21 21:55:50,751 [INFO] api_clients.polymarket_client: Polymarket: loaded 1000 active markets
2026-06-21 21:55:58,438 [INFO] leo.loops: Crypto signal: 18 opps, top edge=93.8%
2026-06-21 21:56:01,131 [INFO] strategies.btc_5min: BTC5Min: 6 BTC markets found (mins-to-close: [1433.98, 1443.98, 1428.98, -6.02, -1.02, 3.98]), 0 in entry window [0.2–1.5 min]
2026-06-21 21:56:22,975 [INFO] strategies.btc_5min: BTC5Min: 6 BTC markets found (mins-to-close: [1433.62, 1443.62, 1428.62, -6.38, -1.38, 3.62]), 0 in entry window [0.2–1.5 min]
2026-06-21 21:56:26,195 [INFO] leo.loops: OracleSqueeze: 22 opps, top edge=23.0%
2026-06-21 21:56:28,042 [INFO] api_clients.polymarket_client: Polymarket: loaded 1000 active markets
2026-06-21 21:56:29,187 [INFO] leo.loops: Crypto signal: 17 opps, top edge=93.8%
2026-06-21 21:56:44,238 [INFO] strategies.btc_5min: BTC5Min: 7 BTC markets found (mins-to-close: [1433.26, 1443.26, 1428.26, -1.74, -1.74, 3.26, 3.26]), 0 in entry window [0.2–1.5 min]
2026-06-21 21:57:02,216 [INFO] leo.loops: Crypto signal: 19 opps, top edge=93.8%
2026-06-21 21:57:04,476 [INFO] api_clients.polymarket_client: Polymarket: loaded 1000 active markets
2026-06-21 21:57:05,240 [INFO] strategies.btc_5min: BTC5Min: 6 BTC markets found (mins-to-close: [1432.91, 1442.91, 1427.91, -2.09, -2.09, 2.91]), 0 in entry window [0.2–1.5 min]
2026-06-21 21:57:26,248 [INFO] leo.loops: OracleSqueeze: 23 opps, top edge=23.0%
2026-06-21 21:57:27,349 [INFO] strategies.btc_5min: BTC5Min: 6 BTC markets found (mins-to-close: [1432.54, 1442.54, 1427.54, -2.46, -2.46, 2.54]), 0 in entry window [0.2–1.5 min]
2026-06-21 21:57:32,857 [INFO] leo.loops: Crypto signal: 15 opps, top edge=93.8%
2026-06-21 21:57:41,136 [INFO] api_clients.polymarket_client: Polymarket: loaded 1000 active markets
2026-06-21 21:57:48,608 [INFO] strategies.btc_5min: BTC5Min: 6 BTC markets found (mins-to-close: [1432.19, 1442.19, 1427.19, -2.81, -2.81, 2.19]), 0 in entry window [0.2–1.5 min]
2026-06-21 21:58:03,426 [INFO] leo.loops: Crypto signal: 15 opps, top edge=93.8%
2026-06-21 21:58:09,873 [INFO] strategies.btc_5min: BTC5Min: 6 BTC markets found (mins-to-close: [1431.84, 1441.84, 1426.84, -3.16, -3.16, 1.84]), 0 in entry window [0.2–1.5 min]
2026-06-21 21:58:17,950 [INFO] api_clients.polymarket_client: Polymarket: loaded 1000 active markets
2026-06-21 21:58:26,251 [INFO] leo.loops: OracleSqueeze: 23 opps, top edge=23.0%
2026-06-21 21:58:31,553 [INFO] strategies.btc_5min: BTC5Min: 6 BTC markets found (mins-to-close: [1431.47, 1441.47, 1426.47, -3.53, -3.53, 1.47]), 1 in entry window [0.2–1.5 min]
2026-06-21 21:58:32,465 [INFO] leo.loops: BTC5Min: 1 opps, top edge=84.5%
2026-06-21 21:58:34,039 [INFO] leo.loops: Crypto signal: 16 opps, top edge=93.8%
2026-06-21 21:58:53,973 [INFO] strategies.btc_5min: BTC5Min: 6 BTC markets found (mins-to-close: [1431.1, 1441.1, 1426.1, -3.9, -3.9, 1.1]), 1 in entry window [0.2–1.5 min]
2026-06-21 21:58:54,232 [INFO] leo.loops: BTC5Min: 1 opps, top edge=91.9%
2026-06-21 21:58:55,040 [INFO] api_clients.polymarket_client: Polymarket: loaded 1000 active markets
2026-06-21 21:59:04,360 [INFO] leo.loops: Crypto signal: 16 opps, top edge=93.8%
2026-06-21 21:59:15,152 [INFO] strategies.btc_5min: BTC5Min: 6 BTC markets found (mins-to-close: [1430.75, 1440.75, 1425.75, -4.25, -4.25, 0.75]), 1 in entry window [0.2–1.5 min]
2026-06-21 21:59:15,406 [INFO] leo.loops: BTC5Min: 1 opps, top edge=93.5%
2026-06-21 21:59:21,577 [INFO] strategies.news_fade: NewsFade: spike down detected on 0x1723b7ee4118dee6ae6be8802cb7b6e239c37d199997b20a8191e32553a5bd68 2.70%->2.50%
2026-06-21 21:59:21,578 [INFO] strategies.news_fade: NewsFade: spike up detected on 0xb196a122933da9aff6cb8b0f3764d0dc5db1859f46c0481c711521eee8524291 0.95%->1.05%
2026-06-21 21:59:21,579 [INFO] strategies.news_fade: NewsFade: spike up detected on 0x14acc04aa60c7db355f00071d615e87a5bde1b9e47391d8730ee7f5415463a4b 82.50%->96.50%
2026-06-21 21:59:21,579 [INFO] strategies.news_fade: NewsFade: spike down detected on 0xa168aef8bbd6cade133b20047b3c2def6399f3bc2dd2737ed21608f6390800c9 0.50%->0.05%
2026-06-21 21:59:21,580 [INFO] strategies.news_fade: NewsFade: spike up detected on 0x9f6b58dfb9ab181300efd0ad3cc378aabacb7c9a7d07c1ec7506b0ecdd9de41a 44.00%->49.00%
2026-06-21 21:59:21,581 [INFO] leo.loops: FavoriteShort: 4 opps, top edge=4.0%
2026-06-21 21:59:26,254 [INFO] leo.loops: OracleSqueeze: 23 opps, top edge=23.0%
2026-06-21 21:59:31,414 [INFO] api_clients.polymarket_client: Polymarket: loaded 1000 active markets
2026-06-21 21:59:35,004 [INFO] leo.loops: Crypto signal: 16 opps, top edge=94.2%
2026-06-21 21:59:35,897 [INFO] strategies.btc_5min: BTC5Min: 7 BTC markets found (mins-to-close: [1430.4, 1440.4, 1425.4, -4.6, 0.4, 0.4, 0.4]), 3 in entry window [0.2–1.5 min]
2026-06-21 21:59:36,147 [INFO] leo.loops: BTC5Min: 2 opps, top edge=93.5%
2026-06-21 21:59:57,673 [INFO] strategies.btc_5min: BTC5Min: 7 BTC markets found (mins-to-close: [1430.04, 1440.04, 1425.04, -4.96, 0.04, 0.04, 0.04]), 0 in entry window [0.2–1.5 min]
2026-06-21 22:00:05,593 [INFO] leo.loops: Crypto signal: 15 opps, top edge=94.2%
2026-06-21 22:00:08,298 [INFO] api_clients.polymarket_client: Polymarket: loaded 1000 active markets
2026-06-21 22:00:18,724 [INFO] strategies.btc_5min: BTC5Min: 7 BTC markets found (mins-to-close: [1429.69, 1439.69, 1424.69, -5.31, -0.31, -0.31, -0.31]), 0 in entry window [0.2–1.5 min]
2026-06-21 22:00:26,258 [INFO] leo.loops: OracleSqueeze: 22 opps, top edge=22.5%
2026-06-21 22:00:36,427 [INFO] leo.loops: Crypto signal: 15 opps, top edge=94.2%
2026-06-21 22:00:40,426 [INFO] strategies.btc_5min: BTC5Min: 8 BTC markets found (mins-to-close: [1434.33, 1429.33, 1439.33, 1424.33, -5.67, -0.67, -0.67, -0.67]), 0 in entry window [0.2–1.5 min]
2026-06-21 22:00:45,565 [INFO] api_clients.polymarket_client: Polymarket: loaded 1000 active markets
2026-06-21 22:00:51,098 [INFO] api_clients.forecast_client: Forecast: loaded 0 questions (0 meta, 0 manifold)
2026-06-21 22:01:02,025 [INFO] strategies.btc_5min: BTC5Min: 8 BTC markets found (mins-to-close: [1433.97, 1428.97, 1438.97, 1423.97, -6.03, -1.03, -1.03, -1.03]), 0 in entry window [0.2–1.5 min]
2026-06-21 22:01:06,746 [INFO] leo.loops: Crypto signal: 16 opps, top edge=94.2%
2026-06-21 22:01:21,883 [INFO] api_clients.polymarket_client: Polymarket: loaded 1000 active markets
2026-06-21 22:01:23,885 [INFO] strategies.btc_5min: BTC5Min: 6 BTC markets found (mins-to-close: [1433.6, 1428.6, 1438.6, 1423.6, -1.4, -1.4]), 0 in entry window [0.2–1.5 min]
2026-06-21 22:01:26,260 [INFO] leo.loops: OracleSqueeze: 24 opps, top edge=22.5%
2026-06-21 22:01:37,316 [INFO] leo.loops: Crypto signal: 16 opps, top edge=94.2%
2026-06-21 22:01:45,490 [INFO] strategies.btc_5min: BTC5Min: 6 BTC markets found (mins-to-close: [1433.24, 1428.24, 1438.24, 1423.24, -1.76, -1.76]), 0 in entry window [0.2–1.5 min]
2026-06-21 22:01:58,731 [INFO] api_clients.polymarket_client: Polymarket: loaded 1000 active markets
2026-06-21 22:02:06,501 [INFO] strategies.btc_5min: BTC5Min: 6 BTC markets found (mins-to-close: [1432.89, 1427.89, 1437.89, 1422.89, -2.11, -2.11]), 0 in entry window [0.2–1.5 min]
2026-06-21 22:02:07,874 [INFO] leo.loops: Crypto signal: 16 opps, top edge=94.2%
2026-06-21 22:02:26,264 [INFO] leo.loops: OracleSqueeze: 23 opps, top edge=22.5%
2026-06-21 22:02:28,359 [INFO] strategies.btc_5min: BTC5Min: 6 BTC markets found (mins-to-close: [1432.53, 1427.53, 1437.53, 1422.53, -2.47, -2.47]), 0 in entry window [0.2–1.5 min]
2026-06-21 22:02:32,265 [WARNING] api_clients.pyth_client: Pyth SSE disconnected: Response payload is not completed: <TransferEncodingError: 400, message='Not enough data to satisfy transfer length header.'>, retrying in 1s
2026-06-21 22:02:33,269 [INFO] api_clients.pyth_client: Pyth SSE: connecting…
2026-06-21 22:02:33,771 [INFO] api_clients.pyth_client: Pyth SSE: stream live
2026-06-21 22:02:35,385 [INFO] api_clients.polymarket_client: Polymarket: loaded 1000 active markets
2026-06-21 22:02:38,436 [INFO] leo.loops: Crypto signal: 17 opps, top edge=94.2%
2026-06-21 22:02:49,363 [INFO] strategies.btc_5min: BTC5Min: 6 BTC markets found (mins-to-close: [1432.18, 1427.18, 1437.18, 1422.18, -2.82, -2.82]), 0 in entry window [0.2–1.5 min]
2026-06-21 22:02:58,030 [WARNING] api_clients.pyth_client: Pyth SSE disconnected: Response payload is not completed: <TransferEncodingError: 400, message='Not enough data to satisfy transfer length header.'>, retrying in 1s
2026-06-21 22:02:59,032 [INFO] api_clients.pyth_client: Pyth SSE: connecting…
2026-06-21 22:03:00,863 [INFO] api_clients.pyth_client: Pyth SSE: stream live
2026-06-21 22:03:08,778 [INFO] leo.loops: Crypto signal: 16 opps, top edge=94.2%
2026-06-21 22:03:10,355 [INFO] strategies.btc_5min: BTC5Min: 6 BTC markets found (mins-to-close: [1431.83, 1426.83, 1436.83, 1421.83, -3.17, -3.17]), 0 in entry window [0.2–1.5 min]
2026-06-21 22:03:12,488 [INFO] api_clients.polymarket_client: Polymarket: loaded 1000 active markets
2026-06-21 22:03:26,268 [INFO] leo.loops: OracleSqueeze: 23 opps, top edge=22.5%
2026-06-21 22:03:32,474 [INFO] strategies.btc_5min: BTC5Min: 6 BTC markets found (mins-to-close: [1431.46, 1426.46, 1436.46, 1421.46, -3.54, -3.54]), 0 in entry window [0.2–1.5 min]
2026-06-21 22:03:39,359 [INFO] leo.loops: Crypto signal: 16 opps, top edge=94.2%
2026-06-21 22:03:48,887 [INFO] api_clients.polymarket_client: Polymarket: loaded 1000 active markets
2026-06-21 22:03:53,483 [INFO] strategies.btc_5min: BTC5Min: 6 BTC markets found (mins-to-close: [1431.11, 1426.11, 1436.11, 1421.11, -3.89, -3.89]), 0 in entry window [0.2–1.5 min]
2026-06-21 22:04:09,922 [INFO] leo.loops: Crypto signal: 16 opps, top edge=94.2%
2026-06-21 22:04:14,763 [INFO] strategies.btc_5min: BTC5Min: 6 BTC markets found (mins-to-close: [1430.75, 1425.75, 1435.75, 1420.75, -4.25, -4.25]), 0 in entry window [0.2–1.5 min]
2026-06-21 22:04:21,579 [INFO] strategies.news_fade: NewsFade: spike up detected on 0x96b3985a648e790f3a6bcdf544f92fe490c29944f06711a2fae35cfb3760e5a3 0.20%->0.25%
2026-06-21 22:04:21,580 [INFO] strategies.news_fade: NewsFade: spike down detected on 0x0fc751446629fdf52b5ce3f816a52d443dafe0e6dc68a4001ec14bdb38fb39d5 67.35%->52.40%
2026-06-21 22:04:21,580 [INFO] strategies.news_fade: NewsFade: spike up detected on 0xa65e9c75c4ad990e97e598f4c279887da5d51e0dddb781fcca0691c1c2798d9e 0.25%->0.30%
2026-06-21 22:04:21,581 [INFO] strategies.news_fade: NewsFade: spike up detected on 0x3984132d5d0c5be60bc0ad1dff63e44197b5f39a6135329490a0a75c0a372f06 23.50%->25.50%
2026-06-21 22:04:21,583 [INFO] leo.loops: FavoriteShort: 4 opps, top edge=4.0%
2026-06-21 22:04:25,672 [INFO] api_clients.polymarket_client: Polymarket: loaded 1000 active markets
2026-06-21 22:04:26,272 [INFO] leo.loops: OracleSqueeze: 20 opps, top edge=22.5%
2026-06-21 22:04:36,457 [INFO] strategies.btc_5min: BTC5Min: 5 BTC markets found (mins-to-close: [1430.39, 1425.39, 1435.39, 1420.39, 0.39]), 1 in entry window [0.2–1.5 min]
2026-06-21 22:04:37,184 [INFO] leo.loops: BTC5Min: 1 opps, top edge=4.3%
2026-06-21 22:04:40,812 [INFO] leo.loops: Crypto signal: 15 opps, top edge=94.5%
2026-06-21 22:04:58,444 [INFO] strategies.btc_5min: BTC5Min: 5 BTC markets found (mins-to-close: [1430.03, 1425.03, 1435.03, 1420.03, 0.03]), 0 in entry window [0.2–1.5 min]
2026-06-21 22:05:02,784 [INFO] api_clients.polymarket_client: Polymarket: loaded 1000 active markets
2026-06-21 22:05:05,807 [WARNING] api_clients.binance_client: Coinbase candle fetch failed (ETHUSDT): 
2026-06-21 22:05:11,393 [INFO] leo.loops: Crypto signal: 16 opps, top edge=94.5%
2026-06-21 22:05:19,628 [INFO] strategies.btc_5min: BTC5Min: 5 BTC markets found (mins-to-close: [1429.67, 1424.67, 1434.67, 1419.67, -0.33]), 0 in entry window [0.2–1.5 min]
2026-06-21 22:05:26,197 [INFO] leo.loops: OracleSqueeze: 20 opps, top edge=22.5%
2026-06-21 22:05:39,281 [INFO] api_clients.polymarket_client: Polymarket: loaded 1000 active markets
2026-06-21 22:05:41,556 [INFO] strategies.btc_5min: BTC5Min: 6 BTC markets found (mins-to-close: [1434.31, 1429.31, 1424.31, 1434.31, 1419.31, -0.69]), 0 in entry window [0.2–1.5 min]
2026-06-21 22:05:41,904 [INFO] leo.loops: Crypto signal: 16 opps, top edge=94.5%
2026-06-21 22:06:03,348 [INFO] strategies.btc_5min: BTC5Min: 6 BTC markets found (mins-to-close: [1433.94, 1428.94, 1423.94, 1433.94, 1418.94, -1.06]), 0 in entry window [0.2–1.5 min]
2026-06-21 22:06:12,529 [INFO] leo.loops: Crypto signal: 16 opps, top edge=94.5%
2026-06-21 22:06:16,025 [INFO] api_clients.polymarket_client: Polymarket: loaded 1000 active markets
2026-06-21 22:06:24,657 [INFO] strategies.btc_5min: BTC5Min: 7 BTC markets found (mins-to-close: [1433.59, 1428.59, 1423.59, 1433.59, 1418.59, -1.41, -1.41]), 0 in entry window [0.2–1.5 min]
2026-06-21 22:06:26,200 [INFO] leo.loops: OracleSqueeze: 19 opps, top edge=21.0%
2026-06-21 22:06:43,351 [INFO] leo.loops: Crypto signal: 15 opps, top edge=94.5%
2026-06-21 22:06:46,260 [INFO] strategies.btc_5min: BTC5Min: 7 BTC markets found (mins-to-close: [1433.23, 1428.23, 1423.23, 1433.23, 1418.23, -1.77, -1.77]), 0 in entry window [0.2–1.5 min]
2026-06-21 22:06:52,938 [INFO] api_clients.polymarket_client: Polymarket: loaded 1000 active markets
2026-06-21 22:07:07,577 [INFO] strategies.btc_5min: BTC5Min: 8 BTC markets found (mins-to-close: [1432.87, 1427.87, 1422.87, 1432.87, 1417.87, -2.13, -2.13, 2.87]), 0 in entry window [0.2–1.5 min]
2026-06-21 22:07:13,723 [INFO] leo.loops: Crypto signal: 15 opps, top edge=94.5%
2026-06-21 22:07:26,203 [INFO] leo.loops: OracleSqueeze: 17 opps, top edge=21.0%
2026-06-21 22:07:28,869 [INFO] strategies.btc_5min: BTC5Min: 8 BTC markets found (mins-to-close: [1432.52, 1427.52, 1422.52, 1432.52, 1417.52, -2.48, -2.48, 2.52]), 0 in entry window [0.2–1.5 min]
2026-06-21 22:07:30,018 [INFO] api_clients.polymarket_client: Polymarket: loaded 1000 active markets
2026-06-21 22:07:44,385 [INFO] leo.loops: Crypto signal: 15 opps, top edge=94.5%
2026-06-21 22:07:50,158 [INFO] strategies.btc_5min: BTC5Min: 8 BTC markets found (mins-to-close: [1432.16, 1427.16, 1422.16, 1432.16, 1417.16, -2.84, -2.84, 2.16]), 0 in entry window [0.2–1.5 min]
2026-06-21 22:08:07,916 [INFO] api_clients.polymarket_client: Polymarket: loaded 1000 active markets
2026-06-21 22:08:11,544 [INFO] strategies.btc_5min: BTC5Min: 8 BTC markets found (mins-to-close: [1431.81, 1426.81, 1421.81, 1431.81, 1416.81, -3.19, -3.19, 1.81]), 0 in entry window [0.2–1.5 min]
2026-06-21 22:08:14,714 [INFO] leo.loops: Crypto signal: 15 opps, top edge=94.5%
2026-06-21 22:08:26,214 [INFO] leo.loops: OracleSqueeze: 17 opps, top edge=21.0%
2026-06-21 22:08:33,569 [INFO] strategies.btc_5min: BTC5Min: 8 BTC markets found (mins-to-close: [1431.44, 1426.44, 1421.44, 1431.44, 1416.44, -3.56, -3.56, 1.44]), 1 in entry window [0.2–1.5 min]
2026-06-21 22:08:43,928 [INFO] api_clients.polymarket_client: Polymarket: loaded 1000 active markets
2026-06-21 22:08:45,295 [INFO] leo.loops: Crypto signal: 15 opps, top edge=94.5%
2026-06-21 22:08:55,378 [INFO] strategies.btc_5min: BTC5Min: 8 BTC markets found (mins-to-close: [1431.08, 1426.08, 1421.08, 1431.08, 1416.08, -3.92, -3.92, 1.08]), 1 in entry window [0.2–1.5 min]
2026-06-21 22:08:55,627 [INFO] leo.loops: BTC5Min: 1 opps, top edge=19.8%
2026-06-21 22:09:13,725 [WARNING] api_clients.binance_client: Coinbase candle fetch failed (ETHUSDT): 
2026-06-21 22:09:13,728 [WARNING] api_clients.binance_client: Coinbase candle fetch failed (SOLUSDT): 
2026-06-21 22:09:13,729 [WARNING] api_clients.binance_client: Coinbase snapshot fetch failed (ETHUSDT): 
2026-06-21 22:09:16,062 [INFO] leo.loops: Crypto signal: 15 opps, top edge=94.5%
2026-06-21 22:09:16,265 [INFO] strategies.btc_5min: BTC5Min: 8 BTC markets found (mins-to-close: [1430.73, 1425.73, 1420.73, 1430.73, 1415.73, -4.27, -4.27, 0.73]), 1 in entry window [0.2–1.5 min]
2026-06-21 22:09:16,519 [INFO] leo.loops: BTC5Min: 1 opps, top edge=28.8%
2026-06-21 22:09:21,301 [INFO] api_clients.polymarket_client: Polymarket: loaded 1000 active markets
2026-06-21 22:09:21,501 [INFO] strategies.news_fade: NewsFade: spike down detected on 0x73b3d2eee243a7f5438e12b72e2f33da013b0f3963302ee62bbc9198df121515 13.50%->12.50%
2026-06-21 22:09:21,502 [INFO] strategies.news_fade: NewsFade: spike up detected on 0xa61700026c9208cdfaf356fce8de01f1108855d45b27b0d79c0516562d23ee77 0.40%->0.45%
2026-06-21 22:09:21,502 [INFO] strategies.news_fade: NewsFade: spike down detected on 0x0cb2ec02d56d1dfdac788428b40a0e6ffcc0476c02602b21db91688cf74516e6 5.80%->5.40%
2026-06-21 22:09:21,502 [INFO] strategies.news_fade: NewsFade: spike down detected on 0xc4c5d3fa06ad4df64a719c8f28a088dd965c2c0c46477f4edcd1ba138c7a8b81 0.75%->0.60%
2026-06-21 22:09:21,503 [INFO] strategies.news_fade: NewsFade: spike up detected on 0x2fdc1cee22a91ab0a95ecf278af86d9181411d083332ed0b5417309981096138 3.15%->3.65%
2026-06-21 22:09:21,504 [INFO] strategies.news_fade: NewsFade: spike up detected on 0x71e764031977beef0ad0678fc53663c7dc467051350eba803a42dd26d038a344 58.00%->66.00%
2026-06-21 22:09:21,505 [INFO] leo.loops: FavoriteShort: 4 opps, top edge=4.0%
2026-06-21 22:09:22,804 [INFO] leo.loops: OFI: 1 opps, top edge=4.2%
2026-06-21 22:09:26,218 [INFO] leo.loops: OracleSqueeze: 16 opps, top edge=22.5%
2026-06-21 22:09:38,123 [INFO] strategies.btc_5min: BTC5Min: 8 BTC markets found (mins-to-close: [1430.36, 1425.36, 1420.36, 1430.36, 1415.36, -4.64, 0.36, 0.36]), 2 in entry window [0.2–1.5 min]
2026-06-21 22:09:38,382 [INFO] leo.loops: BTC5Min: 2 opps, top edge=37.8%
2026-06-21 22:09:46,640 [INFO] leo.loops: Crypto signal: 15 opps, top edge=94.5%
2026-06-21 22:09:57,570 [INFO] api_clients.polymarket_client: Polymarket: loaded 1000 active markets
2026-06-21 22:09:59,139 [INFO] strategies.btc_5min: BTC5Min: 8 BTC markets found (mins-to-close: [1430.01, 1425.01, 1420.01, 1430.01, 1415.01, -4.99, 0.01, 0.01]), 0 in entry window [0.2–1.5 min]
2026-06-21 22:10:17,241 [INFO] leo.loops: Crypto signal: 15 opps, top edge=94.5%
2026-06-21 22:10:20,282 [INFO] strategies.btc_5min: BTC5Min: 8 BTC markets found (mins-to-close: [1429.66, 1424.66, 1419.66, 1429.66, 1414.66, -5.34, -0.34, -0.34]), 0 in entry window [0.2–1.5 min]
2026-06-21 22:10:26,220 [INFO] leo.loops: OracleSqueeze: 16 opps, top edge=22.5%
2026-06-21 22:10:34,465 [INFO] api_clients.polymarket_client: Polymarket: loaded 1000 active markets
2026-06-21 22:10:42,219 [INFO] strategies.btc_5min: BTC5Min: 10 BTC markets found (mins-to-close: [1444.3, 1434.3, 1429.3, 1424.3, 1419.3, 1429.3, 1414.3, -5.7, -0.7, -0.7]), 0 in entry window [0.2–1.5 min]
2026-06-21 22:10:47,987 [INFO] leo.loops: Crypto signal: 15 opps, top edge=94.5%
2026-06-21 22:11:03,507 [INFO] strategies.btc_5min: BTC5Min: 10 BTC markets found (mins-to-close: [1443.94, 1433.94, 1428.94, 1423.94, 1418.94, 1428.94, 1413.94, -6.06, -1.06, -1.06]), 0 in entry window [0.2–1.5 min]
2026-06-21 22:11:11,312 [INFO] api_clients.polymarket_client: Polymarket: loaded 1000 active markets
2026-06-21 22:11:18,318 [INFO] leo.loops: Crypto signal: 15 opps, top edge=94.5%
2026-06-21 22:11:24,855 [INFO] strategies.btc_5min: BTC5Min: 11 BTC markets found (mins-to-close: [1443.59, 1433.59, 1428.59, 1423.59, 1418.59, 1428.59, 1413.59, -1.41, -1.41, 3.59, -1.41]), 0 in entry window [0.2–1.5 min]
2026-06-21 22:11:26,224 [INFO] leo.loops: OracleSqueeze: 15 opps, top edge=22.5%
2026-06-21 22:11:46,385 [INFO] strategies.btc_5min: BTC5Min: 11 BTC markets found (mins-to-close: [1443.23, 1433.23, 1428.23, 1423.23, 1418.23, 1428.23, 1413.23, -1.77, -1.77, 3.23, -1.77]), 0 in entry window [0.2–1.5 min]
2026-06-21 22:11:48,664 [INFO] api_clients.polymarket_client: Polymarket: loaded 1000 active markets
2026-06-21 22:11:48,951 [INFO] leo.loops: Crypto signal: 15 opps, top edge=94.5%
2026-06-21 22:12:08,188 [INFO] strategies.btc_5min: BTC5Min: 10 BTC markets found (mins-to-close: [1442.86, 1432.86, 1427.86, 1422.86, 1417.86, 1427.86, 1412.86, -2.14, -2.14, 2.86]), 0 in entry window [0.2–1.5 min]
2026-06-21 22:12:19,515 [INFO] leo.loops: Crypto signal: 15 opps, top edge=94.5%
2026-06-21 22:12:24,780 [INFO] api_clients.polymarket_client: Polymarket: loaded 1000 active markets
2026-06-21 22:12:26,229 [INFO] leo.loops: OracleSqueeze: 16 opps, top edge=22.5%
2026-06-21 22:12:29,530 [INFO] strategies.btc_5min: BTC5Min: 10 BTC markets found (mins-to-close: [1442.51, 1432.51, 1427.51, 1422.51, 1417.51, 1427.51, 1412.51, -2.49, -2.49, 2.51]), 0 in entry window [0.2–1.5 min]
2026-06-21 22:12:50,112 [INFO] leo.loops: Crypto signal: 15 opps, top edge=94.5%
2026-06-21 22:12:50,780 [INFO] strategies.btc_5min: BTC5Min: 10 BTC markets found (mins-to-close: [1442.15, 1432.15, 1427.15, 1422.15, 1417.15, 1427.15, 1412.15, -2.85, -2.85, 2.15]), 0 in entry window [0.2–1.5 min]
2026-06-21 22:13:01,625 [INFO] api_clients.polymarket_client: Polymarket: loaded 1000 active markets
2026-06-21 22:13:12,285 [INFO] strategies.btc_5min: BTC5Min: 10 BTC markets found (mins-to-close: [1441.8, 1431.8, 1426.8, 1421.8, 1416.8, 1426.8, 1411.8, -3.2, -3.2, 1.8]), 0 in entry window [0.2–1.5 min]
2026-06-21 22:13:20,681 [INFO] leo.loops: Crypto signal: 15 opps, top edge=94.5%
2026-06-21 22:13:26,234 [INFO] leo.loops: OracleSqueeze: 16 opps, top edge=22.5%
2026-06-21 22:13:33,564 [INFO] strategies.btc_5min: BTC5Min: 10 BTC markets found (mins-to-close: [1441.44, 1431.44, 1426.44, 1421.44, 1416.44, 1426.44, 1411.44, -3.56, -3.56, 1.44]), 1 in entry window [0.2–1.5 min]
2026-06-21 22:13:34,494 [INFO] leo.loops: BTC5Min: 1 opps, top edge=56.1%
2026-06-21 22:13:38,861 [INFO] api_clients.polymarket_client: Polymarket: loaded 1000 active markets
2026-06-21 22:13:51,263 [INFO] leo.loops: Crypto signal: 15 opps, top edge=94.5%
2026-06-21 22:13:55,821 [INFO] strategies.btc_5min: BTC5Min: 10 BTC markets found (mins-to-close: [1441.07, 1431.07, 1426.07, 1421.07, 1416.07, 1426.07, 1411.07, -3.93, -3.93, 1.07]), 1 in entry window [0.2–1.5 min]
2026-06-21 22:13:56,074 [INFO] leo.loops: BTC5Min: 1 opps, top edge=51.6%
2026-06-21 22:14:15,113 [INFO] api_clients.polymarket_client: Polymarket: loaded 1000 active markets
2026-06-21 22:14:16,886 [INFO] strategies.btc_5min: BTC5Min: 9 BTC markets found (mins-to-close: [1440.72, 1430.72, 1425.72, 1420.72, 1415.72, 1425.72, 1410.72, -4.28, 0.72]), 1 in entry window [0.2–1.5 min]
2026-06-21 22:14:17,136 [INFO] leo.loops: BTC5Min: 1 opps, top edge=54.2%
2026-06-21 22:14:21,501 [INFO] strategies.news_fade: NewsFade: spike down detected on 0x9586c8a756737566608c7821cbb4eccd165a02f64502e7302bf14b13063e5e86 2.85%->2.25%
2026-06-21 22:14:21,502 [INFO] strategies.news_fade: NewsFade: spike down detected on 0x698143235e293a095f7563f2b3a18c23687d6b1e9349ca84c0ee54d769c9a2bc 45.50%->0.50%
2026-06-21 22:14:21,502 [INFO] strategies.news_fade: NewsFade: spike up detected on 0x05b00b6740784aeb0628e9a3cde308a9b70fa3616a55508c569ec9717dee1a91 5.15%->8.55%
2026-06-21 22:14:21,503 [INFO] strategies.news_fade: NewsFade: spike down detected on 0x52c129f04e0b0a6f8a41c65f2b161377bf60c73826515a47895e28fd640baa50 0.55%->0.05%
2026-06-21 22:14:21,504 [INFO] strategies.news_fade: NewsFade: spike down detected on 0x2075b63693f90a2d0fbcf64f965488e1c20063ed0e4a92a27f3e4f73bf03e4e3 43.50%->36.50%
2026-06-21 22:14:21,504 [INFO] strategies.news_fade: NewsFade: spike down detected on 0xaf19eaa6da9d74ff11150c587c5d9153254a5e337cb377dbeb638ed0a5fbfefe 10.90%->9.05%
2026-06-21 22:14:21,504 [INFO] strategies.news_fade: NewsFade: spike up detected on 0xa668e224556c81ec20c8571303d2e946446728307908d7e357cddd0bb709d919 0.05%->0.40%
2026-06-21 22:14:21,505 [INFO] leo.loops: FavoriteShort: 4 opps, top edge=4.0%
2026-06-21 22:14:21,582 [INFO] leo.loops: Crypto signal: 15 opps, top edge=94.8%
2026-06-21 22:14:26,235 [INFO] leo.loops: OracleSqueeze: 17 opps, top edge=22.5%
2026-06-21 22:14:38,945 [INFO] strategies.btc_5min: BTC5Min: 9 BTC markets found (mins-to-close: [1440.35, 1430.35, 1425.35, 1420.35, 1415.35, 1425.35, 1410.35, -4.65, 0.35]), 1 in entry window [0.2–1.5 min]
2026-06-21 22:14:39,197 [INFO] leo.loops: BTC5Min: 1 opps, top edge=79.9%
2026-06-21 22:14:51,859 [INFO] api_clients.polymarket_client: Polymarket: loaded 1000 active markets
2026-06-21 22:14:52,173 [INFO] leo.loops: Crypto signal: 15 opps, top edge=94.8%
2026-06-21 22:14:59,174 [INFO] api_clients.weather_client: Weather: refreshed 13 city forecasts
2026-06-21 22:14:59,176 [INFO] leo.loops: Weather: 1 opps, top edge=16.0%
2026-06-21 22:15:00,187 [INFO] strategies.btc_5min: BTC5Min: 10 BTC markets found (mins-to-close: [1440.0, 1430.0, 1425.0, 1420.0, 1415.0, 1425.0, 1410.0, -5.0, -0.0, -0.0]), 0 in entry window [0.2–1.5 min]
2026-06-21 22:15:21,795 [INFO] strategies.btc_5min: BTC5Min: 10 BTC markets found (mins-to-close: [1439.64, 1429.64, 1424.64, 1419.64, 1414.64, 1424.64, 1409.64, -5.36, -0.36, -0.36]), 0 in entry window [0.2–1.5 min]
2026-06-21 22:15:22,776 [INFO] leo.loops: Crypto signal: 15 opps, top edge=94.8%
2026-06-21 22:15:26,236 [INFO] leo.loops: OracleSqueeze: 17 opps, top edge=22.5%
2026-06-21 22:15:28,652 [INFO] api_clients.polymarket_client: Polymarket: loaded 1000 active markets
2026-06-21 22:15:43,374 [INFO] strategies.btc_5min: BTC5Min: 10 BTC markets found (mins-to-close: [1434.28, 1439.28, 1429.28, 1424.28, 1419.28, 1414.28, 1424.28, -5.72, -0.72, -0.72]), 0 in entry window [0.2–1.5 min]
2026-06-21 22:15:52,018 [INFO] api_clients.forecast_client: Forecast: loaded 0 questions (0 meta, 0 manifold)
2026-06-21 22:15:53,342 [INFO] leo.loops: Crypto signal: 15 opps, top edge=94.8%
2026-06-21 22:16:04,658 [INFO] strategies.btc_5min: BTC5Min: 10 BTC markets found (mins-to-close: [1433.92, 1438.92, 1428.92, 1423.92, 1418.92, 1413.92, 1423.92, -6.08, -1.08, -1.08]), 0 in entry window [0.2–1.5 min]
2026-06-21 22:16:05,878 [INFO] api_clients.polymarket_client: Polymarket: loaded 1000 active markets
2026-06-21 22:16:23,653 [INFO] leo.loops: Crypto signal: 15 opps, top edge=94.8%
2026-06-21 22:16:26,238 [INFO] leo.loops: OracleSqueeze: 13 opps, top edge=22.5%
2026-06-21 22:16:26,297 [INFO] strategies.btc_5min: BTC5Min: 9 BTC markets found (mins-to-close: [1433.56, 1438.56, 1428.56, 1423.56, 1418.56, 1413.56, 1423.56, -1.44, -1.44]), 0 in entry window [0.2–1.5 min]
2026-06-21 22:16:42,432 [INFO] api_clients.polymarket_client: Polymarket: loaded 1000 active markets
2026-06-21 22:16:47,707 [INFO] strategies.btc_5min: BTC5Min: 9 BTC markets found (mins-to-close: [1433.2, 1438.2, 1428.2, 1423.2, 1418.2, 1413.2, 1423.2, -1.8, 3.2]), 0 in entry window [0.2–1.5 min]
2026-06-21 22:16:54,237 [INFO] leo.loops: Crypto signal: 15 opps, top edge=94.8%
2026-06-21 22:17:04,471 [WARNING] api_clients.pyth_client: Pyth SSE disconnected: Response payload is not completed: <TransferEncodingError: 400, message='Not enough data to satisfy transfer length header.'>, retrying in 1s
2026-06-21 22:17:05,474 [INFO] api_clients.pyth_client: Pyth SSE: connecting…
2026-06-21 22:17:06,066 [INFO] api_clients.pyth_client: Pyth SSE: stream live
2026-06-21 22:17:07,678 [WARNING] api_clients.pyth_client: Pyth SSE disconnected: Response payload is not completed: <TransferEncodingError: 400, message='Not enough data to satisfy transfer length header.'>, retrying in 1s
2026-06-21 22:17:08,679 [INFO] api_clients.pyth_client: Pyth SSE: connecting…
2026-06-21 22:17:08,964 [INFO] strategies.btc_5min: BTC5Min: 9 BTC markets found (mins-to-close: [1432.85, 1437.85, 1427.85, 1422.85, 1417.85, 1412.85, 1422.85, -2.15, 2.85]), 0 in entry window [0.2–1.5 min]
2026-06-21 22:17:09,338 [INFO] api_clients.pyth_client: Pyth SSE: stream live
2026-06-21 22:17:19,063 [INFO] api_clients.polymarket_client: Polymarket: loaded 1000 active markets
2026-06-21 22:17:24,861 [INFO] leo.loops: Crypto signal: 15 opps, top edge=94.8%
2026-06-21 22:17:26,238 [INFO] leo.loops: OracleSqueeze: 12 opps, top edge=22.5%
2026-06-21 22:17:29,984 [INFO] strategies.btc_5min: BTC5Min: 9 BTC markets found (mins-to-close: [1432.5, 1437.5, 1427.5, 1422.5, 1417.5, 1412.5, 1422.5, -2.5, 2.5]), 0 in entry window [0.2–1.5 min]
2026-06-21 22:17:51,610 [INFO] strategies.btc_5min: BTC5Min: 9 BTC markets found (mins-to-close: [1432.14, 1437.14, 1427.14, 1422.14, 1417.14, 1412.14, 1422.14, -2.86, 2.14]), 0 in entry window [0.2–1.5 min]
2026-06-21 22:17:55,785 [INFO] leo.loops: Crypto signal: 15 opps, top edge=94.8%
2026-06-21 22:17:56,734 [INFO] api_clients.polymarket_client: Polymarket: loaded 1000 active markets
2026-06-21 22:18:13,789 [INFO] strategies.btc_5min: BTC5Min: 9 BTC markets found (mins-to-close: [1431.77, 1436.77, 1426.77, 1421.77, 1416.77, 1411.77, 1421.77, -3.23, 1.77]), 0 in entry window [0.2–1.5 min]
2026-06-21 22:18:26,106 [INFO] leo.loops: Crypto signal: 15 opps, top edge=94.8%
2026-06-21 22:18:26,240 [INFO] leo.loops: OracleSqueeze: 12 opps, top edge=22.5%
2026-06-21 22:18:32,496 [INFO] api_clients.polymarket_client: Polymarket: loaded 1000 active markets
2026-06-21 22:18:34,768 [INFO] strategies.btc_5min: BTC5Min: 9 BTC markets found (mins-to-close: [1431.42, 1436.42, 1426.42, 1421.42, 1416.42, 1411.42, 1421.42, -3.58, 1.42]), 1 in entry window [0.2–1.5 min]
2026-06-21 22:18:35,501 [INFO] leo.loops: BTC5Min: 1 opps, top edge=32.1%
2026-06-21 22:18:56,676 [INFO] leo.loops: Crypto signal: 15 opps, top edge=94.8%
2026-06-21 22:18:57,240 [INFO] strategies.btc_5min: BTC5Min: 9 BTC markets found (mins-to-close: [1431.05, 1436.05, 1426.05, 1421.05, 1416.05, 1411.05, 1421.05, -3.95, 1.05]), 1 in entry window [0.2–1.5 min]
2026-06-21 22:18:57,489 [INFO] leo.loops: BTC5Min: 1 opps, top edge=39.0%
2026-06-21 22:19:09,290 [INFO] api_clients.polymarket_client: Polymarket: loaded 1000 active markets
2026-06-21 22:19:19,125 [INFO] strategies.btc_5min: BTC5Min: 9 BTC markets found (mins-to-close: [1430.68, 1435.68, 1425.68, 1420.68, 1415.68, 1410.68, 1420.68, -4.32, 0.68]), 1 in entry window [0.2–1.5 min]
2026-06-21 22:19:19,373 [INFO] leo.loops: BTC5Min: 1 opps, top edge=37.7%
2026-06-21 22:19:21,500 [INFO] strategies.news_fade: NewsFade: spike up detected on 0x9d3f02264a94bafc676afd7add8b11442e6ec72dabaa69cefef835f0672275c7 3.40%->3.85%
2026-06-21 22:19:21,500 [INFO] strategies.news_fade: NewsFade: spike up detected on 0x2cd24d17f5680dc6e7b7d67c712a223ae85550745597e81bd2d2b8d073443951 0.55%->0.65%
2026-06-21 22:19:21,501 [INFO] strategies.news_fade: NewsFade: spike down detected on 0xa80c60c7d6bc7e5beb94f095e2ad56afc96e54bd267395ccaf61ee89168821fd 0.25%->0.20%
2026-06-21 22:19:21,501 [INFO] strategies.news_fade: NewsFade: spike down detected on 0x8a743d2c48a6ffc5763e2209d4cf1053ccbae1a6eb80cc33bd702a3fe4b10156 0.70%->0.65%
2026-06-21 22:19:21,501 [INFO] strategies.news_fade: NewsFade: spike up detected on 0xab34da411ff12ee1660a45b2fe3166a8bf726d0d3f5b491ec60d45e32d8207e9 0.10%->0.25%
2026-06-21 22:19:21,504 [INFO] leo.loops: FavoriteShort: 4 opps, top edge=4.0%
2026-06-21 22:19:25,023 [INFO] leo.loops: OFI: 1 opps, top edge=35.2%
2026-06-21 22:19:26,243 [INFO] leo.loops: OracleSqueeze: 9 opps, top edge=22.0%
2026-06-21 22:19:27,240 [INFO] leo.loops: Crypto signal: 15 opps, top edge=94.8%
2026-06-21 22:19:40,748 [INFO] strategies.btc_5min: BTC5Min: 9 BTC markets found (mins-to-close: [1430.32, 1435.32, 1425.32, 1420.32, 1415.32, 1410.32, 1420.32, -4.68, 0.32]), 1 in entry window [0.2–1.5 min]
2026-06-21 22:19:41,019 [INFO] leo.loops: BTC5Min: 1 opps, top edge=40.5%
2026-06-21 22:19:46,203 [INFO] api_clients.polymarket_client: Polymarket: loaded 1000 active markets
2026-06-21 22:19:58,071 [INFO] leo.loops: Crypto signal: 15 opps, top edge=94.8%
2026-06-21 22:20:02,061 [INFO] strategies.btc_5min: BTC5Min: 9 BTC markets found (mins-to-close: [1429.97, 1434.97, 1424.97, 1419.97, 1414.97, 1409.97, 1419.97, -0.03, -0.03]), 0 in entry window [0.2–1.5 min]
2026-06-21 22:20:23,389 [INFO] strategies.btc_5min: BTC5Min: 10 BTC markets found (mins-to-close: [1434.61, 1429.61, 1434.61, 1424.61, 1419.61, 1414.61, 1409.61, 1419.61, -0.39, -0.39]), 0 in entry window [0.2–1.5 min]
2026-06-21 22:20:23,413 [INFO] api_clients.polymarket_client: Polymarket: loaded 1000 active markets
2026-06-21 22:20:26,246 [INFO] leo.loops: OracleSqueeze: 11 opps, top edge=22.0%
2026-06-21 22:20:28,915 [INFO] leo.loops: Crypto signal: 15 opps, top edge=94.8%
2026-06-21 22:20:45,824 [INFO] strategies.btc_5min: BTC5Min: 10 BTC markets found (mins-to-close: [1434.24, 1429.24, 1434.24, 1424.24, 1419.24, 1414.24, 1409.24, 1419.24, -0.76, -0.76]), 0 in entry window [0.2–1.5 min]
2026-06-21 22:20:59,731 [INFO] api_clients.polymarket_client: Polymarket: loaded 1000 active markets
2026-06-21 22:20:59,808 [INFO] leo.loops: Crypto signal: 16 opps, top edge=94.8%
2026-06-21 22:21:06,816 [INFO] strategies.btc_5min: BTC5Min: 11 BTC markets found (mins-to-close: [1433.89, 1428.89, 1433.89, 1423.89, 1418.89, 1413.89, 1408.89, 1418.89, -1.11, -1.11, -1.11]), 0 in entry window [0.2–1.5 min]
2026-06-21 22:21:25,255 [INFO] leo.loops: OFI: 4 opps, top edge=38.2%
2026-06-21 22:21:26,275 [INFO] leo.loops: OracleSqueeze: 12 opps, top edge=22.0%
2026-06-21 22:21:28,408 [INFO] strategies.btc_5min: BTC5Min: 11 BTC markets found (mins-to-close: [1433.53, 1428.53, 1433.53, 1423.53, 1418.53, 1413.53, 1408.53, 1418.53, -1.47, -1.47, -1.47]), 0 in entry window [0.2–1.5 min]
2026-06-21 22:21:30,659 [INFO] leo.loops: Crypto signal: 16 opps, top edge=94.8%
2026-06-21 22:21:36,642 [INFO] api_clients.polymarket_client: Polymarket: loaded 1000 active markets
2026-06-21 22:21:49,941 [INFO] strategies.btc_5min: BTC5Min: 11 BTC markets found (mins-to-close: [1433.17, 1428.17, 1433.17, 1423.17, 1418.17, 1413.17, 1408.17, 1418.17, -1.83, -1.83, -1.83]), 0 in entry window [0.2–1.5 min]
2026-06-21 22:22:01,302 [INFO] leo.loops: Crypto signal: 16 opps, top edge=94.8%
2026-06-21 22:22:11,269 [INFO] strategies.btc_5min: BTC5Min: 11 BTC markets found (mins-to-close: [1432.81, 1427.81, 1432.81, 1422.81, 1417.81, 1412.81, 1407.81, 1417.81, -2.19, -2.19, -2.19]), 0 in entry window [0.2–1.5 min]
2026-06-21 22:22:14,010 [INFO] api_clients.polymarket_client: Polymarket: loaded 1000 active markets
2026-06-21 22:22:26,297 [INFO] leo.loops: OracleSqueeze: 10 opps, top edge=21.5%
2026-06-21 22:22:31,620 [INFO] leo.loops: Crypto signal: 16 opps, top edge=94.8%
2026-06-21 22:22:32,309 [INFO] strategies.btc_5min: BTC5Min: 10 BTC markets found (mins-to-close: [1432.46, 1427.46, 1432.46, 1422.46, 1417.46, 1412.46, 1407.46, 1417.46, -2.54, -2.54]), 0 in entry window [0.2–1.5 min]
2026-06-21 22:22:50,358 [INFO] api_clients.polymarket_client: Polymarket: loaded 1000 active markets
2026-06-21 22:22:54,070 [INFO] strategies.btc_5min: BTC5Min: 10 BTC markets found (mins-to-close: [1432.1, 1427.1, 1432.1, 1422.1, 1417.1, 1412.1, 1407.1, 1417.1, -2.9, -2.9]), 0 in entry window [0.2–1.5 min]
2026-06-21 22:23:02,221 [INFO] leo.loops: Crypto signal: 16 opps, top edge=94.8%
2026-06-21 22:23:15,630 [INFO] strategies.btc_5min: BTC5Min: 10 BTC markets found (mins-to-close: [1431.74, 1426.74, 1431.74, 1421.74, 1416.74, 1411.74, 1406.74, 1416.74, -3.26, -3.26]), 0 in entry window [0.2–1.5 min]
2026-06-21 22:23:26,301 [INFO] leo.loops: OracleSqueeze: 10 opps, top edge=21.5%
2026-06-21 22:23:27,305 [INFO] api_clients.polymarket_client: Polymarket: loaded 1000 active markets
2026-06-21 22:23:32,645 [INFO] leo.loops: Crypto signal: 16 opps, top edge=94.8%
2026-06-21 22:23:36,681 [INFO] strategies.btc_5min: BTC5Min: 10 BTC markets found (mins-to-close: [1431.39, 1426.39, 1431.39, 1421.39, 1416.39, 1411.39, 1406.39, 1416.39, -3.61, -3.61]), 0 in entry window [0.2–1.5 min]
2026-06-21 22:23:58,841 [INFO] strategies.btc_5min: BTC5Min: 10 BTC markets found (mins-to-close: [1431.02, 1426.02, 1431.02, 1421.02, 1416.02, 1411.02, 1406.02, 1416.02, -3.98, -3.98]), 0 in entry window [0.2–1.5 min]
2026-06-21 22:24:03,213 [INFO] leo.loops: Crypto signal: 16 opps, top edge=94.8%
2026-06-21 22:24:04,537 [INFO] api_clients.polymarket_client: Polymarket: loaded 1000 active markets
2026-06-21 22:24:21,049 [INFO] strategies.btc_5min: BTC5Min: 10 BTC markets found (mins-to-close: [1430.65, 1425.65, 1430.65, 1420.65, 1415.65, 1410.65, 1405.65, 1415.65, -4.35, -4.35]), 0 in entry window [0.2–1.5 min]
2026-06-21 22:24:21,547 [INFO] strategies.news_fade: NewsFade: spike up detected on 0x3bc69cb672591e4fcd2ef856b64b219a906e15d4601b50066ac81a446574dfaf 0.05%->0.15%
2026-06-21 22:24:21,548 [INFO] strategies.news_fade: NewsFade: spike down detected on 0xa7962b12241616d83dcb8c70fc33aa0f48b1ec46a3ad6a23db21d3885dedc4cb 0.35%->0.25%
2026-06-21 22:24:21,548 [INFO] strategies.news_fade: NewsFade: spike up detected on 0x38eb9b7c0fde42a41a54584d962f8d0d49e8d61fdb13475fe1e6b75d4be72093 65.00%->99.95%
2026-06-21 22:24:21,548 [INFO] strategies.news_fade: NewsFade: spike up detected on 0x645007a0231bbc1ce38e802b2717f84d476d72df53f4102c5c51413dce46200b 0.30%->0.35%
2026-06-21 22:24:21,548 [INFO] strategies.news_fade: NewsFade: spike down detected on 0x2b6520cc2aca1df4890a66e0b866fa4286c4ba6bc6c736dcca515789c77eb733 83.50%->78.00%
2026-06-21 22:24:21,548 [INFO] strategies.news_fade: NewsFade: spike up detected on 0xc66a1a3d969dd16fea72ad42ba51700c909168a85c06815b39b6c405eeeefd1a 56.50%->99.50%
2026-06-21 22:24:21,549 [INFO] strategies.news_fade: NewsFade: spike up detected on 0x6cb3ec9e0fb1c258898f648f8b33422f59ba3e8a71aee551449d7cb147bb8ead 0.85%->0.95%
2026-06-21 22:24:21,550 [INFO] strategies.news_fade: NewsFade: spike down detected on 0x525cd9b0964ba41a3cc0a6a9694eaec26db1f5321c6503303c904a63e7c13337 0.85%->0.75%
2026-06-21 22:24:21,550 [INFO] strategies.news_fade: NewsFade: spike down detected on 0x7d06997ea2a6f5742c185321610e879c2de7d64a95b46c018c986ebcce3c9ebf 0.80%->0.75%
2026-06-21 22:24:21,550 [INFO] strategies.news_fade: NewsFade: spike up detected on 0x84dc47b1dd9cd99a9217b92a95690729334b647650bb6bf676bb31c3db0d7f79 4.00%->4.50%
2026-06-21 22:24:21,551 [INFO] leo.loops: FavoriteShort: 4 opps, top edge=4.0%
2026-06-21 22:24:26,304 [INFO] leo.loops: OracleSqueeze: 11 opps, top edge=21.5%
2026-06-21 22:24:33,677 [INFO] leo.loops: Crypto signal: 16 opps, top edge=94.8%
2026-06-21 22:24:40,759 [INFO] api_clients.polymarket_client: Polymarket: loaded 1000 active markets
2026-06-21 22:24:42,033 [INFO] strategies.btc_5min: BTC5Min: 9 BTC markets found (mins-to-close: [1430.3, 1425.3, 1430.3, 1420.3, 1415.3, 1410.3, 1405.3, 1415.3, -4.7]), 0 in entry window [0.2–1.5 min]
2026-06-21 22:25:04,127 [INFO] strategies.btc_5min: BTC5Min: 9 BTC markets found (mins-to-close: [1429.93, 1424.93, 1429.93, 1419.93, 1414.93, 1409.93, 1404.93, 1414.93, -5.07]), 0 in entry window [0.2–1.5 min]
2026-06-21 22:25:04,140 [INFO] leo.loops: Crypto signal: 16 opps, top edge=95.0%
2026-06-21 22:25:17,397 [INFO] api_clients.polymarket_client: Polymarket: loaded 1000 active markets
2026-06-21 22:25:24,915 [INFO] strategies.btc_5min: BTC5Min: 11 BTC markets found (mins-to-close: [1444.58, 1434.58, 1429.58, 1424.58, 1429.58, 1419.58, 1414.58, 1409.58, 1404.58, 1414.58, -5.42]), 0 in entry window [0.2–1.5 min]
2026-06-21 22:25:25,731 [INFO] leo.loops: OFI: 1 opps, top edge=8.5%
2026-06-21 22:25:26,306 [INFO] leo.loops: OracleSqueeze: 10 opps, top edge=18.5%
2026-06-21 22:25:34,971 [INFO] leo.loops: Crypto signal: 16 opps, top edge=95.0%
2026-06-21 22:25:46,185 [INFO] strategies.btc_5min: BTC5Min: 11 BTC markets found (mins-to-close: [1444.23, 1434.23, 1429.23, 1424.23, 1429.23, 1419.23, 1414.23, 1409.23, 1404.23, 1414.23, -5.77]), 0 in entry window [0.2–1.5 min]
2026-06-21 22:25:54,088 [INFO] api_clients.polymarket_client: Polymarket: loaded 1000 active markets
2026-06-21 22:26:05,825 [INFO] leo.loops: Crypto signal: 16 opps, top edge=95.0%
2026-06-21 22:26:07,535 [INFO] strategies.btc_5min: BTC5Min: 11 BTC markets found (mins-to-close: [1443.87, 1433.87, 1428.87, 1423.87, 1428.87, 1418.87, 1413.87, 1408.87, 1403.87, 1413.87, -6.13]), 0 in entry window [0.2–1.5 min]
2026-06-21 22:26:26,308 [INFO] leo.loops: OracleSqueeze: 10 opps, top edge=18.5%
2026-06-21 22:26:28,683 [INFO] strategies.btc_5min: BTC5Min: 11 BTC markets found (mins-to-close: [1443.52, 1433.52, 1428.52, 1423.52, 1428.52, 1418.52, 1413.52, 1408.52, 1403.52, 1413.52, -6.48]), 0 in entry window [0.2–1.5 min]
2026-06-21 22:26:31,752 [INFO] api_clients.polymarket_client: Polymarket: loaded 1000 active markets
2026-06-21 22:26:36,437 [INFO] leo.loops: Crypto signal: 15 opps, top edge=95.0%
2026-06-21 22:26:40,824 [WARNING] api_clients.pyth_client: Pyth SSE disconnected: Response payload is not completed: <TransferEncodingError: 400, message='Not enough data to satisfy transfer length header.'>, retrying in 1s
2026-06-21 22:26:41,827 [INFO] api_clients.pyth_client: Pyth SSE: connecting…
2026-06-21 22:26:42,465 [INFO] api_clients.pyth_client: Pyth SSE: stream live
2026-06-21 22:26:50,426 [WARNING] api_clients.pyth_client: Pyth SSE disconnected: Response payload is not completed: <TransferEncodingError: 400, message='Not enough data to satisfy transfer length header.'>, retrying in 1s
2026-06-21 22:26:50,640 [INFO] strategies.btc_5min: BTC5Min: 11 BTC markets found (mins-to-close: [1443.16, 1433.16, 1428.16, 1423.16, 1428.16, 1418.16, 1413.16, 1408.16, 1403.16, 1413.16, 3.16]), 0 in entry window [0.2–1.5 min]
2026-06-21 22:26:51,429 [INFO] api_clients.pyth_client: Pyth SSE: connecting…
2026-06-21 22:26:54,073 [INFO] api_clients.pyth_client: Pyth SSE: stream live
2026-06-21 22:27:07,027 [INFO] leo.loops: Crypto signal: 16 opps, top edge=95.0%
2026-06-21 22:27:07,920 [INFO] api_clients.polymarket_client: Polymarket: loaded 1000 active markets
2026-06-21 22:27:11,654 [INFO] strategies.btc_5min: BTC5Min: 11 BTC markets found (mins-to-close: [1442.81, 1432.81, 1427.81, 1422.81, 1427.81, 1417.81, 1412.81, 1407.81, 1402.81, 1412.81, 2.81]), 0 in entry window [0.2–1.5 min]
2026-06-21 22:27:25,929 [INFO] leo.loops: OFI: 2 opps, top edge=39.2%
2026-06-21 22:27:26,311 [INFO] leo.loops: OracleSqueeze: 10 opps, top edge=21.5%
2026-06-21 22:27:32,939 [INFO] strategies.btc_5min: BTC5Min: 11 BTC markets found (mins-to-close: [1442.45, 1432.45, 1427.45, 1422.45, 1427.45, 1417.45, 1412.45, 1407.45, 1402.45, 1412.45, 2.45]), 0 in entry window [0.2–1.5 min]
2026-06-21 22:27:37,595 [INFO] leo.loops: Crypto signal: 16 opps, top edge=95.0%
2026-06-21 22:27:44,562 [INFO] api_clients.polymarket_client: Polymarket: loaded 1000 active markets
2026-06-21 22:27:57,443 [INFO] strategies.btc_5min: BTC5Min: 11 BTC markets found (mins-to-close: [1442.04, 1432.04, 1427.04, 1422.04, 1427.04, 1417.04, 1412.04, 1407.04, 1402.04, 1412.04, 2.04]), 0 in entry window [0.2–1.5 min]
2026-06-21 22:28:08,437 [INFO] leo.loops: Crypto signal: 16 opps, top edge=95.0%
2026-06-21 22:28:18,730 [INFO] strategies.btc_5min: BTC5Min: 11 BTC markets found (mins-to-close: [1441.69, 1431.69, 1426.69, 1421.69, 1426.69, 1416.69, 1411.69, 1406.69, 1401.69, 1411.69, 1.69]), 0 in entry window [0.2–1.5 min]
2026-06-21 22:28:22,349 [INFO] api_clients.polymarket_client: Polymarket: loaded 1000 active markets
2026-06-21 22:28:26,315 [INFO] leo.loops: OracleSqueeze: 10 opps, top edge=21.5%
2026-06-21 22:28:38,753 [INFO] leo.loops: Crypto signal: 15 opps, top edge=95.0%
2026-06-21 22:28:39,903 [INFO] strategies.btc_5min: BTC5Min: 11 BTC markets found (mins-to-close: [1441.33, 1431.33, 1426.33, 1421.33, 1426.33, 1416.33, 1411.33, 1406.33, 1401.33, 1411.33, 1.33]), 1 in entry window [0.2–1.5 min]
2026-06-21 22:28:40,786 [INFO] leo.loops: BTC5Min: 1 opps, top edge=44.5%
2026-06-21 22:28:58,290 [INFO] api_clients.polymarket_client: Polymarket: loaded 1000 active markets
2026-06-21 22:29:02,080 [INFO] strategies.btc_5min: BTC5Min: 11 BTC markets found (mins-to-close: [1440.97, 1430.97, 1425.97, 1420.97, 1425.97, 1415.97, 1410.97, 1405.97, 1400.97, 1410.97, 0.97]), 1 in entry window [0.2–1.5 min]
2026-06-21 22:29:02,331 [INFO] leo.loops: BTC5Min: 1 opps, top edge=37.4%
2026-06-21 22:29:14,751 [WARNING] api_clients.binance_client: Coinbase candle fetch failed (ETHUSDT): 
2026-06-21 22:29:14,769 [INFO] leo.loops: Crypto signal: 15 opps, top edge=95.0%
2026-06-21 22:29:21,551 [INFO] strategies.news_fade: NewsFade: spike down detected on 0x7eff94953c3d8aa9a36e45a545e57564100ef003a90f088b3eff4a798b35eb5e 4.65%->4.35%
2026-06-21 22:29:21,553 [INFO] leo.loops: FavoriteShort: 4 opps, top edge=4.0%
2026-06-21 22:29:23,219 [INFO] strategies.btc_5min: BTC5Min: 11 BTC markets found (mins-to-close: [1440.61, 1430.61, 1425.61, 1420.61, 1425.61, 1415.61, 1410.61, 1405.61, 1400.61, 1410.61, 0.61]), 1 in entry window [0.2–1.5 min]
2026-06-21 22:29:23,469 [INFO] leo.loops: BTC5Min: 1 opps, top edge=44.3%
2026-06-21 22:29:26,145 [INFO] leo.loops: OFI: 2 opps, top edge=44.2%
2026-06-21 22:29:26,325 [INFO] leo.loops: OracleSqueeze: 10 opps, top edge=21.5%
2026-06-21 22:29:35,181 [INFO] api_clients.polymarket_client: Polymarket: loaded 1000 active markets
2026-06-21 22:29:45,351 [INFO] leo.loops: Crypto signal: 15 opps, top edge=93.0%
2026-06-21 22:29:45,440 [INFO] strategies.btc_5min: BTC5Min: 12 BTC markets found (mins-to-close: [1440.24, 1430.24, 1425.24, 1420.24, 1425.24, 1415.24, 1410.24, 1405.24, 1400.24, 1410.24, 0.24, 0.24]), 2 in entry window [0.2–1.5 min]
2026-06-21 22:29:45,694 [INFO] leo.loops: BTC5Min: 1 opps, top edge=26.3%
2026-06-21 22:30:07,254 [INFO] strategies.btc_5min: BTC5Min: 12 BTC markets found (mins-to-close: [1439.88, 1429.88, 1424.88, 1419.88, 1424.88, 1414.88, 1409.88, 1404.88, 1399.88, 1409.88, -0.12, -0.12]), 0 in entry window [0.2–1.5 min]
2026-06-21 22:30:12,309 [INFO] api_clients.polymarket_client: Polymarket: loaded 1000 active markets
2026-06-21 22:30:15,922 [INFO] leo.loops: Crypto signal: 14 opps, top edge=93.0%
2026-06-21 22:30:26,328 [INFO] leo.loops: OracleSqueeze: 9 opps, top edge=21.5%
2026-06-21 22:30:28,490 [INFO] strategies.btc_5min: BTC5Min: 13 BTC markets found (mins-to-close: [1434.53, 1439.53, 1429.53, 1424.53, 1419.53, 1424.53, 1414.53, 1409.53, 1404.53, 1399.53, 1409.53, -0.47, -0.47]), 0 in entry window [0.2–1.5 min]
2026-06-21 22:30:46,523 [INFO] leo.loops: Crypto signal: 15 opps, top edge=93.0%
2026-06-21 22:30:48,655 [INFO] api_clients.polymarket_client: Polymarket: loaded 1000 active markets
2026-06-21 22:30:49,481 [INFO] strategies.btc_5min: BTC5Min: 14 BTC markets found (mins-to-close: [1434.18, 1439.18, 1429.18, 1424.18, 1419.18, 1424.18, 1414.18, 1409.18, 1404.18, 1399.18, 1409.18, -0.82, -0.82, -0.82]), 0 in entry window [0.2–1.5 min]
2026-06-21 22:30:53,057 [INFO] api_clients.forecast_client: Forecast: loaded 0 questions (0 meta, 0 manifold)
2026-06-21 22:31:07,252 [WARNING] api_clients.pyth_client: Pyth SSE disconnected: Response payload is not completed: <TransferEncodingError: 400, message='Not enough data to satisfy transfer length header.'>, retrying in 1s
2026-06-21 22:31:08,255 [INFO] api_clients.pyth_client: Pyth SSE: connecting…
2026-06-21 22:31:08,839 [INFO] api_clients.pyth_client: Pyth SSE: stream live
2026-06-21 22:31:09,808 [WARNING] api_clients.pyth_client: Pyth SSE disconnected: Response payload is not completed: <TransferEncodingError: 400, message='Not enough data to satisfy transfer length header.'>, retrying in 1s
2026-06-21 22:31:10,811 [INFO] api_clients.pyth_client: Pyth SSE: connecting…
2026-06-21 22:31:11,621 [INFO] strategies.btc_5min: BTC5Min: 14 BTC markets found (mins-to-close: [1433.81, 1438.81, 1428.81, 1423.81, 1418.81, 1423.81, 1413.81, 1408.81, 1403.81, 1398.81, 1408.81, -1.19, -1.19, -1.19]), 0 in entry window [0.2–1.5 min]
2026-06-21 22:31:11,622 [INFO] api_clients.pyth_client: Pyth SSE: stream live
2026-06-21 22:31:17,102 [INFO] leo.loops: Crypto signal: 14 opps, top edge=93.1%
2026-06-21 22:31:25,439 [INFO] api_clients.polymarket_client: Polymarket: loaded 1000 active markets
2026-06-21 22:31:26,348 [INFO] leo.loops: OracleSqueeze: 10 opps, top edge=20.6%
2026-06-21 22:31:26,363 [INFO] leo.loops: OFI: 1 opps, top edge=5.2%
2026-06-21 22:31:32,611 [INFO] strategies.btc_5min: BTC5Min: 14 BTC markets found (mins-to-close: [1433.46, 1438.46, 1428.46, 1423.46, 1418.46, 1423.46, 1413.46, 1408.46, 1403.46, 1398.46, 1408.46, -1.54, -1.54, -1.54]), 0 in entry window [0.2–1.5 min]
2026-06-21 22:31:47,661 [INFO] leo.loops: Crypto signal: 16 opps, top edge=93.1%
2026-06-21 22:31:54,164 [INFO] strategies.btc_5min: BTC5Min: 14 BTC markets found (mins-to-close: [1433.1, 1438.1, 1428.1, 1423.1, 1418.1, 1423.1, 1413.1, 1408.1, 1403.1, 1398.1, 1408.1, -1.9, -1.9, -1.9]), 0 in entry window [0.2–1.5 min]
2026-06-21 22:32:02,218 [INFO] api_clients.polymarket_client: Polymarket: loaded 1000 active markets
2026-06-21 22:32:15,678 [INFO] strategies.btc_5min: BTC5Min: 14 BTC markets found (mins-to-close: [1432.74, 1437.74, 1427.74, 1422.74, 1417.74, 1422.74, 1412.74, 1407.74, 1402.74, 1397.74, 1407.74, -2.26, -2.26, -2.26]), 0 in entry window [0.2–1.5 min]
2026-06-21 22:32:18,273 [INFO] leo.loops: Crypto signal: 14 opps, top edge=93.2%
2026-06-21 22:32:26,349 [INFO] leo.loops: OracleSqueeze: 11 opps, top edge=20.6%
2026-06-21 22:32:36,654 [INFO] strategies.btc_5min: BTC5Min: 14 BTC markets found (mins-to-close: [1432.39, 1437.39, 1427.39, 1422.39, 1417.39, 1422.39, 1412.39, 1407.39, 1402.39, 1397.39, 1407.39, -2.61, -2.61, -2.61]), 0 in entry window [0.2–1.5 min]
2026-06-21 22:32:39,729 [INFO] api_clients.polymarket_client: Polymarket: loaded 1000 active markets
2026-06-21 22:32:48,869 [INFO] leo.loops: Crypto signal: 15 opps, top edge=93.2%
2026-06-21 22:32:57,903 [INFO] strategies.btc_5min: BTC5Min: 14 BTC markets found (mins-to-close: [1432.03, 1437.03, 1427.03, 1422.03, 1417.03, 1422.03, 1412.03, 1407.03, 1402.03, 1397.03, 1407.03, -2.97, -2.97, -2.97]), 0 in entry window [0.2–1.5 min]
2026-06-21 22:33:15,793 [INFO] api_clients.polymarket_client: Polymarket: loaded 1000 active markets
2026-06-21 22:33:19,443 [INFO] strategies.btc_5min: BTC5Min: 14 BTC markets found (mins-to-close: [1431.68, 1436.68, 1426.68, 1421.68, 1416.68, 1421.68, 1411.68, 1406.68, 1401.68, 1396.68, 1406.68, -3.32, -3.32, -3.32]), 0 in entry window [0.2–1.5 min]
2026-06-21 22:33:19,454 [INFO] leo.loops: Crypto signal: 14 opps, top edge=93.2%
2026-06-21 22:33:26,352 [INFO] leo.loops: OracleSqueeze: 11 opps, top edge=20.6%
2026-06-21 22:33:41,047 [INFO] strategies.btc_5min: BTC5Min: 14 BTC markets found (mins-to-close: [1431.32, 1436.32, 1426.32, 1421.32, 1416.32, 1421.32, 1411.32, 1406.32, 1401.32, 1396.32, 1406.32, -3.68, -3.68, -3.68]), 0 in entry window [0.2–1.5 min]
2026-06-21 22:33:50,013 [INFO] leo.loops: Crypto signal: 14 opps, top edge=93.2%
2026-06-21 22:33:52,572 [INFO] api_clients.polymarket_client: Polymarket: loaded 1000 active markets
2026-06-21 22:34:02,022 [INFO] strategies.btc_5min: BTC5Min: 14 BTC markets found (mins-to-close: [1430.97, 1435.97, 1425.97, 1420.97, 1415.97, 1420.97, 1410.97, 1405.97, 1400.97, 1395.97, 1405.97, -4.03, -4.03, -4.03]), 0 in entry window [0.2–1.5 min]
2026-06-21 22:34:20,904 [INFO] leo.loops: Crypto signal: 15 opps, top edge=93.2%
2026-06-21 22:34:21,551 [INFO] strategies.news_fade: NewsFade: spike up detected on 0x0fb006e0c06caa4db12f7e30ec8c2483d658f83eb57b2ee8eb478e39beca3dfd 0.70%->0.75%
2026-06-21 22:34:21,552 [INFO] strategies.news_fade: NewsFade: spike down detected on 0x4264ed4b4c8c98a6da4aaf3a4eaaa6c9d1b6b67055e47f77997802979698602d 2.20%->2.05%
2026-06-21 22:34:21,554 [INFO] strategies.news_fade: NewsFade: spike down detected on 0xb9263e0d9e88a372ed34293b85dce677905593b1137bdc8390fb6289d9c045dc 31.00%->17.00%
2026-06-21 22:34:21,555 [INFO] leo.loops: FavoriteShort: 4 opps, top edge=4.0%
2026-06-21 22:34:23,940 [INFO] strategies.btc_5min: BTC5Min: 14 BTC markets found (mins-to-close: [1430.6, 1435.6, 1425.6, 1420.6, 1415.6, 1420.6, 1410.6, 1405.6, 1400.6, 1395.6, 1405.6, -4.4, -4.4, -4.4]), 0 in entry window [0.2–1.5 min]
2026-06-21 22:34:26,353 [INFO] leo.loops: OracleSqueeze: 11 opps, top edge=20.6%
2026-06-21 22:34:29,382 [INFO] api_clients.polymarket_client: Polymarket: loaded 1000 active markets
2026-06-21 22:34:45,199 [INFO] strategies.btc_5min: BTC5Min: 13 BTC markets found (mins-to-close: [1430.25, 1435.25, 1425.25, 1420.25, 1415.25, 1420.25, 1410.25, 1405.25, 1400.25, 1395.25, 1405.25, -4.75, -4.75]), 0 in entry window [0.2–1.5 min]
2026-06-21 22:34:51,744 [INFO] leo.loops: Crypto signal: 15 opps, top edge=93.3%
2026-06-21 22:35:06,261 [INFO] strategies.btc_5min: BTC5Min: 13 BTC markets found (mins-to-close: [1429.9, 1434.9, 1424.9, 1419.9, 1414.9, 1419.9, 1409.9, 1404.9, 1399.9, 1394.9, 1404.9, -5.1, -5.1]), 0 in entry window [0.2–1.5 min]
2026-06-21 22:35:06,991 [INFO] api_clients.polymarket_client: Polymarket: loaded 1000 active markets
2026-06-21 22:35:22,648 [INFO] leo.loops: Crypto signal: 15 opps, top edge=93.2%
2026-06-21 22:35:26,356 [INFO] leo.loops: OracleSqueeze: 10 opps, top edge=20.0%
2026-06-21 22:35:27,590 [INFO] strategies.btc_5min: BTC5Min: 12 BTC markets found (mins-to-close: [1434.54, 1429.54, 1434.54, 1424.54, 1419.54, 1414.54, 1419.54, 1409.54, 1404.54, 1399.54, -5.46, -5.46]), 0 in entry window [0.2–1.5 min]
2026-06-21 22:35:42,984 [INFO] api_clients.polymarket_client: Polymarket: loaded 1000 active markets
2026-06-21 22:35:48,325 [WARNING] api_clients.pyth_client: Pyth SSE disconnected: Response payload is not completed: <TransferEncodingError: 400, message='Not enough data to satisfy transfer length header.'>, retrying in 1s
2026-06-21 22:35:49,202 [INFO] strategies.btc_5min: BTC5Min: 11 BTC markets found (mins-to-close: [1434.18, 1429.18, 1434.18, 1424.18, 1419.18, 1414.18, 1419.18, 1409.18, 1404.18, 1399.18, -5.82]), 0 in entry window [0.2–1.5 min]
2026-06-21 22:35:49,326 [INFO] api_clients.pyth_client: Pyth SSE: connecting…
2026-06-21 22:35:49,985 [INFO] api_clients.pyth_client: Pyth SSE: stream live
2026-06-21 22:35:53,207 [INFO] leo.loops: Crypto signal: 15 opps, top edge=93.2%
2026-06-21 22:36:01,918 [WARNING] api_clients.pyth_client: Pyth SSE disconnected: Response payload is not completed: <TransferEncodingError: 400, message='Not enough data to satisfy transfer length header.'>, retrying in 1s
2026-06-21 22:36:02,920 [INFO] api_clients.pyth_client: Pyth SSE: connecting…
2026-06-21 22:36:04,049 [INFO] api_clients.pyth_client: Pyth SSE: stream live
2026-06-21 22:36:11,304 [INFO] strategies.btc_5min: BTC5Min: 11 BTC markets found (mins-to-close: [1433.81, 1428.81, 1433.81, 1423.81, 1418.81, 1413.81, 1418.81, 1408.81, 1403.81, 1398.81, -6.19]), 0 in entry window [0.2–1.5 min]
2026-06-21 22:36:19,838 [INFO] api_clients.polymarket_client: Polymarket: loaded 1000 active markets
2026-06-21 22:36:23,782 [INFO] leo.loops: Crypto signal: 15 opps, top edge=93.2%
2026-06-21 22:36:26,359 [INFO] leo.loops: OracleSqueeze: 10 opps, top edge=18.5%
2026-06-21 22:36:32,339 [INFO] strategies.btc_5min: BTC5Min: 10 BTC markets found (mins-to-close: [1433.46, 1428.46, 1433.46, 1423.46, 1418.46, 1413.46, 1418.46, 1408.46, 1403.46, 1398.46]), 0 in entry window [0.2–1.5 min]
2026-06-21 22:36:53,849 [INFO] strategies.btc_5min: BTC5Min: 10 BTC markets found (mins-to-close: [1433.1, 1428.1, 1433.1, 1423.1, 1418.1, 1413.1, 1418.1, 1408.1, 1403.1, 1398.1]), 0 in entry window [0.2–1.5 min]
2026-06-21 22:36:54,192 [INFO] leo.loops: Crypto signal: 14 opps, top edge=93.2%
2026-06-21 22:36:57,420 [INFO] api_clients.polymarket_client: Polymarket: loaded 1000 active markets
2026-06-21 22:37:15,928 [INFO] strategies.btc_5min: BTC5Min: 10 BTC markets found (mins-to-close: [1432.73, 1427.73, 1432.73, 1422.73, 1417.73, 1412.73, 1417.73, 1407.73, 1402.73, 1397.73]), 0 in entry window [0.2–1.5 min]
2026-06-21 22:37:24,876 [INFO] leo.loops: Crypto signal: 14 opps, top edge=93.1%
2026-06-21 22:37:26,380 [INFO] leo.loops: OracleSqueeze: 11 opps, top edge=18.5%
2026-06-21 22:37:33,375 [INFO] api_clients.polymarket_client: Polymarket: loaded 1000 active markets
2026-06-21 22:37:36,973 [INFO] strategies.btc_5min: BTC5Min: 10 BTC markets found (mins-to-close: [1432.38, 1427.38, 1432.38, 1422.38, 1417.38, 1412.38, 1417.38, 1407.38, 1402.38, 1397.38]), 0 in entry window [0.2–1.5 min]
2026-06-21 22:37:55,771 [INFO] leo.loops: Crypto signal: 15 opps, top edge=93.1%
2026-06-21 22:37:56,039 [WARNING] api_clients.pyth_client: Pyth SSE disconnected: Response payload is not completed: <TransferEncodingError: 400, message='Not enough data to satisfy transfer length header.'>, retrying in 1s
2026-06-21 22:37:57,041 [INFO] api_clients.pyth_client: Pyth SSE: connecting…
2026-06-21 22:37:57,642 [INFO] api_clients.pyth_client: Pyth SSE: stream live
2026-06-21 22:37:58,462 [INFO] strategies.btc_5min: BTC5Min: 10 BTC markets found (mins-to-close: [1432.03, 1427.03, 1432.03, 1422.03, 1417.03, 1412.03, 1417.03, 1407.03, 1402.03, 1397.03]), 0 in entry window [0.2–1.5 min]
2026-06-21 22:38:00,156 [WARNING] api_clients.pyth_client: Pyth SSE disconnected: Response payload is not completed: <TransferEncodingError: 400, message='Not enough data to satisfy transfer length header.'>, retrying in 1s
2026-06-21 22:38:01,159 [INFO] api_clients.pyth_client: Pyth SSE: connecting…
2026-06-21 22:38:02,578 [INFO] api_clients.pyth_client: Pyth SSE: stream live
2026-06-21 22:38:10,291 [INFO] api_clients.polymarket_client: Polymarket: loaded 1000 active markets
2026-06-21 22:38:19,970 [INFO] strategies.btc_5min: BTC5Min: 10 BTC markets found (mins-to-close: [1431.67, 1426.67, 1431.67, 1421.67, 1416.67, 1411.67, 1416.67, 1406.67, 1401.67, 1396.67]), 0 in entry window [0.2–1.5 min]
2026-06-21 22:38:26,399 [INFO] leo.loops: OracleSqueeze: 11 opps, top edge=18.5%
2026-06-21 22:38:26,669 [INFO] leo.loops: Crypto signal: 15 opps, top edge=93.1%
2026-06-21 22:38:41,225 [INFO] strategies.btc_5min: BTC5Min: 10 BTC markets found (mins-to-close: [1431.31, 1426.31, 1431.31, 1421.31, 1416.31, 1411.31, 1416.31, 1406.31, 1401.31, 1396.31]), 0 in entry window [0.2–1.5 min]
2026-06-21 22:38:47,076 [INFO] api_clients.polymarket_client: Polymarket: loaded 1000 active markets
2026-06-21 22:38:57,326 [INFO] leo.loops: Crypto signal: 14 opps, top edge=93.1%
2026-06-21 22:39:02,487 [INFO] strategies.btc_5min: BTC5Min: 10 BTC markets found (mins-to-close: [1430.96, 1425.96, 1430.96, 1420.96, 1415.96, 1410.96, 1415.96, 1405.96, 1400.96, 1395.96]), 0 in entry window [0.2–1.5 min]
2026-06-21 22:39:21,589 [INFO] strategies.news_fade: NewsFade: spike up detected on 0x624517215cc5c73eec1ff74db2ef92bf798fac6b61cd00d11a05418520290f69 0.35%->0.40%
2026-06-21 22:39:21,590 [INFO] strategies.news_fade: NewsFade: spike down detected on 0x4627d76ee01f7beff30ad41f6598ea610e6ad5e19e0b6775c930f61e62a2e10f 0.40%->0.30%
2026-06-21 22:39:21,590 [INFO] strategies.news_fade: NewsFade: spike down detected on 0xeeb45d63cb338370f7a46f34ac631cf2a3b9a05be025c4a073be13a5a082a165 11.60%->10.00%
2026-06-21 22:39:21,590 [INFO] strategies.news_fade: NewsFade: spike up detected on 0x01e1af8379b35607487dbc0c0e71fd604796bce256ee995f09d5f8e5bea46c90 0.65%->0.95%
2026-06-21 22:39:21,590 [INFO] strategies.news_fade: NewsFade: spike down detected on 0xce57adc3608d8fa3fb64aaaa462f5fc9530ebbbaf1e1e73c20399dfa5680ecf6 12.50%->11.50%
2026-06-21 22:39:21,591 [INFO] strategies.news_fade: NewsFade: spike down detected on 0xad1ead5071b161f5a19d2873ced32c07108e14a78a278c0b88cd6adab458d30b 14.50%->13.50%
2026-06-21 22:39:21,592 [INFO] leo.loops: FavoriteShort: 5 opps, top edge=4.0%
2026-06-21 22:39:24,254 [INFO] api_clients.polymarket_client: Polymarket: loaded 1000 active markets
2026-06-21 22:39:24,352 [INFO] strategies.btc_5min: BTC5Min: 10 BTC markets found (mins-to-close: [1430.59, 1425.59, 1430.59, 1420.59, 1415.59, 1410.59, 1415.59, 1405.59, 1400.59, 1395.59]), 0 in entry window [0.2–1.5 min]
2026-06-21 22:39:26,402 [INFO] leo.loops: OracleSqueeze: 9 opps, top edge=22.1%
2026-06-21 22:39:27,898 [INFO] leo.loops: Crypto signal: 15 opps, top edge=93.1%
2026-06-21 22:39:45,487 [INFO] strategies.btc_5min: BTC5Min: 10 BTC markets found (mins-to-close: [1430.24, 1425.24, 1430.24, 1420.24, 1415.24, 1410.24, 1415.24, 1405.24, 1400.24, 1395.24]), 0 in entry window [0.2–1.5 min]
2026-06-21 22:39:58,448 [INFO] leo.loops: Crypto signal: 14 opps, top edge=93.1%
2026-06-21 22:40:00,729 [INFO] api_clients.polymarket_client: Polymarket: loaded 1000 active markets
2026-06-21 22:40:06,811 [INFO] strategies.btc_5min: BTC5Min: 10 BTC markets found (mins-to-close: [1429.89, 1424.89, 1429.89, 1419.89, 1414.89, 1409.89, 1414.89, 1404.89, 1399.89, 1394.89]), 0 in entry window [0.2–1.5 min]
2026-06-21 22:40:26,405 [INFO] leo.loops: OracleSqueeze: 9 opps, top edge=22.1%
2026-06-21 22:40:28,605 [INFO] strategies.btc_5min: BTC5Min: 11 BTC markets found (mins-to-close: [1434.52, 1444.52, 1429.52, 1424.52, 1429.52, 1419.52, 1414.52, 1409.52, 1414.52, 1404.52, 1399.52]), 0 in entry window [0.2–1.5 min]
2026-06-21 22:40:28,977 [INFO] leo.loops: Crypto signal: 14 opps, top edge=93.0%
2026-06-21 22:40:37,532 [INFO] api_clients.polymarket_client: Polymarket: loaded 1000 active markets
2026-06-21 22:40:44,266 [WARNING] api_clients.pyth_client: Pyth SSE disconnected: Response payload is not completed: <TransferEncodingError: 400, message='Not enough data to satisfy transfer length header.'>, retrying in 1s
2026-06-21 22:40:45,269 [INFO] api_clients.pyth_client: Pyth SSE: connecting…
2026-06-21 22:40:45,772 [INFO] api_clients.pyth_client: Pyth SSE: stream live
2026-06-21 22:40:47,441 [WARNING] api_clients.pyth_client: Pyth SSE disconnected: Response payload is not completed: <TransferEncodingError: 400, message='Not enough data to satisfy transfer length header.'>, retrying in 1s
2026-06-21 22:40:48,444 [INFO] api_clients.pyth_client: Pyth SSE: connecting…
2026-06-21 22:40:49,171 [INFO] api_clients.pyth_client: Pyth SSE: stream live
2026-06-21 22:40:50,457 [INFO] strategies.btc_5min: BTC5Min: 11 BTC markets found (mins-to-close: [1434.16, 1444.16, 1429.16, 1424.16, 1429.16, 1419.16, 1414.16, 1409.16, 1414.16, 1404.16, 1399.16]), 0 in entry window [0.2–1.5 min]
2026-06-21 22:40:59,770 [INFO] leo.loops: Crypto signal: 14 opps, top edge=93.0%
2026-06-21 22:41:12,084 [INFO] strategies.btc_5min: BTC5Min: 11 BTC markets found (mins-to-close: [1433.8, 1443.8, 1428.8, 1423.8, 1428.8, 1418.8, 1413.8, 1408.8, 1413.8, 1403.8, 1398.8]), 0 in entry window [0.2–1.5 min]
2026-06-21 22:41:14,765 [INFO] api_clients.polymarket_client: Polymarket: loaded 1000 active markets
2026-06-21 22:41:26,408 [INFO] leo.loops: OracleSqueeze: 11 opps, top edge=22.1%
2026-06-21 22:41:30,649 [INFO] leo.loops: Crypto signal: 14 opps, top edge=93.0%
2026-06-21 22:41:33,047 [INFO] strategies.btc_5min: BTC5Min: 12 BTC markets found (mins-to-close: [1433.45, 1443.45, 1428.45, 1423.45, 1428.45, 1418.45, 1413.45, 1408.45, 1413.45, 1403.45, 1398.45, -1.55]), 0 in entry window [0.2–1.5 min]
2026-06-21 22:41:50,930 [INFO] api_clients.polymarket_client: Polymarket: loaded 1000 active markets
2026-06-21 22:41:54,612 [INFO] strategies.btc_5min: BTC5Min: 13 BTC markets found (mins-to-close: [1433.09, 1443.09, 1428.09, 1423.09, 1428.09, 1418.09, 1413.09, 1408.09, 1413.09, 1403.09, 1398.09, -1.91, 3.09]), 0 in entry window [0.2–1.5 min]
2026-06-21 22:42:01,252 [INFO] leo.loops: Crypto signal: 14 opps, top edge=93.0%
2026-06-21 22:42:15,970 [INFO] strategies.btc_5min: BTC5Min: 13 BTC markets found (mins-to-close: [1432.73, 1442.73, 1427.73, 1422.73, 1427.73, 1417.73, 1412.73, 1407.73, 1412.73, 1402.73, 1397.73, -2.27, 2.73]), 0 in entry window [0.2–1.5 min]
2026-06-21 22:42:26,424 [INFO] leo.loops: OracleSqueeze: 10 opps, top edge=22.1%
2026-06-21 22:42:27,611 [INFO] api_clients.polymarket_client: Polymarket: loaded 1000 active markets
2026-06-21 22:42:32,297 [INFO] leo.loops: Crypto signal: 14 opps, top edge=93.0%
2026-06-21 22:42:36,951 [INFO] strategies.btc_5min: BTC5Min: 13 BTC markets found (mins-to-close: [1432.38, 1442.38, 1427.38, 1422.38, 1427.38, 1417.38, 1412.38, 1407.38, 1412.38, 1402.38, 1397.38, -2.62, 2.38]), 0 in entry window [0.2–1.5 min]
2026-06-21 22:42:58,741 [INFO] strategies.btc_5min: BTC5Min: 13 BTC markets found (mins-to-close: [1432.02, 1442.02, 1427.02, 1422.02, 1427.02, 1417.02, 1412.02, 1407.02, 1412.02, 1402.02, 1397.02, -2.98, 2.02]), 0 in entry window [0.2–1.5 min]
2026-06-21 22:43:02,864 [INFO] leo.loops: Crypto signal: 14 opps, top edge=93.0%
2026-06-21 22:43:04,419 [INFO] api_clients.polymarket_client: Polymarket: loaded 1000 active markets
2026-06-21 22:43:20,523 [INFO] strategies.btc_5min: BTC5Min: 13 BTC markets found (mins-to-close: [1431.66, 1441.66, 1426.66, 1421.66, 1426.66, 1416.66, 1411.66, 1406.66, 1411.66, 1401.66, 1396.66, -3.34, 1.66]), 0 in entry window [0.2–1.5 min]
2026-06-21 22:43:26,446 [INFO] leo.loops: OracleSqueeze: 10 opps, top edge=22.1%
2026-06-21 22:43:33,282 [INFO] leo.loops: Crypto signal: 15 opps, top edge=93.0%
2026-06-21 22:43:41,351 [INFO] api_clients.polymarket_client: Polymarket: loaded 1000 active markets
2026-06-21 22:43:41,762 [INFO] strategies.btc_5min: BTC5Min: 13 BTC markets found (mins-to-close: [1431.3, 1441.3, 1426.3, 1421.3, 1426.3, 1416.3, 1411.3, 1406.3, 1411.3, 1401.3, 1396.3, -3.7, 1.3]), 1 in entry window [0.2–1.5 min]
2026-06-21 22:43:42,958 [INFO] leo.loops: BTC5Min: 1 opps, top edge=24.1%
2026-06-21 22:44:03,860 [INFO] leo.loops: Crypto signal: 14 opps, top edge=93.0%
2026-06-21 22:44:04,343 [INFO] strategies.btc_5min: BTC5Min: 13 BTC markets found (mins-to-close: [1430.93, 1440.93, 1425.93, 1420.93, 1425.93, 1415.93, 1410.93, 1405.93, 1410.93, 1400.93, 1395.93, -4.07, 0.93]), 1 in entry window [0.2–1.5 min]
2026-06-21 22:44:04,593 [INFO] leo.loops: BTC5Min: 1 opps, top edge=16.9%
2026-06-21 22:44:17,825 [INFO] api_clients.polymarket_client: Polymarket: loaded 1000 active markets
2026-06-21 22:44:21,591 [INFO] strategies.news_fade: NewsFade: spike down detected on 0xcd78e258cfc6acc805cbb92911a4a7e27f4fd2eacc629bca265a0ca475bd02cd 8.50%->7.50%
2026-06-21 22:44:21,592 [INFO] strategies.news_fade: NewsFade: spike up detected on 0x469bdef750eb2125725fb083f1500e1e7ee2435e66b93d3de21572d1a553d352 0.25%->0.35%
2026-06-21 22:44:21,593 [INFO] strategies.news_fade: NewsFade: spike down detected on 0x7653d38bb5cde18b6b43699e9dcf025b56c2b81fbe226b7447f75bea91551bcd 78.50%->71.00%
2026-06-21 22:44:21,593 [INFO] strategies.news_fade: NewsFade: spike down detected on 0x7af9155e990297ec4e829afbac777dc16c3fc2e1a7cbdce066f65852a40bc237 74.50%->58.00%
2026-06-21 22:44:21,595 [INFO] leo.loops: FavoriteShort: 5 opps, top edge=4.0%
2026-06-21 22:44:25,847 [INFO] strategies.btc_5min: BTC5Min: 13 BTC markets found (mins-to-close: [1430.57, 1440.57, 1425.57, 1420.57, 1425.57, 1415.57, 1410.57, 1405.57, 1410.57, 1400.57, 1395.57, -4.43, 0.57]), 1 in entry window [0.2–1.5 min]
2026-06-21 22:44:26,128 [INFO] leo.loops: BTC5Min: 1 opps, top edge=37.4%
2026-06-21 22:44:26,449 [INFO] leo.loops: OracleSqueeze: 8 opps, top edge=21.5%
2026-06-21 22:44:34,417 [INFO] leo.loops: Crypto signal: 15 opps, top edge=93.0%
2026-06-21 22:44:47,270 [INFO] strategies.btc_5min: BTC5Min: 13 BTC markets found (mins-to-close: [1430.21, 1440.21, 1425.21, 1420.21, 1425.21, 1415.21, 1410.21, 1405.21, 1410.21, 1400.21, 1395.21, -4.79, 0.21]), 1 in entry window [0.2–1.5 min]
2026-06-21 22:44:47,522 [INFO] leo.loops: BTC5Min: 1 opps, top edge=43.5%
2026-06-21 22:44:54,673 [INFO] api_clients.polymarket_client: Polymarket: loaded 1000 active markets
2026-06-21 22:45:00,088 [INFO] api_clients.weather_client: Weather: refreshed 13 city forecasts
2026-06-21 22:45:00,091 [INFO] leo.loops: Weather: 1 opps, top edge=16.0%
2026-06-21 22:45:05,010 [INFO] leo.loops: Crypto signal: 15 opps, top edge=93.0%
2026-06-21 22:45:08,260 [INFO] strategies.btc_5min: BTC5Min: 14 BTC markets found (mins-to-close: [1429.86, 1439.86, 1424.86, 1419.86, 1424.86, 1414.86, 1409.86, 1404.86, 1409.86, 1399.86, 1394.86, -5.14, -0.14, -0.14]), 0 in entry window [0.2–1.5 min]
2026-06-21 22:45:26,452 [INFO] leo.loops: OracleSqueeze: 8 opps, top edge=21.5%
2026-06-21 22:45:29,890 [INFO] strategies.btc_5min: BTC5Min: 7 BTC markets found (mins-to-close: [1429.5, 1439.5, 1424.5, 1419.5, -5.5, -0.5, -0.5]), 0 in entry window [0.2–1.5 min]
2026-06-21 22:45:32,345 [INFO] api_clients.polymarket_client: Polymarket: loaded 1000 active markets
2026-06-21 22:45:35,165 [INFO] leo.loops: Crypto signal: 15 opps, top edge=93.0%
2026-06-21 22:45:51,729 [INFO] strategies.btc_5min: BTC5Min: 8 BTC markets found (mins-to-close: [1429.14, 1439.14, 1424.14, 1419.14, -5.86, -0.86, -0.86, -0.86]), 0 in entry window [0.2–1.5 min]
2026-06-21 22:45:54,045 [INFO] api_clients.forecast_client: Forecast: loaded 0 questions (0 meta, 0 manifold)
2026-06-21 22:46:06,048 [INFO] leo.loops: Crypto signal: 15 opps, top edge=93.0%
2026-06-21 22:46:08,531 [INFO] api_clients.polymarket_client: Polymarket: loaded 1000 active markets
2026-06-21 22:46:12,787 [INFO] strategies.btc_5min: BTC5Min: 7 BTC markets found (mins-to-close: [1428.79, 1438.79, 1423.79, 1418.79, -1.21, -1.21, -1.21]), 0 in entry window [0.2–1.5 min]
2026-06-21 22:46:26,456 [INFO] leo.loops: OracleSqueeze: 7 opps, top edge=18.0%
2026-06-21 22:46:34,570 [INFO] strategies.btc_5min: BTC5Min: 7 BTC markets found (mins-to-close: [1428.42, 1438.42, 1423.42, 1418.42, -1.58, -1.58, -1.58]), 0 in entry window [0.2–1.5 min]
2026-06-21 22:46:36,434 [INFO] leo.loops: Crypto signal: 15 opps, top edge=93.0%
2026-06-21 22:46:45,450 [INFO] api_clients.polymarket_client: Polymarket: loaded 1000 active markets
2026-06-21 22:46:56,600 [INFO] strategies.btc_5min: BTC5Min: 6 BTC markets found (mins-to-close: [1428.06, 1438.06, 1423.06, 1418.06, -1.94, -1.94]), 0 in entry window [0.2–1.5 min]
2026-06-21 22:47:07,015 [INFO] leo.loops: Crypto signal: 15 opps, top edge=93.0%
2026-06-21 22:47:17,599 [INFO] strategies.btc_5min: BTC5Min: 6 BTC markets found (mins-to-close: [1427.71, 1437.71, 1422.71, 1417.71, -2.29, -2.29]), 0 in entry window [0.2–1.5 min]
2026-06-21 22:47:22,482 [INFO] api_clients.polymarket_client: Polymarket: loaded 1000 active markets
2026-06-21 22:47:26,461 [INFO] leo.loops: OracleSqueeze: 6 opps, top edge=22.3%
2026-06-21 22:47:37,337 [INFO] leo.loops: Crypto signal: 15 opps, top edge=93.3%
2026-06-21 22:47:39,239 [INFO] strategies.btc_5min: BTC5Min: 6 BTC markets found (mins-to-close: [1427.35, 1437.35, 1422.35, 1417.35, -2.65, -2.65]), 0 in entry window [0.2–1.5 min]
2026-06-21 22:47:59,017 [INFO] api_clients.polymarket_client: Polymarket: loaded 1000 active markets
2026-06-21 22:48:00,743 [INFO] strategies.btc_5min: BTC5Min: 6 BTC markets found (mins-to-close: [1426.99, 1436.99, 1421.99, 1416.99, -3.01, -3.01]), 0 in entry window [0.2–1.5 min]
2026-06-21 22:48:08,225 [INFO] leo.loops: Crypto signal: 15 opps, top edge=93.3%
2026-06-21 22:48:22,012 [INFO] strategies.btc_5min: BTC5Min: 6 BTC markets found (mins-to-close: [1426.63, 1436.63, 1421.63, 1416.63, -3.37, -3.37]), 0 in entry window [0.2–1.5 min]
2026-06-21 22:48:26,463 [INFO] leo.loops: OracleSqueeze: 6 opps, top edge=22.3%
2026-06-21 22:48:35,800 [INFO] api_clients.polymarket_client: Polymarket: loaded 1000 active markets
2026-06-21 22:48:38,540 [INFO] leo.loops: Crypto signal: 15 opps, top edge=93.6%
2026-06-21 22:48:43,037 [INFO] strategies.btc_5min: BTC5Min: 6 BTC markets found (mins-to-close: [1426.28, 1436.28, 1421.28, 1416.28, -3.72, -3.72]), 0 in entry window [0.2–1.5 min]
2026-06-21 22:49:05,152 [INFO] strategies.btc_5min: BTC5Min: 6 BTC markets found (mins-to-close: [1425.91, 1435.91, 1420.91, 1415.91, -4.09, -4.09]), 0 in entry window [0.2–1.5 min]
2026-06-21 22:49:09,116 [INFO] leo.loops: Crypto signal: 15 opps, top edge=93.6%
2026-06-21 22:49:12,547 [INFO] api_clients.polymarket_client: Polymarket: loaded 1000 active markets
2026-06-21 22:49:21,594 [INFO] strategies.news_fade: NewsFade: spike up detected on 0x0171fdc9ab8522b86fd0439283fb61e8d619c65635f0b6d00e285d39b2a3fbf7 12.00%->13.00%
2026-06-21 22:49:21,595 [INFO] strategies.news_fade: NewsFade: spike up detected on 0x25f221f1e18344d84af9e306ef36f4ce134888016d6fda04fd216f6fe36ad541 6.00%->7.00%
2026-06-21 22:49:21,595 [INFO] strategies.news_fade: NewsFade: spike down detected on 0x7ee722a07e0f84405f1267bc1c84eb95bd6348454453abf445618e778af8fd18 0.35%->0.30%
2026-06-21 22:49:21,597 [INFO] leo.loops: FavoriteShort: 4 opps, top edge=4.0%
2026-06-21 22:49:26,466 [INFO] leo.loops: OracleSqueeze: 10 opps, top edge=22.3%
2026-06-21 22:49:27,379 [INFO] strategies.btc_5min: BTC5Min: 7 BTC markets found (mins-to-close: [1425.54, 1435.54, 1420.54, 1415.54, 0.54, -4.46, -4.46]), 1 in entry window [0.2–1.5 min]
2026-06-21 22:49:39,719 [INFO] leo.loops: Crypto signal: 15 opps, top edge=93.6%
2026-06-21 22:49:49,257 [INFO] strategies.btc_5min: BTC5Min: 7 BTC markets found (mins-to-close: [1425.18, 1435.18, 1420.18, 1415.18, 0.18, -4.82, -4.82]), 0 in entry window [0.2–1.5 min]
2026-06-21 22:49:49,833 [INFO] api_clients.polymarket_client: Polymarket: loaded 1000 active markets
2026-06-21 22:50:10,545 [INFO] leo.loops: Crypto signal: 15 opps, top edge=93.6%
2026-06-21 22:50:10,977 [INFO] strategies.btc_5min: BTC5Min: 6 BTC markets found (mins-to-close: [1424.82, 1434.82, 1419.82, 1414.82, -0.18, -5.18]), 0 in entry window [0.2–1.5 min]
2026-06-21 22:50:26,148 [INFO] api_clients.polymarket_client: Polymarket: loaded 1000 active markets
2026-06-21 22:50:26,469 [INFO] leo.loops: OracleSqueeze: 10 opps, top edge=22.3%
2026-06-21 22:50:32,590 [INFO] strategies.btc_5min: BTC5Min: 2 BTC markets found (mins-to-close: [1429.46, -0.54]), 0 in entry window [0.2–1.5 min]
2026-06-21 22:50:41,146 [INFO] leo.loops: Crypto signal: 15 opps, top edge=93.5%
2026-06-21 22:50:53,835 [INFO] strategies.btc_5min: BTC5Min: 2 BTC markets found (mins-to-close: [1429.1, -0.9]), 0 in entry window [0.2–1.5 min]
2026-06-21 22:50:55,024 [WARNING] api_clients.pyth_client: Pyth SSE disconnected: Response payload is not completed: <TransferEncodingError: 400, message='Not enough data to satisfy transfer length header.'>, retrying in 1s
2026-06-21 22:50:56,026 [INFO] api_clients.pyth_client: Pyth SSE: connecting…
2026-06-21 22:50:56,729 [INFO] api_clients.pyth_client: Pyth SSE: stream live
2026-06-21 22:50:58,624 [WARNING] api_clients.pyth_client: Pyth SSE disconnected: Response payload is not completed: <TransferEncodingError: 400, message='Not enough data to satisfy transfer length header.'>, retrying in 1s
2026-06-21 22:50:59,640 [INFO] api_clients.pyth_client: Pyth SSE: connecting…
2026-06-21 22:51:00,452 [INFO] api_clients.pyth_client: Pyth SSE: stream live
2026-06-21 22:51:02,912 [INFO] api_clients.polymarket_client: Polymarket: loaded 1000 active markets
2026-06-21 22:51:11,796 [INFO] leo.loops: Crypto signal: 15 opps, top edge=91.6%
2026-06-21 22:51:14,814 [INFO] strategies.btc_5min: BTC5Min: 3 BTC markets found (mins-to-close: [1428.75, -1.25, -1.25]), 0 in entry window [0.2–1.5 min]
2026-06-21 22:51:26,473 [INFO] leo.loops: OracleSqueeze: 9 opps, top edge=22.3%
2026-06-21 22:51:36,364 [INFO] strategies.btc_5min: BTC5Min: 3 BTC markets found (mins-to-close: [1428.39, -1.61, -1.61]), 0 in entry window [0.2–1.5 min]
2026-06-21 22:51:40,243 [INFO] api_clients.polymarket_client: Polymarket: loaded 1000 active markets
2026-06-21 22:51:42,422 [INFO] leo.loops: Crypto signal: 15 opps, top edge=91.6%
2026-06-21 22:51:57,506 [INFO] strategies.btc_5min: BTC5Min: 3 BTC markets found (mins-to-close: [1428.04, -1.96, -1.96]), 0 in entry window [0.2–1.5 min]
2026-06-21 22:52:13,146 [INFO] leo.loops: Crypto signal: 15 opps, top edge=91.6%
2026-06-21 22:52:16,680 [INFO] api_clients.polymarket_client: Polymarket: loaded 1000 active markets
2026-06-21 22:52:18,366 [INFO] strategies.btc_5min: BTC5Min: 3 BTC markets found (mins-to-close: [1427.69, -2.31, -2.31]), 0 in entry window [0.2–1.5 min]
2026-06-21 22:52:26,476 [INFO] leo.loops: OracleSqueeze: 9 opps, top edge=21.5%
2026-06-21 22:52:39,888 [INFO] strategies.btc_5min: BTC5Min: 3 BTC markets found (mins-to-close: [1427.34, -2.66, -2.66]), 0 in entry window [0.2–1.5 min]
2026-06-21 22:52:43,464 [INFO] leo.loops: Crypto signal: 15 opps, top edge=91.6%
2026-06-21 22:52:53,495 [INFO] api_clients.polymarket_client: Polymarket: loaded 1000 active markets
2026-06-21 22:53:01,442 [INFO] strategies.btc_5min: BTC5Min: 3 BTC markets found (mins-to-close: [1426.98, -3.02, -3.02]), 0 in entry window [0.2–1.5 min]
2026-06-21 22:53:14,100 [INFO] leo.loops: Crypto signal: 15 opps, top edge=93.5%
2026-06-21 22:53:22,810 [INFO] strategies.btc_5min: BTC5Min: 3 BTC markets found (mins-to-close: [1426.62, -3.38, -3.38]), 0 in entry window [0.2–1.5 min]
2026-06-21 22:53:26,544 [INFO] leo.loops: OracleSqueeze: 9 opps, top edge=21.5%
2026-06-21 22:53:30,232 [INFO] api_clients.polymarket_client: Polymarket: loaded 1000 active markets
2026-06-21 22:53:44,123 [INFO] strategies.btc_5min: BTC5Min: 3 BTC markets found (mins-to-close: [1426.26, -3.74, -3.74]), 0 in entry window [0.2–1.5 min]
2026-06-21 22:53:44,687 [INFO] leo.loops: Crypto signal: 15 opps, top edge=93.5%
2026-06-21 22:54:05,872 [INFO] strategies.btc_5min: BTC5Min: 3 BTC markets found (mins-to-close: [1425.9, -4.1, -4.1]), 0 in entry window [0.2–1.5 min]
2026-06-21 22:54:07,829 [INFO] api_clients.polymarket_client: Polymarket: loaded 1000 active markets
2026-06-21 22:54:15,520 [INFO] leo.loops: Crypto signal: 15 opps, top edge=91.6%
2026-06-21 22:54:21,679 [INFO] strategies.news_fade: NewsFade: spike up detected on 0x1be62d973dc8fb45de714eb2113118b6ac3e47694f8b0801c0c41d992d0b7c9f 3.05%->3.65%
2026-06-21 22:54:21,680 [INFO] strategies.news_fade: NewsFade: spike down detected on 0xeefef4320deec275a7191ad901469eec59544dc1fd53fed93f6d3b97c33787a5 5.55%->5.05%
2026-06-21 22:54:21,680 [INFO] strategies.news_fade: NewsFade: spike up detected on 0x065c9c419b6e1efa736760d175f0bb544af3b06c908d2bdcf7a942092faec5a7 0.90%->1.00%
2026-06-21 22:54:21,680 [INFO] strategies.news_fade: NewsFade: spike up detected on 0xadebd6bbf401c9509dd2e78b65a16b567f1f386dccd8cac86cd389bb53ec3a58 4.85%->5.20%
2026-06-21 22:54:21,680 [INFO] strategies.news_fade: NewsFade: spike down detected on 0xc32625f7b0ee6bea66dac05cc7a31ed770f1a3f49d330ff4a851de93d345a3cc 59.50%->54.50%
2026-06-21 22:54:21,680 [INFO] strategies.news_fade: NewsFade: spike down detected on 0x2785303a9349d892f464c251c1a39b838a8c535022c54b5a826c9d55c4049db1 0.75%->0.70%
2026-06-21 22:54:21,680 [INFO] strategies.news_fade: NewsFade: spike down detected on 0x1a01bf78f56a507fcb666d564d8c8b91b0750679163ed6e96746102c9b7d285d 23.80%->20.35%
2026-06-21 22:54:21,680 [INFO] strategies.news_fade: NewsFade: spike down detected on 0xd2a0d6750b1c64d515fc1b7143788216dae2821bfa624a97b9cb8232439d2944 1.50%->0.50%
2026-06-21 22:54:21,680 [INFO] strategies.news_fade: NewsFade: spike down detected on 0xcd399d4f0fa761b886ef23ece973df8ad874bdcbe30d8a789312d19030c2aa82 5.05%->4.60%
2026-06-21 22:54:21,680 [INFO] strategies.news_fade: NewsFade: spike up detected on 0xa0bc0c7db051defd2425c4d79fbfa1a0252cec4a987572562038a090922d412e 1.60%->1.70%
2026-06-21 22:54:21,681 [INFO] leo.loops: FavoriteShort: 3 opps, top edge=4.0%
2026-06-21 22:54:26,548 [INFO] leo.loops: OracleSqueeze: 9 opps, top edge=20.8%
2026-06-21 22:54:27,148 [INFO] strategies.btc_5min: BTC5Min: 3 BTC markets found (mins-to-close: [1425.55, -4.45, -4.45]), 0 in entry window [0.2–1.5 min]
2026-06-21 22:54:43,905 [INFO] api_clients.polymarket_client: Polymarket: loaded 1000 active markets
2026-06-21 22:54:47,321 [INFO] leo.loops: Crypto signal: 16 opps, top edge=91.6%
2026-06-21 22:54:48,270 [INFO] strategies.btc_5min: BTC5Min: 3 BTC markets found (mins-to-close: [1425.2, -4.8, 0.2]), 0 in entry window [0.2–1.5 min]
2026-06-21 22:54:52,334 [WARNING] api_clients.pyth_client: Pyth SSE disconnected: Response payload is not completed: <TransferEncodingError: 400, message='Not enough data to satisfy transfer length header.'>, retrying in 1s
2026-06-21 22:54:53,338 [INFO] api_clients.pyth_client: Pyth SSE: connecting…
2026-06-21 22:54:54,106 [INFO] api_clients.pyth_client: Pyth SSE: stream live
2026-06-21 22:55:05,524 [WARNING] api_clients.pyth_client: Pyth SSE disconnected: Response payload is not completed: <TransferEncodingError: 400, message='Not enough data to satisfy transfer length header.'>, retrying in 1s
2026-06-21 22:55:06,528 [INFO] api_clients.pyth_client: Pyth SSE: connecting…
2026-06-21 22:55:08,614 [INFO] api_clients.pyth_client: Pyth SSE: stream live
2026-06-21 22:55:10,043 [INFO] strategies.btc_5min: BTC5Min: 3 BTC markets found (mins-to-close: [1424.83, -5.17, -0.17]), 0 in entry window [0.2–1.5 min]
2026-06-21 22:55:17,950 [INFO] leo.loops: Crypto signal: 15 opps, top edge=91.5%
2026-06-21 22:55:20,757 [INFO] api_clients.polymarket_client: Polymarket: loaded 1000 active markets
2026-06-21 22:55:26,551 [INFO] leo.loops: OracleSqueeze: 8 opps, top edge=20.8%
2026-06-21 22:55:31,063 [INFO] strategies.btc_5min: BTC5Min: 5 BTC markets found (mins-to-close: [1434.48, 1444.48, 1429.48, -5.52, -0.52]), 0 in entry window [0.2–1.5 min]
2026-06-21 22:55:48,513 [INFO] leo.loops: Crypto signal: 16 opps, top edge=91.5%
2026-06-21 22:55:52,649 [INFO] strategies.btc_5min: BTC5Min: 5 BTC markets found (mins-to-close: [1434.12, 1444.12, 1429.12, -5.88, -0.88]), 0 in entry window [0.2–1.5 min]
2026-06-21 22:55:57,925 [INFO] api_clients.polymarket_client: Polymarket: loaded 1000 active markets
2026-06-21 22:56:14,685 [INFO] strategies.btc_5min: BTC5Min: 4 BTC markets found (mins-to-close: [1433.76, 1443.76, 1428.76, -1.24]), 0 in entry window [0.2–1.5 min]
2026-06-21 22:56:23,837 [WARNING] api_clients.binance_client: Coinbase candle fetch failed (ETHUSDT): 
2026-06-21 22:56:23,852 [INFO] leo.loops: Crypto signal: 16 opps, top edge=92.5%
2026-06-21 22:56:26,555 [INFO] leo.loops: OracleSqueeze: 8 opps, top edge=20.8%
2026-06-21 22:56:34,312 [INFO] api_clients.polymarket_client: Polymarket: loaded 1000 active markets
2026-06-21 22:56:36,518 [INFO] strategies.btc_5min: BTC5Min: 5 BTC markets found (mins-to-close: [1433.39, 1443.39, 1428.39, -1.61, 3.39]), 0 in entry window [0.2–1.5 min]
2026-06-21 22:56:54,236 [INFO] leo.loops: Crypto signal: 14 opps, top edge=92.6%
2026-06-21 22:56:58,481 [INFO] strategies.btc_5min: BTC5Min: 5 BTC markets found (mins-to-close: [1433.03, 1443.03, 1428.03, -1.97, 3.03]), 0 in entry window [0.2–1.5 min]
2026-06-21 22:57:11,186 [INFO] api_clients.polymarket_client: Polymarket: loaded 1000 active markets
2026-06-21 22:57:19,930 [INFO] strategies.btc_5min: BTC5Min: 5 BTC markets found (mins-to-close: [1432.67, 1442.67, 1427.67, -2.33, 2.67]), 0 in entry window [0.2–1.5 min]
2026-06-21 22:57:24,806 [INFO] leo.loops: Crypto signal: 16 opps, top edge=92.7%
2026-06-21 22:57:26,559 [INFO] leo.loops: OracleSqueeze: 7 opps, top edge=13.5%
2026-06-21 22:57:41,970 [INFO] strategies.btc_5min: BTC5Min: 5 BTC markets found (mins-to-close: [1432.3, 1442.3, 1427.3, -2.7, 2.3]), 0 in entry window [0.2–1.5 min]
2026-06-21 22:57:47,800 [INFO] api_clients.polymarket_client: Polymarket: loaded 1000 active markets
2026-06-21 22:57:55,382 [INFO] leo.loops: Crypto signal: 16 opps, top edge=92.9%
2026-06-21 22:58:03,216 [INFO] strategies.btc_5min: BTC5Min: 5 BTC markets found (mins-to-close: [1431.95, 1441.95, 1426.95, -3.05, 1.95]), 0 in entry window [0.2–1.5 min]
2026-06-21 22:58:06,264 [WARNING] api_clients.pyth_client: Pyth SSE disconnected: Response payload is not completed: <TransferEncodingError: 400, message='Not enough data to satisfy transfer length header.'>, retrying in 1s
2026-06-21 22:58:07,266 [INFO] api_clients.pyth_client: Pyth SSE: connecting…
2026-06-21 22:58:07,938 [INFO] api_clients.pyth_client: Pyth SSE: stream live
2026-06-21 22:58:08,045 [WARNING] api_clients.pyth_client: Pyth SSE disconnected: Response payload is not completed: <TransferEncodingError: 400, message='Not enough data to satisfy transfer length header.'>, retrying in 1s
2026-06-21 22:58:09,047 [INFO] api_clients.pyth_client: Pyth SSE: connecting…
2026-06-21 22:58:11,321 [INFO] api_clients.pyth_client: Pyth SSE: stream live
2026-06-21 22:58:24,982 [INFO] strategies.btc_5min: BTC5Min: 5 BTC markets found (mins-to-close: [1431.58, 1441.58, 1426.58, -3.42, 1.58]), 0 in entry window [0.2–1.5 min]
2026-06-21 22:58:24,983 [INFO] api_clients.polymarket_client: Polymarket: loaded 1000 active markets
2026-06-21 22:58:25,955 [INFO] leo.loops: Crypto signal: 16 opps, top edge=93.0%
2026-06-21 22:58:26,562 [INFO] leo.loops: OracleSqueeze: 7 opps, top edge=13.5%
2026-06-21 22:58:46,579 [INFO] strategies.btc_5min: BTC5Min: 5 BTC markets found (mins-to-close: [1431.22, 1441.22, 1426.22, -3.78, 1.22]), 1 in entry window [0.2–1.5 min]
2026-06-21 22:58:56,620 [INFO] leo.loops: Crypto signal: 16 opps, top edge=93.0%
2026-06-21 22:59:01,249 [INFO] api_clients.polymarket_client: Polymarket: loaded 1000 active markets
2026-06-21 22:59:08,090 [INFO] strategies.btc_5min: BTC5Min: 5 BTC markets found (mins-to-close: [1430.87, 1440.87, 1425.87, -4.13, 0.87]), 1 in entry window [0.2–1.5 min]
2026-06-21 22:59:21,686 [INFO] strategies.news_fade: NewsFade: spike up detected on 0x1b47e9d3b51729348b73c316a7f66e3920bbe1548583e1899d1d716697dee198 4.80%->6.30%
2026-06-21 22:59:21,689 [INFO] leo.loops: FavoriteShort: 5 opps, top edge=4.0%
2026-06-21 22:59:26,567 [INFO] leo.loops: OracleSqueeze: 7 opps, top edge=13.5%
2026-06-21 22:59:27,472 [INFO] leo.loops: Crypto signal: 16 opps, top edge=93.0%
2026-06-21 22:59:29,088 [WARNING] api_clients.pyth_client: Pyth SSE disconnected: Response payload is not completed: <TransferEncodingError: 400, message='Not enough data to satisfy transfer length header.'>, retrying in 1s
2026-06-21 22:59:29,372 [INFO] strategies.btc_5min: BTC5Min: 5 BTC markets found (mins-to-close: [1430.51, 1440.51, 1425.51, -4.49, 0.51]), 1 in entry window [0.2–1.5 min]
2026-06-21 22:59:30,090 [INFO] api_clients.pyth_client: Pyth SSE: connecting…
2026-06-21 22:59:30,583 [INFO] api_clients.pyth_client: Pyth SSE: stream live
2026-06-21 22:59:35,637 [WARNING] api_clients.pyth_client: Pyth SSE disconnected: Response payload is not completed: <TransferEncodingError: 400, message='Not enough data to satisfy transfer length header.'>, retrying in 1s
2026-06-21 22:59:36,640 [INFO] api_clients.pyth_client: Pyth SSE: connecting…
2026-06-21 22:59:37,657 [INFO] api_clients.pyth_client: Pyth SSE: stream live
2026-06-21 22:59:37,840 [INFO] api_clients.polymarket_client: Polymarket: loaded 1000 active markets
2026-06-21 22:59:50,374 [INFO] strategies.btc_5min: BTC5Min: 5 BTC markets found (mins-to-close: [1430.16, 1440.16, 1425.16, 0.16, 0.16]), 0 in entry window [0.2–1.5 min]
2026-06-21 22:59:58,152 [INFO] leo.loops: Crypto signal: 15 opps, top edge=93.1%
2026-06-21 23:00:11,636 [INFO] strategies.btc_5min: BTC5Min: 5 BTC markets found (mins-to-close: [1429.81, 1439.81, 1424.81, -0.19, -0.19]), 0 in entry window [0.2–1.5 min]
2026-06-21 23:00:14,877 [INFO] api_clients.polymarket_client: Polymarket: loaded 1000 active markets
2026-06-21 23:00:26,573 [INFO] leo.loops: OracleSqueeze: 6 opps, top edge=13.5%
2026-06-21 23:00:28,767 [INFO] leo.loops: Crypto signal: 15 opps, top edge=93.2%
2026-06-21 23:00:33,277 [INFO] strategies.btc_5min: BTC5Min: 6 BTC markets found (mins-to-close: [1434.45, 1429.45, 1439.45, 1424.45, -0.55, -0.55]), 0 in entry window [0.2–1.5 min]
2026-06-21 23:00:51,148 [INFO] api_clients.polymarket_client: Polymarket: loaded 1000 active markets
2026-06-21 23:00:54,254 [INFO] strategies.btc_5min: BTC5Min: 7 BTC markets found (mins-to-close: [1434.1, 1429.1, 1439.1, 1424.1, -0.9, -0.9, -0.9]), 0 in entry window [0.2–1.5 min]
2026-06-21 23:00:55,085 [INFO] api_clients.forecast_client: Forecast: loaded 0 questions (0 meta, 0 manifold)
2026-06-21 23:00:59,316 [INFO] leo.loops: Crypto signal: 15 opps, top edge=93.3%
2026-06-21 23:01:16,301 [INFO] strategies.btc_5min: BTC5Min: 7 BTC markets found (mins-to-close: [1433.73, 1428.73, 1438.73, 1423.73, -1.27, -1.27, -1.27]), 0 in entry window [0.2–1.5 min]
2026-06-21 23:01:26,576 [INFO] leo.loops: OracleSqueeze: 6 opps, top edge=13.5%
2026-06-21 23:01:27,944 [INFO] api_clients.polymarket_client: Polymarket: loaded 1000 active markets
2026-06-21 23:01:29,894 [INFO] leo.loops: Crypto signal: 14 opps, top edge=93.8%
2026-06-21 23:01:37,611 [INFO] strategies.btc_5min: BTC5Min: 6 BTC markets found (mins-to-close: [1433.37, 1428.37, 1438.37, 1423.37, -1.63, -1.63]), 0 in entry window [0.2–1.5 min]
2026-06-21 23:01:58,878 [INFO] strategies.btc_5min: BTC5Min: 6 BTC markets found (mins-to-close: [1433.02, 1428.02, 1438.02, 1423.02, -1.98, -1.98]), 0 in entry window [0.2–1.5 min]
2026-06-21 23:02:00,605 [INFO] leo.loops: Crypto signal: 15 opps, top edge=92.9%
2026-06-21 23:02:04,787 [INFO] api_clients.polymarket_client: Polymarket: loaded 1000 active markets
2026-06-21 23:02:20,670 [INFO] strategies.btc_5min: BTC5Min: 6 BTC markets found (mins-to-close: [1432.66, 1427.66, 1437.66, 1422.66, -2.34, -2.34]), 0 in entry window [0.2–1.5 min]
2026-06-21 23:02:26,578 [INFO] leo.loops: OracleSqueeze: 3 opps, top edge=8.0%
2026-06-21 23:02:31,217 [INFO] leo.loops: Crypto signal: 13 opps, top edge=93.7%
2026-06-21 23:02:41,932 [INFO] api_clients.polymarket_client: Polymarket: loaded 1000 active markets
2026-06-21 23:02:42,329 [INFO] strategies.btc_5min: BTC5Min: 6 BTC markets found (mins-to-close: [1432.29, 1427.29, 1437.29, 1422.29, -2.71, -2.71]), 0 in entry window [0.2–1.5 min]
2026-06-21 23:03:01,530 [INFO] leo.loops: Crypto signal: 13 opps, top edge=93.5%
2026-06-21 23:03:03,585 [INFO] strategies.btc_5min: BTC5Min: 6 BTC markets found (mins-to-close: [1431.94, 1426.94, 1436.94, 1421.94, -3.06, -3.06]), 0 in entry window [0.2–1.5 min]
2026-06-21 23:03:18,243 [INFO] api_clients.polymarket_client: Polymarket: loaded 1000 active markets
2026-06-21 23:03:25,338 [INFO] strategies.btc_5min: BTC5Min: 6 BTC markets found (mins-to-close: [1431.58, 1426.58, 1436.58, 1421.58, -3.42, -3.42]), 0 in entry window [0.2–1.5 min]
2026-06-21 23:03:26,589 [INFO] leo.loops: OracleSqueeze: 3 opps, top edge=8.0%
2026-06-21 23:03:32,136 [INFO] leo.loops: Crypto signal: 15 opps, top edge=94.9%
2026-06-21 23:03:46,622 [INFO] strategies.btc_5min: BTC5Min: 6 BTC markets found (mins-to-close: [1431.22, 1426.22, 1436.22, 1421.22, -3.78, -3.78]), 0 in entry window [0.2–1.5 min]
2026-06-21 23:03:55,053 [INFO] api_clients.polymarket_client: Polymarket: loaded 1000 active markets
2026-06-21 23:04:03,037 [INFO] leo.loops: Crypto signal: 15 opps, top edge=94.9%
2026-06-21 23:04:08,137 [INFO] strategies.btc_5min: BTC5Min: 6 BTC markets found (mins-to-close: [1430.86, 1425.86, 1435.86, 1420.86, -4.14, -4.14]), 0 in entry window [0.2–1.5 min]
2026-06-21 23:04:21,690 [INFO] strategies.news_fade: NewsFade: spike up detected on 0x91a0b4ff72ad76f01abf986e18aa8d226a5172760fffdc3687b78c580692bca2 25.50%->29.50%
2026-06-21 23:04:21,690 [INFO] strategies.news_fade: NewsFade: spike up detected on 0xdf60bb828711c7a9b60c7aea232d981959b461165844819cfca5312dd9689a33 0.25%->0.35%
2026-06-21 23:04:21,690 [INFO] strategies.news_fade: NewsFade: spike down detected on 0x4bcc3bab5a77e2d377e5e1f96c87361b8a875d1c71a474c1b81ef1827683d2e4 1.55%->1.30%
2026-06-21 23:04:21,691 [INFO] strategies.news_fade: NewsFade: spike up detected on 0x511e4f617cbdf200aed1dce58c174f4714ae5c0603d62a7d4502ac172ac0a565 2.75%->3.45%
2026-06-21 23:04:21,691 [INFO] strategies.news_fade: NewsFade: spike down detected on 0x6bd38225e20be4f4953e027150092ed70c09288cd978f079fd2ff411b8b5183e 0.45%->0.40%
2026-06-21 23:04:21,692 [INFO] strategies.news_fade: NewsFade: spike down detected on 0x327909808055f042be03a2e6c7ea1872e1b0b0377f30fe13ac4cf75b4b00084f 0.20%->0.05%
2026-06-21 23:04:21,693 [INFO] strategies.news_fade: NewsFade: spike down detected on 0x2d62406d718b45a9b0417e05d33aef6fe31381f2922acc0ba0938d99145299c6 16.00%->15.00%
2026-06-21 23:04:21,694 [INFO] leo.loops: FavoriteShort: 6 opps, top edge=4.0%
2026-06-21 23:04:26,592 [INFO] leo.loops: OracleSqueeze: 3 opps, top edge=8.0%
2026-06-21 23:04:29,979 [INFO] strategies.btc_5min: BTC5Min: 6 BTC markets found (mins-to-close: [1430.5, 1425.5, 1435.5, 1420.5, -4.5, -4.5]), 0 in entry window [0.2–1.5 min]
2026-06-21 23:04:32,236 [INFO] api_clients.polymarket_client: Polymarket: loaded 1000 active markets
2026-06-21 23:04:33,610 [INFO] leo.loops: Crypto signal: 15 opps, top edge=94.9%
2026-06-21 23:04:51,564 [INFO] strategies.btc_5min: BTC5Min: 6 BTC markets found (mins-to-close: [1430.14, 1425.14, 1435.14, 1420.14, 0.14, -4.86]), 0 in entry window [0.2–1.5 min]
2026-06-21 23:05:04,175 [INFO] leo.loops: Crypto signal: 15 opps, top edge=94.9%
2026-06-21 23:05:08,560 [INFO] api_clients.polymarket_client: Polymarket: loaded 1000 active markets
2026-06-21 23:05:12,546 [INFO] strategies.btc_5min: BTC5Min: 6 BTC markets found (mins-to-close: [1429.79, 1424.79, 1434.79, 1419.79, -0.21, -5.21]), 0 in entry window [0.2–1.5 min]
2026-06-21 23:05:26,596 [INFO] leo.loops: OracleSqueeze: 1 opps, top edge=6.0%
2026-06-21 23:05:34,403 [INFO] strategies.btc_5min: BTC5Min: 7 BTC markets found (mins-to-close: [1434.43, 1429.43, 1424.43, 1434.43, 1419.43, -0.57, -5.57]), 0 in entry window [0.2–1.5 min]
2026-06-21 23:05:34,754 [INFO] leo.loops: Crypto signal: 15 opps, top edge=94.9%
2026-06-21 23:05:45,244 [INFO] api_clients.polymarket_client: Polymarket: loaded 1000 active markets
2026-06-21 23:05:55,732 [INFO] strategies.btc_5min: BTC5Min: 6 BTC markets found (mins-to-close: [1434.07, 1429.07, 1424.07, 1434.07, 1419.07, -0.93]), 0 in entry window [0.2–1.5 min]
2026-06-21 23:06:05,315 [INFO] leo.loops: Crypto signal: 15 opps, top edge=94.9%
2026-06-21 23:06:17,208 [INFO] strategies.btc_5min: BTC5Min: 6 BTC markets found (mins-to-close: [1433.71, 1428.71, 1423.71, 1433.71, 1418.71, -1.29]), 0 in entry window [0.2–1.5 min]
2026-06-21 23:06:22,588 [INFO] api_clients.polymarket_client: Polymarket: loaded 1000 active markets
2026-06-21 23:06:26,599 [INFO] leo.loops: OracleSqueeze: 1 opps, top edge=6.0%
2026-06-21 23:06:36,020 [INFO] leo.loops: Crypto signal: 12 opps, top edge=92.6%
2026-06-21 23:06:38,487 [INFO] strategies.btc_5min: BTC5Min: 6 BTC markets found (mins-to-close: [1433.36, 1428.36, 1423.36, 1433.36, 1418.36, -1.64]), 0 in entry window [0.2–1.5 min]
2026-06-21 23:06:50,088 [WARNING] api_clients.pyth_client: Pyth SSE disconnected: Response payload is not completed: <TransferEncodingError: 400, message='Not enough data to satisfy transfer length header.'>, retrying in 1s
2026-06-21 23:06:51,091 [INFO] api_clients.pyth_client: Pyth SSE: connecting…
2026-06-21 23:06:51,794 [INFO] api_clients.pyth_client: Pyth SSE: stream live
2026-06-21 23:06:58,770 [INFO] api_clients.polymarket_client: Polymarket: loaded 1000 active markets
2026-06-21 23:06:59,857 [INFO] strategies.btc_5min: BTC5Min: 6 BTC markets found (mins-to-close: [1433.0, 1428.0, 1423.0, 1433.0, 1418.0, -2.0]), 0 in entry window [0.2–1.5 min]
2026-06-21 23:07:01,105 [WARNING] api_clients.pyth_client: Pyth SSE disconnected: Response payload is not completed: <TransferEncodingError: 400, message='Not enough data to satisfy transfer length header.'>, retrying in 1s
2026-06-21 23:07:02,105 [INFO] api_clients.pyth_client: Pyth SSE: connecting…
2026-06-21 23:07:03,701 [INFO] api_clients.pyth_client: Pyth SSE: stream live
2026-06-21 23:07:06,586 [INFO] leo.loops: Crypto signal: 12 opps, top edge=92.7%
2026-06-21 23:07:21,290 [INFO] strategies.btc_5min: BTC5Min: 6 BTC markets found (mins-to-close: [1432.65, 1427.65, 1422.65, 1432.65, 1417.65, -2.35]), 0 in entry window [0.2–1.5 min]
2026-06-21 23:07:35,420 [INFO] api_clients.polymarket_client: Polymarket: loaded 1000 active markets
2026-06-21 23:07:37,295 [INFO] leo.loops: Crypto signal: 12 opps, top edge=92.7%
2026-06-21 23:07:42,475 [INFO] strategies.btc_5min: BTC5Min: 6 BTC markets found (mins-to-close: [1432.29, 1427.29, 1422.29, 1432.29, 1417.29, -2.71]), 0 in entry window [0.2–1.5 min]
2026-06-21 23:08:03,752 [INFO] strategies.btc_5min: BTC5Min: 6 BTC markets found (mins-to-close: [1431.94, 1426.94, 1421.94, 1431.94, 1416.94, -3.06]), 0 in entry window [0.2–1.5 min]
2026-06-21 23:08:07,864 [INFO] leo.loops: Crypto signal: 13 opps, top edge=92.8%
2026-06-21 23:08:12,138 [INFO] api_clients.polymarket_client: Polymarket: loaded 1000 active markets
2026-06-21 23:08:25,270 [INFO] strategies.btc_5min: BTC5Min: 6 BTC markets found (mins-to-close: [1431.58, 1426.58, 1421.58, 1431.58, 1416.58, -3.42]), 0 in entry window [0.2–1.5 min]
2026-06-21 23:08:38,438 [INFO] leo.loops: Crypto signal: 13 opps, top edge=92.9%
2026-06-21 23:08:46,583 [INFO] strategies.btc_5min: BTC5Min: 6 BTC markets found (mins-to-close: [1431.22, 1426.22, 1421.22, 1431.22, 1416.22, -3.78]), 0 in entry window [0.2–1.5 min]
2026-06-21 23:08:49,297 [INFO] api_clients.polymarket_client: Polymarket: loaded 1000 active markets
2026-06-21 23:09:08,373 [INFO] strategies.btc_5min: BTC5Min: 6 BTC markets found (mins-to-close: [1430.86, 1425.86, 1420.86, 1430.86, 1415.86, -4.14]), 0 in entry window [0.2–1.5 min]
2026-06-21 23:09:09,004 [INFO] leo.loops: Crypto signal: 13 opps, top edge=92.9%
2026-06-21 23:09:21,712 [INFO] strategies.news_fade: NewsFade: spike up detected on 0x57165bc68af588cf16e499eecd6c040e458c939e0fb0dd4b193744a9d21aa5f2 1.15%->1.30%
2026-06-21 23:09:21,712 [INFO] strategies.news_fade: NewsFade: spike down detected on 0xc700c8f5fd4ae02e1cea115059dd330b808115235f9e688a213eb4364feba840 12.50%->9.00%
2026-06-21 23:09:21,712 [INFO] strategies.news_fade: NewsFade: spike down detected on 0x04fe95ce83c8fbb73697063c6339a2a1b65d27a5d8b495898a84d5ba67627aed 4.65%->3.45%
2026-06-21 23:09:21,713 [INFO] strategies.news_fade: NewsFade: spike up detected on 0xd71197329e1145258b960c36269870229ee816b0aa089e8f1b64ea196d7e2d08 3.35%->3.60%
2026-06-21 23:09:21,713 [INFO] strategies.news_fade: NewsFade: spike down detected on 0x99e5c683143a52e9f129ba97bd9d05a44435008296ac5f148735109a215e5c92 1.85%->1.45%
2026-06-21 23:09:21,714 [INFO] strategies.news_fade: NewsFade: spike up detected on 0x4a83871e808542d234fc72340d9a1c0d3091a56f863c134e9a71c3534521f774 0.75%->0.80%
2026-06-21 23:09:21,714 [INFO] strategies.news_fade: NewsFade: spike down detected on 0xdd3d104667774208eae2239f576122ecdd1c04ba81cc14d26d22a36b33887977 2.05%->1.90%
2026-06-21 23:09:21,714 [INFO] strategies.news_fade: NewsFade: spike down detected on 0x17c9dead8bed402d330e2aa5bcfb4d6f7764d3cc60d6508a03be003f4e88e64b 0.60%->0.55%
2026-06-21 23:09:21,715 [INFO] strategies.news_fade: NewsFade: spike down detected on 0xce06812a5a112b0da6cea81a241bbb50752790608958698a31eb5c868b60e60a 46.50%->41.50%
2026-06-21 23:09:21,716 [INFO] leo.loops: FavoriteShort: 6 opps, top edge=4.0%
2026-06-21 23:09:25,588 [INFO] api_clients.polymarket_client: Polymarket: loaded 1000 active markets
2026-06-21 23:09:29,955 [INFO] strategies.btc_5min: BTC5Min: 6 BTC markets found (mins-to-close: [1430.5, 1425.5, 1420.5, 1430.5, 1415.5, 5.5]), 0 in entry window [0.2–1.5 min]
2026-06-21 23:09:39,941 [INFO] leo.loops: Crypto signal: 12 opps, top edge=93.0%
2026-06-21 23:09:51,240 [INFO] strategies.btc_5min: BTC5Min: 6 BTC markets found (mins-to-close: [1430.15, 1425.15, 1420.15, 1430.15, 1415.15, 5.15]), 0 in entry window [0.2–1.5 min]
2026-06-21 23:10:02,342 [INFO] api_clients.polymarket_client: Polymarket: loaded 1000 active markets
2026-06-21 23:10:10,818 [INFO] leo.loops: Crypto signal: 13 opps, top edge=93.0%
2026-06-21 23:10:12,098 [INFO] strategies.btc_5min: BTC5Min: 6 BTC markets found (mins-to-close: [1429.8, 1424.8, 1419.8, 1429.8, 1414.8, 4.8]), 0 in entry window [0.2–1.5 min]
2026-06-21 23:10:33,918 [INFO] strategies.btc_5min: BTC5Min: 8 BTC markets found (mins-to-close: [1434.43, 1444.43, 1429.43, 1424.43, 1419.43, 1429.43, 1414.43, 4.43]), 0 in entry window [0.2–1.5 min]
2026-06-21 23:10:39,585 [INFO] api_clients.polymarket_client: Polymarket: loaded 1000 active markets
2026-06-21 23:10:41,447 [INFO] leo.loops: Crypto signal: 11 opps, top edge=92.4%
2026-06-21 23:10:55,813 [INFO] strategies.btc_5min: BTC5Min: 8 BTC markets found (mins-to-close: [1434.07, 1444.07, 1429.07, 1424.07, 1419.07, 1429.07, 1414.07, 4.07]), 0 in entry window [0.2–1.5 min]
2026-06-21 23:11:06,546 [WARNING] api_clients.pyth_client: Pyth SSE disconnected: Response payload is not completed: <TransferEncodingError: 400, message='Not enough data to satisfy transfer length header.'>, retrying in 1s
2026-06-21 23:11:07,549 [INFO] api_clients.pyth_client: Pyth SSE: connecting…
2026-06-21 23:11:08,066 [INFO] api_clients.pyth_client: Pyth SSE: stream live
2026-06-21 23:11:08,702 [WARNING] api_clients.pyth_client: Pyth SSE disconnected: Response payload is not completed: <TransferEncodingError: 400, message='Not enough data to satisfy transfer length header.'>, retrying in 1s
2026-06-21 23:11:09,704 [INFO] api_clients.pyth_client: Pyth SSE: connecting…
2026-06-21 23:11:10,495 [INFO] api_clients.pyth_client: Pyth SSE: stream live
2026-06-21 23:11:11,852 [WARNING] api_clients.pyth_client: Pyth SSE disconnected: Response payload is not completed: <TransferEncodingError: 400, message='Not enough data to satisfy transfer length header.'>, retrying in 1s
2026-06-21 23:11:12,336 [INFO] leo.loops: Crypto signal: 11 opps, top edge=92.4%
2026-06-21 23:11:12,852 [INFO] api_clients.pyth_client: Pyth SSE: connecting…
2026-06-21 23:11:13,792 [INFO] api_clients.pyth_client: Pyth SSE: stream live
2026-06-21 23:11:15,923 [INFO] api_clients.polymarket_client: Polymarket: loaded 1000 active markets
2026-06-21 23:11:16,801 [INFO] strategies.btc_5min: BTC5Min: 8 BTC markets found (mins-to-close: [1433.72, 1443.72, 1428.72, 1423.72, 1418.72, 1428.72, 1413.72, 3.72]), 0 in entry window [0.2–1.5 min]
2026-06-21 23:11:38,603 [INFO] strategies.btc_5min: BTC5Min: 8 BTC markets found (mins-to-close: [1433.36, 1443.36, 1428.36, 1423.36, 1418.36, 1428.36, 1413.36, 3.36]), 0 in entry window [0.2–1.5 min]
2026-06-21 23:11:42,901 [INFO] leo.loops: Crypto signal: 11 opps, top edge=92.4%
2026-06-21 23:11:52,748 [INFO] api_clients.polymarket_client: Polymarket: loaded 1000 active markets
2026-06-21 23:11:59,594 [INFO] strategies.btc_5min: BTC5Min: 8 BTC markets found (mins-to-close: [1433.01, 1443.01, 1428.01, 1423.01, 1418.01, 1428.01, 1413.01, 3.01]), 0 in entry window [0.2–1.5 min]
2026-06-21 23:12:13,458 [INFO] leo.loops: Crypto signal: 10 opps, top edge=92.4%
2026-06-21 23:12:21,119 [INFO] strategies.btc_5min: BTC5Min: 8 BTC markets found (mins-to-close: [1432.65, 1442.65, 1427.65, 1422.65, 1417.65, 1427.65, 1412.65, 2.65]), 0 in entry window [0.2–1.5 min]
2026-06-21 23:12:29,247 [INFO] api_clients.polymarket_client: Polymarket: loaded 1000 active markets
2026-06-21 23:12:42,804 [INFO] strategies.btc_5min: BTC5Min: 8 BTC markets found (mins-to-close: [1432.29, 1442.29, 1427.29, 1422.29, 1417.29, 1427.29, 1412.29, 2.29]), 0 in entry window [0.2–1.5 min]
2026-06-21 23:12:44,042 [INFO] leo.loops: Crypto signal: 11 opps, top edge=92.4%
2026-06-21 23:13:03,853 [INFO] strategies.btc_5min: BTC5Min: 8 BTC markets found (mins-to-close: [1431.94, 1441.94, 1426.94, 1421.94, 1416.94, 1426.94, 1411.94, 1.94]), 0 in entry window [0.2–1.5 min]
2026-06-21 23:13:06,809 [INFO] api_clients.polymarket_client: Polymarket: loaded 1000 active markets
2026-06-21 23:13:14,654 [INFO] leo.loops: Crypto signal: 10 opps, top edge=92.4%
2026-06-21 23:13:25,182 [INFO] strategies.btc_5min: BTC5Min: 8 BTC markets found (mins-to-close: [1431.58, 1441.58, 1426.58, 1421.58, 1416.58, 1426.58, 1411.58, 1.58]), 0 in entry window [0.2–1.5 min]
2026-06-21 23:13:42,732 [INFO] api_clients.polymarket_client: Polymarket: loaded 1000 active markets
2026-06-21 23:13:45,347 [INFO] leo.loops: Crypto signal: 10 opps, top edge=92.4%
2026-06-21 23:13:46,271 [INFO] strategies.btc_5min: BTC5Min: 8 BTC markets found (mins-to-close: [1431.23, 1441.23, 1426.23, 1421.23, 1416.23, 1426.23, 1411.23, 1.23]), 1 in entry window [0.2–1.5 min]
2026-06-21 23:13:47,151 [INFO] leo.loops: BTC5Min: 1 opps, top edge=75.7%
2026-06-21 23:14:08,678 [INFO] strategies.btc_5min: BTC5Min: 8 BTC markets found (mins-to-close: [1430.86, 1440.86, 1425.86, 1420.86, 1415.86, 1425.86, 1410.86, 0.86]), 1 in entry window [0.2–1.5 min]
2026-06-21 23:14:08,978 [INFO] leo.loops: BTC5Min: 1 opps, top edge=90.0%
2026-06-21 23:14:16,174 [INFO] leo.loops: Crypto signal: 10 opps, top edge=92.4%
2026-06-21 23:14:19,580 [INFO] api_clients.polymarket_client: Polymarket: loaded 1000 active markets
2026-06-21 23:14:21,751 [INFO] strategies.news_fade: NewsFade: spike down detected on 0xe924d877dd9fdca3494b899cd5f469e38f8e4f5437beb2811ac8a8ee2ba87b53 0.40%->0.05%
2026-06-21 23:14:21,752 [INFO] strategies.news_fade: NewsFade: spike down detected on 0xabc61993dc1a40e91c3ae966bae63245906e92f706f98c9382ca4c33d945ccb5 0.20%->0.15%
2026-06-21 23:14:21,752 [INFO] strategies.news_fade: NewsFade: spike down detected on 0xaabcd7cb043db45925c9e301d2079a11befebd2271360e6ac5f6bab39affbb1a 0.50%->0.05%
2026-06-21 23:14:21,752 [INFO] strategies.news_fade: NewsFade: spike down detected on 0xc48fbef767ef847623079fd3677695ac87b41b5c7a257b0f2603de8c4061bbb0 0.50%->0.05%
2026-06-21 23:14:21,754 [INFO] leo.loops: FavoriteShort: 6 opps, top edge=4.0%
2026-06-21 23:14:29,729 [INFO] strategies.btc_5min: BTC5Min: 10 BTC markets found (mins-to-close: [1430.5, 1440.5, 1425.5, 1420.5, 1415.5, 1425.5, 1410.5, 0.5, 0.5, 0.5]), 3 in entry window [0.2–1.5 min]
2026-06-21 23:14:30,005 [INFO] leo.loops: BTC5Min: 2 opps, top edge=71.2%
2026-06-21 23:14:47,045 [INFO] leo.loops: Crypto signal: 9 opps, top edge=92.4%
2026-06-21 23:14:51,007 [INFO] strategies.btc_5min: BTC5Min: 10 BTC markets found (mins-to-close: [1430.15, 1440.15, 1425.15, 1420.15, 1415.15, 1425.15, 1410.15, 0.15, 0.15, 0.15]), 0 in entry window [0.2–1.5 min]
2026-06-21 23:14:56,818 [INFO] api_clients.polymarket_client: Polymarket: loaded 1000 active markets
2026-06-21 23:15:01,002 [INFO] api_clients.weather_client: Weather: refreshed 13 city forecasts
2026-06-21 23:15:01,008 [INFO] leo.loops: Weather: 1 opps, top edge=12.5%
2026-06-21 23:15:12,824 [INFO] strategies.btc_5min: BTC5Min: 9 BTC markets found (mins-to-close: [1429.79, 1439.79, 1424.79, 1419.79, 1414.79, 1424.79, 1409.79, -0.21, -0.21]), 0 in entry window [0.2–1.5 min]
2026-06-21 23:15:17,620 [INFO] leo.loops: Crypto signal: 9 opps, top edge=92.4%
2026-06-21 23:15:33,019 [INFO] api_clients.polymarket_client: Polymarket: loaded 1000 active markets
2026-06-21 23:15:34,709 [INFO] strategies.btc_5min: BTC5Min: 10 BTC markets found (mins-to-close: [1434.42, 1429.42, 1439.42, 1424.42, 1419.42, 1414.42, 1424.42, 1409.42, -0.58, -0.58]), 0 in entry window [0.2–1.5 min]
2026-06-21 23:15:48,296 [INFO] leo.loops: Crypto signal: 9 opps, top edge=92.4%
2026-06-21 23:15:56,085 [INFO] strategies.btc_5min: BTC5Min: 10 BTC markets found (mins-to-close: [1434.07, 1429.07, 1439.07, 1424.07, 1419.07, 1414.07, 1424.07, 1409.07, -0.93, -0.93]), 0 in entry window [0.2–1.5 min]
2026-06-21 23:15:56,207 [INFO] api_clients.forecast_client: Forecast: loaded 0 questions (0 meta, 0 manifold)
2026-06-21 23:16:09,919 [INFO] api_clients.polymarket_client: Polymarket: loaded 1000 active markets
2026-06-21 23:16:17,916 [INFO] strategies.btc_5min: BTC5Min: 11 BTC markets found (mins-to-close: [1433.7, 1428.7, 1438.7, 1423.7, 1418.7, 1413.7, 1423.7, 1408.7, -1.3, -1.3, -1.3]), 0 in entry window [0.2–1.5 min]
2026-06-21 23:16:18,875 [INFO] leo.loops: Crypto signal: 9 opps, top edge=92.4%
2026-06-21 23:16:40,349 [INFO] strategies.btc_5min: BTC5Min: 11 BTC markets found (mins-to-close: [1433.33, 1428.33, 1438.33, 1423.33, 1418.33, 1413.33, 1423.33, 1408.33, -1.67, -1.67, -1.67]), 0 in entry window [0.2–1.5 min]
2026-06-21 23:16:46,508 [INFO] api_clients.polymarket_client: Polymarket: loaded 1000 active markets
2026-06-21 23:16:49,474 [INFO] leo.loops: Crypto signal: 9 opps, top edge=92.4%
2026-06-21 23:17:01,340 [INFO] strategies.btc_5min: BTC5Min: 11 BTC markets found (mins-to-close: [1432.98, 1427.98, 1437.98, 1422.98, 1417.98, 1412.98, 1422.98, 1407.98, -2.02, -2.02, -2.02]), 0 in entry window [0.2–1.5 min]
2026-06-21 23:17:20,052 [INFO] leo.loops: Crypto signal: 9 opps, top edge=92.3%
2026-06-21 23:17:22,952 [INFO] strategies.btc_5min: BTC5Min: 11 BTC markets found (mins-to-close: [1432.62, 1427.62, 1437.62, 1422.62, 1417.62, 1412.62, 1422.62, 1407.62, -2.38, -2.38, -2.38]), 0 in entry window [0.2–1.5 min]
2026-06-21 23:17:23,546 [INFO] api_clients.polymarket_client: Polymarket: loaded 1000 active markets
2026-06-21 23:17:44,734 [INFO] strategies.btc_5min: BTC5Min: 11 BTC markets found (mins-to-close: [1432.25, 1427.25, 1437.25, 1422.25, 1417.25, 1412.25, 1422.25, 1407.25, -2.75, -2.75, -2.75]), 0 in entry window [0.2–1.5 min]
2026-06-21 23:17:50,678 [INFO] leo.loops: Crypto signal: 11 opps, top edge=92.3%
2026-06-21 23:18:00,007 [INFO] api_clients.polymarket_client: Polymarket: loaded 1000 active markets
2026-06-21 23:18:06,059 [INFO] strategies.btc_5min: BTC5Min: 11 BTC markets found (mins-to-close: [1431.9, 1426.9, 1436.9, 1421.9, 1416.9, 1411.9, 1421.9, 1406.9, -3.1, -3.1, -3.1]), 0 in entry window [0.2–1.5 min]
2026-06-21 23:18:21,544 [INFO] leo.loops: Crypto signal: 11 opps, top edge=92.3%
2026-06-21 23:18:27,208 [INFO] strategies.btc_5min: BTC5Min: 11 BTC markets found (mins-to-close: [1431.55, 1426.55, 1436.55, 1421.55, 1416.55, 1411.55, 1421.55, 1406.55, -3.45, -3.45, -3.45]), 0 in entry window [0.2–1.5 min]
2026-06-21 23:18:36,702 [INFO] api_clients.polymarket_client: Polymarket: loaded 1000 active markets
2026-06-21 23:18:48,934 [INFO] strategies.btc_5min: BTC5Min: 11 BTC markets found (mins-to-close: [1431.18, 1426.18, 1436.18, 1421.18, 1416.18, 1411.18, 1421.18, 1406.18, -3.82, -3.82, -3.82]), 0 in entry window [0.2–1.5 min]
2026-06-21 23:18:51,809 [WARNING] api_clients.pyth_client: Pyth SSE disconnected: Response payload is not completed: <TransferEncodingError: 400, message='Not enough data to satisfy transfer length header.'>, retrying in 1s
2026-06-21 23:18:52,117 [INFO] leo.loops: Crypto signal: 11 opps, top edge=92.3%
2026-06-21 23:18:52,812 [INFO] api_clients.pyth_client: Pyth SSE: connecting…
2026-06-21 23:18:53,279 [INFO] api_clients.pyth_client: Pyth SSE: stream live
2026-06-21 23:18:53,348 [WARNING] api_clients.pyth_client: Pyth SSE disconnected: Response payload is not completed: <TransferEncodingError: 400, message='Not enough data to satisfy transfer length header.'>, retrying in 1s
2026-06-21 23:18:54,350 [INFO] api_clients.pyth_client: Pyth SSE: connecting…
2026-06-21 23:18:55,266 [INFO] api_clients.pyth_client: Pyth SSE: stream live
2026-06-21 23:19:10,605 [INFO] strategies.btc_5min: BTC5Min: 11 BTC markets found (mins-to-close: [1430.82, 1425.82, 1435.82, 1420.82, 1415.82, 1410.82, 1420.82, 1405.82, -4.18, -4.18, -4.18]), 0 in entry window [0.2–1.5 min]
2026-06-21 23:19:13,948 [INFO] api_clients.polymarket_client: Polymarket: loaded 1000 active markets
2026-06-21 23:19:21,839 [INFO] strategies.news_fade: NewsFade: spike down detected on 0x676e7cda423f5826bcbb3c141e808ad7c66bc2d055e4d0aca79c26779712062c 3.70%->3.45%
2026-06-21 23:19:21,840 [INFO] strategies.news_fade: NewsFade: spike down detected on 0xe032c736ff367ee38067f2a4b0b712756e41bf73a389c33ab7e90271ee7080cc 1.65%->0.05%
2026-06-21 23:19:21,840 [INFO] strategies.news_fade: NewsFade: spike down detected on 0x8d4966e84ae80f24b2e14643fdd45364e354229e11e2c17903b4b1763cfbe67c 0.95%->0.85%
2026-06-21 23:19:21,840 [INFO] strategies.news_fade: NewsFade: spike down detected on 0x86c4455035d81c512138b8e38ade7defdb46708d3ee43098cdc8429a7d3b9bd9 0.75%->0.60%
2026-06-21 23:19:21,840 [INFO] strategies.news_fade: NewsFade: spike up detected on 0xef4ab08541214903ca6eca617416a5fe1867bc3d7008c571f39001b1f62ae58f 7.35%->8.40%
2026-06-21 23:19:21,840 [INFO] leo.loops: FavoriteShort: 6 opps, top edge=4.0%
2026-06-21 23:19:22,681 [INFO] leo.loops: Crypto signal: 11 opps, top edge=92.3%
2026-06-21 23:19:31,873 [INFO] strategies.btc_5min: BTC5Min: 9 BTC markets found (mins-to-close: [1430.47, 1425.47, 1435.47, 1420.47, 1415.47, 1410.47, 1420.47, 1405.47, -4.53]), 0 in entry window [0.2–1.5 min]
2026-06-21 23:19:50,138 [INFO] api_clients.polymarket_client: Polymarket: loaded 1000 active markets
2026-06-21 23:19:53,375 [INFO] strategies.btc_5min: BTC5Min: 9 BTC markets found (mins-to-close: [1430.11, 1425.11, 1435.11, 1420.11, 1415.11, 1410.11, 1420.11, 1405.11, -4.89]), 0 in entry window [0.2–1.5 min]
2026-06-21 23:19:53,526 [INFO] leo.loops: Crypto signal: 12 opps, top edge=92.3%
2026-06-21 23:20:15,143 [INFO] strategies.btc_5min: BTC5Min: 9 BTC markets found (mins-to-close: [1429.75, 1424.75, 1434.75, 1419.75, 1414.75, 1409.75, 1419.75, 1404.75, -5.25]), 0 in entry window [0.2–1.5 min]
2026-06-21 23:20:24,366 [INFO] leo.loops: Crypto signal: 12 opps, top edge=92.7%
2026-06-21 23:20:26,731 [INFO] api_clients.polymarket_client: Polymarket: loaded 1000 active markets
2026-06-21 23:20:36,426 [INFO] strategies.btc_5min: BTC5Min: 10 BTC markets found (mins-to-close: [1434.39, 1429.39, 1424.39, 1434.39, 1419.39, 1414.39, 1409.39, 1419.39, 1404.39, -5.61]), 0 in entry window [0.2–1.5 min]
2026-06-21 23:20:54,810 [INFO] leo.loops: Crypto signal: 12 opps, top edge=92.5%
2026-06-21 23:20:57,684 [INFO] strategies.btc_5min: BTC5Min: 10 BTC markets found (mins-to-close: [1434.04, 1429.04, 1424.04, 1434.04, 1419.04, 1414.04, 1409.04, 1419.04, 1404.04, -5.96]), 0 in entry window [0.2–1.5 min]
2026-06-21 23:21:03,518 [INFO] api_clients.polymarket_client: Polymarket: loaded 1000 active markets
2026-06-21 23:21:19,464 [INFO] strategies.btc_5min: BTC5Min: 10 BTC markets found (mins-to-close: [1433.68, 1428.68, 1423.68, 1433.68, 1418.68, 1413.68, 1408.68, 1418.68, 1403.68, -1.32]), 0 in entry window [0.2–1.5 min]
2026-06-21 23:21:25,625 [INFO] leo.loops: Crypto signal: 12 opps, top edge=92.5%
2026-06-21 23:21:40,318 [INFO] api_clients.polymarket_client: Polymarket: loaded 1000 active markets
2026-06-21 23:21:40,466 [INFO] strategies.btc_5min: BTC5Min: 10 BTC markets found (mins-to-close: [1433.33, 1428.33, 1423.33, 1433.33, 1418.33, 1413.33, 1408.33, 1418.33, 1403.33, -1.67]), 0 in entry window [0.2–1.5 min]
2026-06-21 23:21:55,786 [INFO] leo.loops: Crypto signal: 12 opps, top edge=92.5%
2026-06-21 23:22:02,309 [INFO] strategies.btc_5min: BTC5Min: 10 BTC markets found (mins-to-close: [1432.96, 1427.96, 1422.96, 1432.96, 1417.96, 1412.96, 1407.96, 1417.96, 1402.96, -2.04]), 0 in entry window [0.2–1.5 min]
2026-06-21 23:22:16,678 [INFO] api_clients.polymarket_client: Polymarket: loaded 1000 active markets
2026-06-21 23:22:23,861 [INFO] strategies.btc_5min: BTC5Min: 10 BTC markets found (mins-to-close: [1432.6, 1427.6, 1422.6, 1432.6, 1417.6, 1412.6, 1407.6, 1417.6, 1402.6, -2.4]), 0 in entry window [0.2–1.5 min]
2026-06-21 23:22:26,599 [INFO] leo.loops: Crypto signal: 12 opps, top edge=92.5%
2026-06-21 23:22:45,957 [INFO] strategies.btc_5min: BTC5Min: 10 BTC markets found (mins-to-close: [1432.23, 1427.23, 1422.23, 1432.23, 1417.23, 1412.23, 1407.23, 1417.23, 1402.23, -2.77]), 0 in entry window [0.2–1.5 min]
2026-06-21 23:22:53,210 [INFO] api_clients.polymarket_client: Polymarket: loaded 1000 active markets
2026-06-21 23:22:56,928 [INFO] leo.loops: Crypto signal: 12 opps, top edge=92.5%
2026-06-21 23:23:06,952 [INFO] strategies.btc_5min: BTC5Min: 10 BTC markets found (mins-to-close: [1431.88, 1426.88, 1421.88, 1431.88, 1416.88, 1411.88, 1406.88, 1416.88, 1401.88, -3.12]), 0 in entry window [0.2–1.5 min]
2026-06-21 23:23:27,794 [INFO] leo.loops: Crypto signal: 12 opps, top edge=92.5%
2026-06-21 23:23:28,254 [INFO] strategies.btc_5min: BTC5Min: 10 BTC markets found (mins-to-close: [1431.53, 1426.53, 1421.53, 1431.53, 1416.53, 1411.53, 1406.53, 1416.53, 1401.53, -3.47]), 0 in entry window [0.2–1.5 min]
2026-06-21 23:23:30,453 [INFO] api_clients.polymarket_client: Polymarket: loaded 1000 active markets
2026-06-21 23:23:45,716 [WARNING] api_clients.pyth_client: Pyth SSE disconnected: Response payload is not completed: <TransferEncodingError: 400, message='Not enough data to satisfy transfer length header.'>, retrying in 1s
2026-06-21 23:23:46,719 [INFO] api_clients.pyth_client: Pyth SSE: connecting…
2026-06-21 23:23:47,560 [INFO] api_clients.pyth_client: Pyth SSE: stream live
2026-06-21 23:23:50,258 [INFO] strategies.btc_5min: BTC5Min: 10 BTC markets found (mins-to-close: [1431.16, 1426.16, 1421.16, 1431.16, 1416.16, 1411.16, 1406.16, 1416.16, 1401.16, -3.84]), 0 in entry window [0.2–1.5 min]
2026-06-21 23:23:58,123 [INFO] leo.loops: Crypto signal: 12 opps, top edge=92.5%
2026-06-21 23:24:06,788 [INFO] api_clients.polymarket_client: Polymarket: loaded 1000 active markets
2026-06-21 23:24:09,834 [WARNING] api_clients.pyth_client: Pyth SSE disconnected: Response payload is not completed: <TransferEncodingError: 400, message='Not enough data to satisfy transfer length header.'>, retrying in 1s
2026-06-21 23:24:10,854 [INFO] api_clients.pyth_client: Pyth SSE: connecting…
2026-06-21 23:24:11,464 [INFO] strategies.btc_5min: BTC5Min: 10 BTC markets found (mins-to-close: [1430.81, 1425.81, 1420.81, 1430.81, 1415.81, 1410.81, 1405.81, 1415.81, 1400.81, -4.19]), 0 in entry window [0.2–1.5 min]
2026-06-21 23:24:11,558 [INFO] api_clients.pyth_client: Pyth SSE: stream live
2026-06-21 23:24:12,845 [WARNING] api_clients.pyth_client: Pyth SSE disconnected: Response payload is not completed: <TransferEncodingError: 400, message='Not enough data to satisfy transfer length header.'>, retrying in 1s
2026-06-21 23:24:13,848 [INFO] api_clients.pyth_client: Pyth SSE: connecting…
2026-06-21 23:24:14,502 [INFO] api_clients.pyth_client: Pyth SSE: stream live
2026-06-21 23:24:21,846 [INFO] strategies.news_fade: NewsFade: spike up detected on 0xe2ecd1105d08fef39596807f54d6620cdac6080000e49ecf901f82fd686a6e5e 36.05%->38.45%
2026-06-21 23:24:21,847 [INFO] strategies.news_fade: NewsFade: spike down detected on 0xd9db23bcb11d3a7bf5716b47369d4cb194e76d0cb95b926780edad724f422db5 1.30%->1.15%
2026-06-21 23:24:21,848 [INFO] leo.loops: FavoriteShort: 7 opps, top edge=4.0%
2026-06-21 23:24:28,690 [INFO] leo.loops: Crypto signal: 13 opps, top edge=93.9%
2026-06-21 23:24:32,709 [INFO] strategies.btc_5min: BTC5Min: 10 BTC markets found (mins-to-close: [1430.45, 1425.45, 1420.45, 1430.45, 1415.45, 1410.45, 1405.45, 1415.45, 1400.45, -4.55]), 0 in entry window [0.2–1.5 min]
2026-06-21 23:24:43,467 [INFO] api_clients.polymarket_client: Polymarket: loaded 1000 active markets
2026-06-21 23:24:54,308 [INFO] strategies.btc_5min: BTC5Min: 10 BTC markets found (mins-to-close: [1430.09, 1425.09, 1420.09, 1430.09, 1415.09, 1410.09, 1405.09, 1415.09, 1400.09, -4.91]), 0 in entry window [0.2–1.5 min]
2026-06-21 23:24:59,307 [INFO] leo.loops: Crypto signal: 13 opps, top edge=93.9%
2026-06-21 23:25:16,277 [INFO] strategies.btc_5min: BTC5Min: 10 BTC markets found (mins-to-close: [1429.73, 1424.73, 1419.73, 1429.73, 1414.73, 1409.73, 1404.73, 1414.73, 1399.73, -5.27]), 0 in entry window [0.2–1.5 min]
2026-06-21 23:25:20,650 [INFO] api_clients.polymarket_client: Polymarket: loaded 1000 active markets
2026-06-21 23:25:31,118 [INFO] leo.loops: Crypto signal: 14 opps, top edge=95.0%
2026-06-21 23:25:37,881 [INFO] strategies.btc_5min: BTC5Min: 11 BTC markets found (mins-to-close: [1434.37, 1444.37, 1429.37, 1424.37, 1419.37, 1429.37, 1414.37, 1409.37, 1404.37, 1414.37, -5.63]), 0 in entry window [0.2–1.5 min]
2026-06-21 23:25:45,583 [WARNING] api_clients.pyth_client: Pyth SSE disconnected: Response payload is not completed: <TransferEncodingError: 400, message='Not enough data to satisfy transfer length header.'>, retrying in 1s
2026-06-21 23:25:46,585 [INFO] api_clients.pyth_client: Pyth SSE: connecting…
2026-06-21 23:25:47,074 [INFO] api_clients.pyth_client: Pyth SSE: stream live
2026-06-21 23:25:56,948 [INFO] api_clients.polymarket_client: Polymarket: loaded 1000 active markets
2026-06-21 23:25:58,565 [INFO] strategies.btc_5min: BTC5Min: 10 BTC markets found (mins-to-close: [1434.02, 1444.02, 1429.02, 1424.02, 1419.02, 1429.02, 1414.02, 1409.02, 1404.02, 1414.02]), 0 in entry window [0.2–1.5 min]
2026-06-21 23:26:01,984 [INFO] leo.loops: Crypto signal: 14 opps, top edge=95.0%
2026-06-21 23:26:20,661 [INFO] strategies.btc_5min: BTC5Min: 10 BTC markets found (mins-to-close: [1433.66, 1443.66, 1428.66, 1423.66, 1418.66, 1428.66, 1413.66, 1408.66, 1403.66, 1413.66]), 0 in entry window [0.2–1.5 min]
2026-06-21 23:26:32,783 [INFO] leo.loops: Crypto signal: 14 opps, top edge=95.0%
2026-06-21 23:26:33,664 [INFO] api_clients.polymarket_client: Polymarket: loaded 1000 active markets
2026-06-21 23:26:41,957 [INFO] strategies.btc_5min: BTC5Min: 10 BTC markets found (mins-to-close: [1433.3, 1443.3, 1428.3, 1423.3, 1418.3, 1428.3, 1413.3, 1408.3, 1403.3, 1413.3]), 0 in entry window [0.2–1.5 min]
2026-06-21 23:27:03,104 [INFO] leo.loops: Crypto signal: 15 opps, top edge=95.0%
2026-06-21 23:27:03,219 [INFO] strategies.btc_5min: BTC5Min: 10 BTC markets found (mins-to-close: [1432.95, 1442.95, 1427.95, 1422.95, 1417.95, 1427.95, 1412.95, 1407.95, 1402.95, 1412.95]), 0 in entry window [0.2–1.5 min]
2026-06-21 23:27:10,527 [INFO] api_clients.polymarket_client: Polymarket: loaded 1000 active markets
2026-06-21 23:27:24,741 [INFO] strategies.btc_5min: BTC5Min: 10 BTC markets found (mins-to-close: [1432.59, 1442.59, 1427.59, 1422.59, 1417.59, 1427.59, 1412.59, 1407.59, 1402.59, 1412.59]), 0 in entry window [0.2–1.5 min]
2026-06-21 23:27:33,829 [INFO] leo.loops: Crypto signal: 16 opps, top edge=93.1%
2026-06-21 23:27:46,296 [INFO] strategies.btc_5min: BTC5Min: 10 BTC markets found (mins-to-close: [1432.23, 1442.23, 1427.23, 1422.23, 1417.23, 1427.23, 1412.23, 1407.23, 1402.23, 1412.23]), 0 in entry window [0.2–1.5 min]
2026-06-21 23:27:47,422 [INFO] api_clients.polymarket_client: Polymarket: loaded 1000 active markets
2026-06-21 23:28:04,140 [INFO] leo.loops: Crypto signal: 15 opps, top edge=93.2%
2026-06-21 23:28:07,558 [INFO] strategies.btc_5min: BTC5Min: 10 BTC markets found (mins-to-close: [1431.87, 1441.87, 1426.87, 1421.87, 1416.87, 1426.87, 1411.87, 1406.87, 1401.87, 1411.87]), 0 in entry window [0.2–1.5 min]
2026-06-21 23:28:23,648 [INFO] api_clients.polymarket_client: Polymarket: loaded 1000 active markets
2026-06-21 23:28:29,085 [INFO] strategies.btc_5min: BTC5Min: 10 BTC markets found (mins-to-close: [1431.52, 1441.52, 1426.52, 1421.52, 1416.52, 1426.52, 1411.52, 1406.52, 1401.52, 1411.52]), 0 in entry window [0.2–1.5 min]
2026-06-21 23:28:34,702 [INFO] leo.loops: Crypto signal: 15 opps, top edge=93.1%
2026-06-21 23:28:50,209 [INFO] strategies.btc_5min: BTC5Min: 10 BTC markets found (mins-to-close: [1431.16, 1441.16, 1426.16, 1421.16, 1416.16, 1426.16, 1411.16, 1406.16, 1401.16, 1411.16]), 0 in entry window [0.2–1.5 min]
2026-06-21 23:29:00,317 [INFO] api_clients.polymarket_client: Polymarket: loaded 1000 active markets
2026-06-21 23:29:05,289 [INFO] leo.loops: Crypto signal: 15 opps, top edge=93.1%
2026-06-21 23:29:11,186 [INFO] strategies.btc_5min: BTC5Min: 10 BTC markets found (mins-to-close: [1430.81, 1440.81, 1425.81, 1420.81, 1415.81, 1425.81, 1410.81, 1405.81, 1400.81, 1410.81]), 0 in entry window [0.2–1.5 min]
2026-06-21 23:29:21,819 [INFO] strategies.news_fade: NewsFade: spike up detected on 0x459075b402a053a3defa0fca9ee540f23de3770b1b3d8283d1bd24a4565a0bcb 0.25%->0.35%
2026-06-21 23:29:21,820 [INFO] strategies.news_fade: NewsFade: spike down detected on 0x63e5bffff0d689d9bde662435e6af8c4ad3011b09ed1831d67141dcc9d6105c1 0.15%->0.05%
2026-06-21 23:29:21,820 [INFO] strategies.news_fade: NewsFade: spike up detected on 0xa127e882f5c19f8dce709e4742554e5bf29eea1b905aecd406fdf04871c0b1ee 0.05%->0.25%
2026-06-21 23:29:21,820 [INFO] strategies.news_fade: NewsFade: spike up detected on 0x0174a32ce50b11c793acc6a643e1d583c99fa52016a319eab4052f9a59f4eb18 0.15%->1.00%
2026-06-21 23:29:21,821 [INFO] strategies.news_fade: NewsFade: spike up detected on 0x86e4a803eafa8e369020eee21467513175d46718c0e62cfcb85682992eb47ce1 49.50%->52.50%
2026-06-21 23:29:21,822 [INFO] strategies.news_fade: NewsFade: spike up detected on 0x9abb585b59a1ffc38089ca0abb1e0253ddd0ecf52c89f6f09f9be4c17e3fedaf 21.50%->23.00%
2026-06-21 23:29:21,822 [INFO] strategies.news_fade: NewsFade: spike up detected on 0x0e6e9bc1a9058d3c33bb9bcb98b672f10fc51f63ee17be802c4d444fd9ce8263 2.05%->2.20%
2026-06-21 23:29:21,823 [INFO] leo.loops: FavoriteShort: 7 opps, top edge=4.0%
2026-06-21 23:29:32,710 [INFO] strategies.btc_5min: BTC5Min: 10 BTC markets found (mins-to-close: [1430.45, 1440.45, 1425.45, 1420.45, 1415.45, 1425.45, 1410.45, 1405.45, 1400.45, 1410.45]), 0 in entry window [0.2–1.5 min]
2026-06-21 23:29:35,878 [INFO] leo.loops: Crypto signal: 15 opps, top edge=93.1%
2026-06-21 23:29:37,964 [INFO] api_clients.polymarket_client: Polymarket: loaded 1000 active markets
2026-06-21 23:29:54,546 [INFO] strategies.btc_5min: BTC5Min: 11 BTC markets found (mins-to-close: [1430.09, 1440.09, 1425.09, 1420.09, 1415.09, 1425.09, 1410.09, 1405.09, 1400.09, 1410.09, 0.09]), 0 in entry window [0.2–1.5 min]
2026-06-21 23:30:06,247 [INFO] leo.loops: Crypto signal: 15 opps, top edge=93.1%
2026-06-21 23:30:14,804 [INFO] api_clients.polymarket_client: Polymarket: loaded 1000 active markets
2026-06-21 23:30:15,560 [INFO] strategies.btc_5min: BTC5Min: 11 BTC markets found (mins-to-close: [1429.74, 1439.74, 1424.74, 1419.74, 1414.74, 1424.74, 1409.74, 1404.74, 1399.74, 1409.74, -0.26]), 0 in entry window [0.2–1.5 min]
2026-06-21 23:30:36,827 [INFO] leo.loops: Crypto signal: 15 opps, top edge=93.0%
2026-06-21 23:30:37,290 [INFO] strategies.btc_5min: BTC5Min: 12 BTC markets found (mins-to-close: [1434.38, 1429.38, 1439.38, 1424.38, 1419.38, 1414.38, 1424.38, 1409.38, 1404.38, 1399.38, 1409.38, -0.62]), 0 in entry window [0.2–1.5 min]
2026-06-21 23:30:51,379 [INFO] api_clients.polymarket_client: Polymarket: loaded 1000 active markets
2026-06-21 23:30:57,133 [INFO] api_clients.forecast_client: Forecast: loaded 0 questions (0 meta, 0 manifold)
2026-06-21 23:30:58,823 [INFO] strategies.btc_5min: BTC5Min: 12 BTC markets found (mins-to-close: [1434.02, 1429.02, 1439.02, 1424.02, 1419.02, 1414.02, 1424.02, 1409.02, 1404.02, 1399.02, 1409.02, -0.98]), 0 in entry window [0.2–1.5 min]
2026-06-21 23:31:07,142 [INFO] leo.loops: Crypto signal: 15 opps, top edge=93.0%
2026-06-21 23:31:20,398 [INFO] strategies.btc_5min: BTC5Min: 12 BTC markets found (mins-to-close: [1433.66, 1428.66, 1438.66, 1423.66, 1418.66, 1413.66, 1423.66, 1408.66, 1403.66, 1398.66, 1408.66, -1.34]), 0 in entry window [0.2–1.5 min]
2026-06-21 23:31:28,202 [INFO] api_clients.polymarket_client: Polymarket: loaded 1000 active markets
2026-06-21 23:31:38,055 [INFO] leo.loops: Crypto signal: 15 opps, top edge=93.7%
2026-06-21 23:31:44,403 [INFO] strategies.btc_5min: BTC5Min: 13 BTC markets found (mins-to-close: [1433.26, 1428.26, 1438.26, 1423.26, 1418.26, 1413.26, 1423.26, 1408.26, 1403.26, 1398.26, 1408.26, -1.74, -1.74]), 0 in entry window [0.2–1.5 min]
2026-06-21 23:32:05,372 [INFO] api_clients.polymarket_client: Polymarket: loaded 1000 active markets
2026-06-21 23:32:05,455 [INFO] strategies.btc_5min: BTC5Min: 13 BTC markets found (mins-to-close: [1432.91, 1427.91, 1437.91, 1422.91, 1417.91, 1412.91, 1422.91, 1407.91, 1402.91, 1397.91, 1407.91, -2.09, -2.09]), 0 in entry window [0.2–1.5 min]
2026-06-21 23:32:08,624 [INFO] leo.loops: Crypto signal: 15 opps, top edge=93.6%
2026-06-21 23:32:27,321 [INFO] strategies.btc_5min: BTC5Min: 13 BTC markets found (mins-to-close: [1432.54, 1427.54, 1437.54, 1422.54, 1417.54, 1412.54, 1422.54, 1407.54, 1402.54, 1397.54, 1407.54, -2.46, -2.46]), 0 in entry window [0.2–1.5 min]
2026-06-21 23:32:39,200 [INFO] leo.loops: Crypto signal: 14 opps, top edge=93.7%
2026-06-21 23:32:41,566 [INFO] api_clients.polymarket_client: Polymarket: loaded 1000 active markets
2026-06-21 23:32:48,645 [INFO] strategies.btc_5min: BTC5Min: 13 BTC markets found (mins-to-close: [1432.19, 1427.19, 1437.19, 1422.19, 1417.19, 1412.19, 1422.19, 1407.19, 1402.19, 1397.19, 1407.19, -2.81, -2.81]), 0 in entry window [0.2–1.5 min]
2026-06-21 23:33:09,773 [INFO] leo.loops: Crypto signal: 14 opps, top edge=93.7%
2026-06-21 23:33:10,208 [INFO] strategies.btc_5min: BTC5Min: 13 BTC markets found (mins-to-close: [1431.83, 1426.83, 1436.83, 1421.83, 1416.83, 1411.83, 1421.83, 1406.83, 1401.83, 1396.83, 1406.83, -3.17, -3.17]), 0 in entry window [0.2–1.5 min]
2026-06-21 23:33:18,178 [INFO] api_clients.polymarket_client: Polymarket: loaded 1000 active markets
2026-06-21 23:33:32,020 [INFO] strategies.btc_5min: BTC5Min: 13 BTC markets found (mins-to-close: [1431.47, 1426.47, 1436.47, 1421.47, 1416.47, 1411.47, 1421.47, 1406.47, 1401.47, 1396.47, 1406.47, -3.53, -3.53]), 0 in entry window [0.2–1.5 min]
2026-06-21 23:33:40,328 [INFO] leo.loops: Crypto signal: 14 opps, top edge=93.7%
2026-06-21 23:33:53,000 [INFO] strategies.btc_5min: BTC5Min: 13 BTC markets found (mins-to-close: [1431.12, 1426.12, 1436.12, 1421.12, 1416.12, 1411.12, 1421.12, 1406.12, 1401.12, 1396.12, 1406.12, -3.88, -3.88]), 0 in entry window [0.2–1.5 min]
2026-06-21 23:33:55,207 [INFO] api_clients.polymarket_client: Polymarket: loaded 1000 active markets
2026-06-21 23:34:01,258 [WARNING] api_clients.pyth_client: Pyth SSE disconnected: Response payload is not completed: <TransferEncodingError: 400, message='Not enough data to satisfy transfer length header.'>, retrying in 1s
2026-06-21 23:34:02,260 [INFO] api_clients.pyth_client: Pyth SSE: connecting…
2026-06-21 23:34:02,891 [INFO] api_clients.pyth_client: Pyth SSE: stream live
2026-06-21 23:34:07,724 [WARNING] api_clients.pyth_client: Pyth SSE disconnected: Response payload is not completed: <TransferEncodingError: 400, message='Not enough data to satisfy transfer length header.'>, retrying in 1s
2026-06-21 23:34:08,727 [INFO] api_clients.pyth_client: Pyth SSE: connecting…
2026-06-21 23:34:09,986 [INFO] api_clients.pyth_client: Pyth SSE: stream live
2026-06-21 23:34:10,633 [INFO] leo.loops: Crypto signal: 14 opps, top edge=93.7%
2026-06-21 23:34:14,265 [INFO] strategies.btc_5min: BTC5Min: 13 BTC markets found (mins-to-close: [1430.76, 1425.76, 1435.76, 1420.76, 1415.76, 1410.76, 1420.76, 1405.76, 1400.76, 1395.76, 1405.76, -4.24, -4.24]), 0 in entry window [0.2–1.5 min]
2026-06-21 23:34:21,825 [INFO] strategies.news_fade: NewsFade: spike down detected on 0x250d8e7e7658612e5c576a15494f59d2f37e3745c96ef3d5cb093d5a78ecd10f 3.40%->3.15%
2026-06-21 23:34:21,825 [INFO] strategies.news_fade: NewsFade: spike up detected on 0xee786ee609e3a767dfc625f3b6fb73f8cf143abfff4ca2ee7caf5cbf3a93089f 0.05%->0.40%
2026-06-21 23:34:21,825 [INFO] strategies.news_fade: NewsFade: spike down detected on 0x5de3afac10b31162a24d1c3dd10cd823d9bbe2fd9aa6e734f07755d2f1cbbaa6 0.45%->0.40%
2026-06-21 23:34:21,825 [INFO] strategies.news_fade: NewsFade: spike down detected on 0x8a8e093b25d7909ae01e944e746a1dee88801224fcff001c1c890ca43e2a66e1 10.35%->9.55%
2026-06-21 23:34:21,826 [INFO] strategies.news_fade: NewsFade: spike up detected on 0x336014fb92d5021f06f6791b68bcf0cbb5baa4bd8d2969dc5d9aa4ed99daa752 5.10%->5.55%
2026-06-21 23:34:21,827 [INFO] leo.loops: FavoriteShort: 7 opps, top edge=4.0%
2026-06-21 23:34:31,639 [INFO] api_clients.polymarket_client: Polymarket: loaded 1000 active markets
2026-06-21 23:34:35,824 [INFO] strategies.btc_5min: BTC5Min: 13 BTC markets found (mins-to-close: [1430.4, 1425.4, 1435.4, 1420.4, 1415.4, 1410.4, 1420.4, 1405.4, 1400.4, 1395.4, 1405.4, -4.6, 0.4]), 1 in entry window [0.2–1.5 min]
2026-06-21 23:34:36,536 [INFO] leo.loops: BTC5Min: 1 opps, top edge=16.6%
2026-06-21 23:34:41,195 [INFO] leo.loops: Crypto signal: 15 opps, top edge=93.8%
2026-06-21 23:34:58,373 [INFO] strategies.btc_5min: BTC5Min: 13 BTC markets found (mins-to-close: [1430.03, 1425.03, 1435.03, 1420.03, 1415.03, 1410.03, 1420.03, 1405.03, 1400.03, 1395.03, 1405.03, -4.97, 0.03]), 0 in entry window [0.2–1.5 min]
2026-06-21 23:35:08,282 [INFO] api_clients.polymarket_client: Polymarket: loaded 1000 active markets
2026-06-21 23:35:11,810 [INFO] leo.loops: Crypto signal: 15 opps, top edge=93.8%
2026-06-21 23:35:19,411 [INFO] strategies.btc_5min: BTC5Min: 13 BTC markets found (mins-to-close: [1429.68, 1424.68, 1434.68, 1419.68, 1414.68, 1409.68, 1419.68, 1404.68, 1399.68, 1394.68, 1404.68, -5.32, -0.32]), 0 in entry window [0.2–1.5 min]
2026-06-21 23:35:41,218 [INFO] strategies.btc_5min: BTC5Min: 13 BTC markets found (mins-to-close: [1434.31, 1429.31, 1424.31, 1434.31, 1419.31, 1414.31, 1409.31, 1419.31, 1404.31, 1399.31, 1394.31, -5.69, -0.69]), 0 in entry window [0.2–1.5 min]
2026-06-21 23:35:42,649 [INFO] leo.loops: Crypto signal: 15 opps, top edge=93.8%
2026-06-21 23:35:45,513 [INFO] api_clients.polymarket_client: Polymarket: loaded 1000 active markets
2026-06-21 23:36:03,063 [INFO] strategies.btc_5min: BTC5Min: 13 BTC markets found (mins-to-close: [1433.95, 1428.95, 1423.95, 1433.95, 1418.95, 1413.95, 1408.95, 1418.95, 1403.95, 1398.95, 1393.95, -6.05, -1.05]), 0 in entry window [0.2–1.5 min]
2026-06-21 23:36:12,955 [INFO] leo.loops: Crypto signal: 15 opps, top edge=94.0%
2026-06-21 23:36:21,818 [INFO] api_clients.polymarket_client: Polymarket: loaded 1000 active markets
2026-06-21 23:36:23,912 [INFO] strategies.btc_5min: BTC5Min: 13 BTC markets found (mins-to-close: [1433.6, 1428.6, 1423.6, 1433.6, 1418.6, 1413.6, 1408.6, 1418.6, 1403.6, 1398.6, 1393.6, -1.4, 8.6]), 0 in entry window [0.2–1.5 min]
2026-06-21 23:36:43,784 [INFO] leo.loops: Crypto signal: 15 opps, top edge=94.0%
2026-06-21 23:36:45,013 [INFO] strategies.btc_5min: BTC5Min: 13 BTC markets found (mins-to-close: [1433.25, 1428.25, 1423.25, 1433.25, 1418.25, 1413.25, 1408.25, 1418.25, 1403.25, 1398.25, 1393.25, -1.75, 8.25]), 0 in entry window [0.2–1.5 min]
2026-06-21 23:36:58,570 [INFO] api_clients.polymarket_client: Polymarket: loaded 1000 active markets
2026-06-21 23:37:06,124 [INFO] strategies.btc_5min: BTC5Min: 13 BTC markets found (mins-to-close: [1432.9, 1427.9, 1422.9, 1432.9, 1417.9, 1412.9, 1407.9, 1417.9, 1402.9, 1397.9, 1392.9, -2.1, 7.9]), 0 in entry window [0.2–1.5 min]
2026-06-21 23:37:14,116 [INFO] leo.loops: Crypto signal: 15 opps, top edge=94.1%
2026-06-21 23:37:27,978 [INFO] strategies.btc_5min: BTC5Min: 13 BTC markets found (mins-to-close: [1432.53, 1427.53, 1422.53, 1432.53, 1417.53, 1412.53, 1407.53, 1417.53, 1402.53, 1397.53, 1392.53, -2.47, 7.53]), 0 in entry window [0.2–1.5 min]
2026-06-21 23:37:35,281 [INFO] api_clients.polymarket_client: Polymarket: loaded 1000 active markets
2026-06-21 23:37:44,939 [INFO] leo.loops: Crypto signal: 15 opps, top edge=94.1%
2026-06-21 23:37:49,341 [INFO] strategies.btc_5min: BTC5Min: 13 BTC markets found (mins-to-close: [1432.18, 1427.18, 1422.18, 1432.18, 1417.18, 1412.18, 1407.18, 1417.18, 1402.18, 1397.18, 1392.18, -2.82, 7.18]), 0 in entry window [0.2–1.5 min]
2026-06-21 23:38:10,585 [INFO] strategies.btc_5min: BTC5Min: 13 BTC markets found (mins-to-close: [1431.82, 1426.82, 1421.82, 1431.82, 1416.82, 1411.82, 1406.82, 1416.82, 1401.82, 1396.82, 1391.82, -3.18, 6.82]), 0 in entry window [0.2–1.5 min]
2026-06-21 23:38:12,355 [INFO] api_clients.polymarket_client: Polymarket: loaded 1000 active markets
2026-06-21 23:38:15,523 [INFO] leo.loops: Crypto signal: 15 opps, top edge=94.2%
2026-06-21 23:38:33,044 [INFO] strategies.btc_5min: BTC5Min: 13 BTC markets found (mins-to-close: [1431.45, 1426.45, 1421.45, 1431.45, 1416.45, 1411.45, 1406.45, 1416.45, 1401.45, 1396.45, 1391.45, -3.55, 6.45]), 0 in entry window [0.2–1.5 min]
2026-06-21 23:38:46,154 [INFO] leo.loops: Crypto signal: 14 opps, top edge=94.2%
2026-06-21 23:38:48,756 [INFO] api_clients.polymarket_client: Polymarket: loaded 1000 active markets
2026-06-21 23:38:54,030 [INFO] strategies.btc_5min: BTC5Min: 13 BTC markets found (mins-to-close: [1431.1, 1426.1, 1421.1, 1431.1, 1416.1, 1411.1, 1406.1, 1416.1, 1401.1, 1396.1, 1391.1, -3.9, 6.1]), 0 in entry window [0.2–1.5 min]
2026-06-21 23:39:08,141 [WARNING] api_clients.pyth_client: Pyth SSE disconnected: Response payload is not completed: <TransferEncodingError: 400, message='Not enough data to satisfy transfer length header.'>, retrying in 1s
2026-06-21 23:39:09,143 [INFO] api_clients.pyth_client: Pyth SSE: connecting…
2026-06-21 23:39:09,695 [INFO] api_clients.pyth_client: Pyth SSE: stream live
2026-06-21 23:39:10,945 [WARNING] api_clients.pyth_client: Pyth SSE disconnected: Response payload is not completed: <TransferEncodingError: 400, message='Not enough data to satisfy transfer length header.'>, retrying in 1s
2026-06-21 23:39:11,947 [INFO] api_clients.pyth_client: Pyth SSE: connecting…
2026-06-21 23:39:13,941 [INFO] api_clients.pyth_client: Pyth SSE: stream live
2026-06-21 23:39:15,282 [INFO] strategies.btc_5min: BTC5Min: 13 BTC markets found (mins-to-close: [1430.75, 1425.75, 1420.75, 1430.75, 1415.75, 1410.75, 1405.75, 1415.75, 1400.75, 1395.75, 1390.75, -4.25, 5.75]), 0 in entry window [0.2–1.5 min]
2026-06-21 23:39:16,727 [INFO] leo.loops: Crypto signal: 15 opps, top edge=94.2%
2026-06-21 23:39:21,830 [INFO] strategies.news_fade: NewsFade: spike down detected on 0x1e285f49c483634426c54834f840f6bfe780e0039eb0ad31357b936600b7c2d2 24.50%->23.00%
2026-06-21 23:39:21,831 [INFO] strategies.news_fade: NewsFade: spike down detected on 0xe5f0eea9c2c67975eb5c85b3541f51d17804effa5610622c5db0ec9872756eb0 0.40%->0.05%
2026-06-21 23:39:21,831 [INFO] strategies.news_fade: NewsFade: spike up detected on 0xe955eda79ad9ac1e9c055edc23fb5134eb2ace68508645d261c4de8db921f8fa 0.40%->0.70%
2026-06-21 23:39:21,832 [INFO] strategies.news_fade: NewsFade: spike up detected on 0x77af0ed0f45a3d3f55f16936ca7c08420bdbece901a63352a18edb4d0957888f 58.00%->64.00%
2026-06-21 23:39:21,832 [INFO] strategies.news_fade: NewsFade: spike up detected on 0x068b8f7779e1f0a778778cd4e4add33b6c5076fc7350c32f11785bae56c4cd7b 2.05%->2.25%
2026-06-21 23:39:21,832 [INFO] strategies.news_fade: NewsFade: spike down detected on 0xd0536d9612e041312235baceac52bde48821e8aad4607533513b3782904b7d49 0.40%->0.35%
2026-06-21 23:39:21,834 [INFO] strategies.news_fade: NewsFade: spike down detected on 0x6a18969bc603992de4c5c9d53c2881e1378ac193cdad01e7f932afa7fdc4af3e 11.00%->9.50%
2026-06-21 23:39:21,835 [INFO] leo.loops: FavoriteShort: 7 opps, top edge=4.0%
2026-06-21 23:39:25,274 [INFO] api_clients.polymarket_client: Polymarket: loaded 1000 active markets
2026-06-21 23:39:36,848 [INFO] strategies.btc_5min: BTC5Min: 13 BTC markets found (mins-to-close: [1430.39, 1425.39, 1420.39, 1430.39, 1415.39, 1410.39, 1405.39, 1415.39, 1400.39, 1395.39, 1390.39, 5.39, 5.39]), 0 in entry window [0.2–1.5 min]
2026-06-21 23:39:47,402 [INFO] leo.loops: Crypto signal: 13 opps, top edge=94.2%
2026-06-21 23:39:58,126 [INFO] strategies.btc_5min: BTC5Min: 13 BTC markets found (mins-to-close: [1430.03, 1425.03, 1420.03, 1430.03, 1415.03, 1410.03, 1405.03, 1415.03, 1400.03, 1395.03, 1390.03, 5.03, 5.03]), 0 in entry window [0.2–1.5 min]
2026-06-21 23:40:02,458 [INFO] api_clients.polymarket_client: Polymarket: loaded 1000 active markets
2026-06-21 23:40:17,732 [INFO] leo.loops: Crypto signal: 13 opps, top edge=94.2%
2026-06-21 23:40:19,290 [INFO] strategies.btc_5min: BTC5Min: 13 BTC markets found (mins-to-close: [1429.68, 1424.68, 1419.68, 1429.68, 1414.68, 1409.68, 1404.68, 1414.68, 1399.68, 1394.68, 1389.68, 4.68, 4.68]), 0 in entry window [0.2–1.5 min]
2026-06-21 23:40:38,702 [INFO] api_clients.polymarket_client: Polymarket: loaded 1000 active markets
2026-06-21 23:40:41,154 [INFO] strategies.btc_5min: BTC5Min: 14 BTC markets found (mins-to-close: [1434.31, 1444.31, 1429.31, 1424.31, 1419.31, 1429.31, 1414.31, 1409.31, 1404.31, 1414.31, 1399.31, 1394.31, 4.31, 4.31]), 0 in entry window [0.2–1.5 min]
2026-06-21 23:40:48,345 [INFO] leo.loops: Crypto signal: 13 opps, top edge=94.2%
2026-06-21 23:41:02,881 [INFO] strategies.btc_5min: BTC5Min: 14 BTC markets found (mins-to-close: [1433.95, 1443.95, 1428.95, 1423.95, 1418.95, 1428.95, 1413.95, 1408.95, 1403.95, 1413.95, 1398.95, 1393.95, 3.95, 3.95]), 0 in entry window [0.2–1.5 min]
2026-06-21 23:41:15,572 [INFO] api_clients.polymarket_client: Polymarket: loaded 1000 active markets
2026-06-21 23:41:18,674 [INFO] leo.loops: Crypto signal: 13 opps, top edge=94.2%
2026-06-21 23:41:23,877 [INFO] strategies.btc_5min: BTC5Min: 13 BTC markets found (mins-to-close: [1433.6, 1443.6, 1428.6, 1423.6, 1418.6, 1428.6, 1413.6, 1408.6, 1403.6, 1413.6, 1398.6, 1393.6, 3.6]), 0 in entry window [0.2–1.5 min]
2026-06-21 23:41:45,670 [INFO] strategies.btc_5min: BTC5Min: 13 BTC markets found (mins-to-close: [1433.24, 1443.24, 1428.24, 1423.24, 1418.24, 1428.24, 1413.24, 1408.24, 1403.24, 1413.24, 1398.24, 1393.24, 3.24]), 0 in entry window [0.2–1.5 min]
2026-06-21 23:41:49,353 [INFO] leo.loops: Crypto signal: 13 opps, top edge=94.2%
2026-06-21 23:41:52,270 [INFO] api_clients.polymarket_client: Polymarket: loaded 1000 active markets
2026-06-21 23:42:07,752 [INFO] strategies.btc_5min: BTC5Min: 13 BTC markets found (mins-to-close: [1432.87, 1442.87, 1427.87, 1422.87, 1417.87, 1427.87, 1412.87, 1407.87, 1402.87, 1412.87, 1397.87, 1392.87, 2.87]), 0 in entry window [0.2–1.5 min]
2026-06-21 23:42:19,673 [INFO] leo.loops: Crypto signal: 13 opps, top edge=94.3%
2026-06-21 23:42:28,728 [INFO] strategies.btc_5min: BTC5Min: 13 BTC markets found (mins-to-close: [1432.52, 1442.52, 1427.52, 1422.52, 1417.52, 1427.52, 1412.52, 1407.52, 1402.52, 1412.52, 1397.52, 1392.52, 2.52]), 0 in entry window [0.2–1.5 min]
2026-06-21 23:42:29,607 [INFO] api_clients.polymarket_client: Polymarket: loaded 1000 active markets
2026-06-21 23:42:50,501 [INFO] leo.loops: Crypto signal: 14 opps, top edge=94.3%
2026-06-21 23:42:50,513 [INFO] strategies.btc_5min: BTC5Min: 13 BTC markets found (mins-to-close: [1432.16, 1442.16, 1427.16, 1422.16, 1417.16, 1427.16, 1412.16, 1407.16, 1402.16, 1412.16, 1397.16, 1392.16, 2.16]), 0 in entry window [0.2–1.5 min]
2026-06-21 23:43:05,510 [INFO] api_clients.polymarket_client: Polymarket: loaded 1000 active markets
2026-06-21 23:43:11,517 [INFO] strategies.btc_5min: BTC5Min: 13 BTC markets found (mins-to-close: [1431.81, 1441.81, 1426.81, 1421.81, 1416.81, 1426.81, 1411.81, 1406.81, 1401.81, 1411.81, 1396.81, 1391.81, 1.81]), 0 in entry window [0.2–1.5 min]
2026-06-21 23:43:21,165 [INFO] leo.loops: Crypto signal: 14 opps, top edge=94.3%
2026-06-21 23:43:32,781 [INFO] strategies.btc_5min: BTC5Min: 13 BTC markets found (mins-to-close: [1431.45, 1441.45, 1426.45, 1421.45, 1416.45, 1426.45, 1411.45, 1406.45, 1401.45, 1411.45, 1396.45, 1391.45, 1.45]), 1 in entry window [0.2–1.5 min]
2026-06-21 23:43:42,333 [INFO] api_clients.polymarket_client: Polymarket: loaded 1000 active markets
2026-06-21 23:43:52,037 [INFO] leo.loops: Crypto signal: 14 opps, top edge=94.3%
2026-06-21 23:43:54,401 [INFO] strategies.btc_5min: BTC5Min: 13 BTC markets found (mins-to-close: [1431.09, 1441.09, 1426.09, 1421.09, 1416.09, 1426.09, 1411.09, 1406.09, 1401.09, 1411.09, 1396.09, 1391.09, 1.09]), 1 in entry window [0.2–1.5 min]
2026-06-21 23:43:54,649 [INFO] leo.loops: BTC5Min: 1 opps, top edge=19.0%
2026-06-21 23:44:15,719 [INFO] strategies.btc_5min: BTC5Min: 13 BTC markets found (mins-to-close: [1430.74, 1440.74, 1425.74, 1420.74, 1415.74, 1425.74, 1410.74, 1405.74, 1400.74, 1410.74, 1395.74, 1390.74, 0.74]), 1 in entry window [0.2–1.5 min]
2026-06-21 23:44:15,968 [INFO] leo.loops: BTC5Min: 1 opps, top edge=32.1%
2026-06-21 23:44:19,457 [INFO] api_clients.polymarket_client: Polymarket: loaded 1000 active markets
2026-06-21 23:44:21,849 [INFO] strategies.news_fade: NewsFade: spike down detected on 0x41ba322441190c465ec75e5866c6a5a3d429cf4d1efe2682026e8dcd5dbc37db 2.90%->2.65%
2026-06-21 23:44:21,851 [INFO] strategies.news_fade: NewsFade: spike up detected on 0x95fffe102aa5883c6add6d6f306e7c79d32005636a6e0e9f11073c459ad1432c 58.50%->79.00%
2026-06-21 23:44:21,852 [INFO] strategies.news_fade: NewsFade: spike down detected on 0x0308feeb3dd583490e2f5adf6b62b3a4ad5ca992c592f4ae78e93c65daf6ca91 48.50%->0.50%
2026-06-21 23:44:21,854 [INFO] leo.loops: FavoriteShort: 6 opps, top edge=4.0%
2026-06-21 23:44:22,356 [INFO] leo.loops: Crypto signal: 14 opps, top edge=94.2%
2026-06-21 23:44:36,978 [INFO] strategies.btc_5min: BTC5Min: 14 BTC markets found (mins-to-close: [1430.38, 1440.38, 1425.38, 1420.38, 1415.38, 1425.38, 1410.38, 1405.38, 1400.38, 1410.38, 1395.38, 1390.38, 0.38, 0.38]), 2 in entry window [0.2–1.5 min]
2026-06-21 23:44:37,235 [INFO] leo.loops: BTC5Min: 1 opps, top edge=36.1%
2026-06-21 23:44:53,129 [INFO] leo.loops: Crypto signal: 14 opps, top edge=94.2%
2026-06-21 23:44:55,883 [INFO] api_clients.polymarket_client: Polymarket: loaded 1000 active markets
2026-06-21 23:44:57,967 [INFO] strategies.btc_5min: BTC5Min: 14 BTC markets found (mins-to-close: [1430.03, 1440.03, 1425.03, 1420.03, 1415.03, 1425.03, 1410.03, 1405.03, 1400.03, 1410.03, 1395.03, 1390.03, 0.03, 0.03]), 0 in entry window [0.2–1.5 min]
2026-06-21 23:45:01,753 [INFO] api_clients.weather_client: Weather: refreshed 13 city forecasts
2026-06-21 23:45:01,759 [INFO] leo.loops: Weather: 1 opps, top edge=10.0%
2026-06-21 23:45:19,218 [INFO] strategies.btc_5min: BTC5Min: 14 BTC markets found (mins-to-close: [1429.68, 1439.68, 1424.68, 1419.68, 1414.68, 1424.68, 1409.68, 1404.68, 1399.68, 1409.68, 1394.68, 1389.68, -0.32, -0.32]), 0 in entry window [0.2–1.5 min]
2026-06-21 23:45:23,690 [INFO] leo.loops: Crypto signal: 14 opps, top edge=94.2%
2026-06-21 23:45:31,944 [WARNING] api_clients.pyth_client: Pyth SSE disconnected: Response payload is not completed: <TransferEncodingError: 400, message='Not enough data to satisfy transfer length header.'>, retrying in 1s
2026-06-21 23:45:32,482 [INFO] api_clients.polymarket_client: Polymarket: loaded 1000 active markets
2026-06-21 23:45:32,947 [INFO] api_clients.pyth_client: Pyth SSE: connecting…
2026-06-21 23:45:33,426 [INFO] api_clients.pyth_client: Pyth SSE: stream live
2026-06-21 23:45:35,664 [WARNING] api_clients.pyth_client: Pyth SSE disconnected: Response payload is not completed: <TransferEncodingError: 400, message='Not enough data to satisfy transfer length header.'>, retrying in 1s
2026-06-21 23:45:36,666 [INFO] api_clients.pyth_client: Pyth SSE: connecting…
2026-06-21 23:45:37,813 [INFO] api_clients.pyth_client: Pyth SSE: stream live
2026-06-21 23:45:41,072 [INFO] strategies.btc_5min: BTC5Min: 5 BTC markets found (mins-to-close: [1434.32, 1429.32, 1439.32, -0.68, -0.68]), 0 in entry window [0.2–1.5 min]
2026-06-21 23:45:54,254 [INFO] leo.loops: Crypto signal: 14 opps, top edge=94.2%
2026-06-21 23:45:58,120 [INFO] api_clients.forecast_client: Forecast: loaded 0 questions (0 meta, 0 manifold)
2026-06-21 23:46:02,326 [INFO] strategies.btc_5min: BTC5Min: 5 BTC markets found (mins-to-close: [1433.96, 1428.96, 1438.96, -1.04, -1.04]), 0 in entry window [0.2–1.5 min]
2026-06-21 23:46:09,132 [INFO] api_clients.polymarket_client: Polymarket: loaded 1000 active markets
2026-06-21 23:46:23,448 [INFO] strategies.btc_5min: BTC5Min: 5 BTC markets found (mins-to-close: [1433.61, 1428.61, 1438.61, -1.39, -1.39]), 0 in entry window [0.2–1.5 min]
2026-06-21 23:46:24,567 [INFO] leo.loops: Crypto signal: 14 opps, top edge=92.2%
2026-06-21 23:46:45,227 [INFO] strategies.btc_5min: BTC5Min: 5 BTC markets found (mins-to-close: [1433.25, 1428.25, 1438.25, -1.75, -1.75]), 0 in entry window [0.2–1.5 min]
2026-06-21 23:46:46,647 [INFO] api_clients.polymarket_client: Polymarket: loaded 1000 active markets
2026-06-21 23:46:55,116 [INFO] leo.loops: Crypto signal: 14 opps, top edge=92.2%
2026-06-21 23:47:06,797 [INFO] strategies.btc_5min: BTC5Min: 5 BTC markets found (mins-to-close: [1432.89, 1427.89, 1437.89, -2.11, -2.11]), 0 in entry window [0.2–1.5 min]
2026-06-21 23:47:22,452 [INFO] api_clients.polymarket_client: Polymarket: loaded 1000 active markets
2026-06-21 23:47:25,446 [INFO] leo.loops: Crypto signal: 14 opps, top edge=92.3%
2026-06-21 23:47:27,784 [INFO] strategies.btc_5min: BTC5Min: 5 BTC markets found (mins-to-close: [1432.54, 1427.54, 1437.54, -2.46, -2.46]), 0 in entry window [0.2–1.5 min]
2026-06-21 23:47:49,529 [INFO] strategies.btc_5min: BTC5Min: 5 BTC markets found (mins-to-close: [1432.17, 1427.17, 1437.17, -2.83, -2.83]), 0 in entry window [0.2–1.5 min]
2026-06-21 23:47:56,032 [INFO] leo.loops: Crypto signal: 14 opps, top edge=92.3%
2026-06-21 23:47:59,114 [INFO] api_clients.polymarket_client: Polymarket: loaded 1000 active markets
2026-06-21 23:48:10,511 [INFO] strategies.btc_5min: BTC5Min: 5 BTC markets found (mins-to-close: [1431.82, 1426.82, 1436.82, -3.18, -3.18]), 0 in entry window [0.2–1.5 min]
2026-06-21 23:48:26,626 [INFO] leo.loops: Crypto signal: 13 opps, top edge=94.3%
2026-06-21 23:48:32,011 [INFO] strategies.btc_5min: BTC5Min: 5 BTC markets found (mins-to-close: [1431.47, 1426.47, 1436.47, -3.53, -3.53]), 0 in entry window [0.2–1.5 min]
2026-06-21 23:48:36,279 [INFO] api_clients.polymarket_client: Polymarket: loaded 1000 active markets
2026-06-21 23:48:53,838 [INFO] strategies.btc_5min: BTC5Min: 5 BTC markets found (mins-to-close: [1431.1, 1426.1, 1436.1, -3.9, -3.9]), 0 in entry window [0.2–1.5 min]
2026-06-21 23:48:57,525 [INFO] leo.loops: Crypto signal: 13 opps, top edge=94.3%
2026-06-21 23:49:12,537 [INFO] api_clients.polymarket_client: Polymarket: loaded 1000 active markets
2026-06-21 23:49:14,821 [INFO] strategies.btc_5min: BTC5Min: 5 BTC markets found (mins-to-close: [1430.75, 1425.75, 1435.75, -4.25, -4.25]), 0 in entry window [0.2–1.5 min]
2026-06-21 23:49:21,857 [INFO] strategies.news_fade: NewsFade: spike up detected on 0x7162118722a6abe965c964e8c694ff0f232221d9bb2263bd92e5902633381893 2.45%->2.60%
2026-06-21 23:49:21,858 [INFO] strategies.news_fade: NewsFade: spike up detected on 0xbd7177c6d79d45edc4f61dfcd58fe987e6acc92c831a3baa8dfc119b73b598fe 11.50%->12.50%
2026-06-21 23:49:21,860 [INFO] leo.loops: FavoriteShort: 6 opps, top edge=4.0%
2026-06-21 23:49:28,105 [INFO] leo.loops: Crypto signal: 12 opps, top edge=94.3%
2026-06-21 23:49:36,078 [INFO] strategies.btc_5min: BTC5Min: 5 BTC markets found (mins-to-close: [1430.4, 1425.4, 1435.4, -4.6, -4.6]), 0 in entry window [0.2–1.5 min]
2026-06-21 23:49:49,159 [INFO] api_clients.polymarket_client: Polymarket: loaded 1000 active markets
2026-06-21 23:49:57,571 [INFO] strategies.btc_5min: BTC5Min: 3 BTC markets found (mins-to-close: [1430.04, 1425.04, 1435.04]), 0 in entry window [0.2–1.5 min]
2026-06-21 23:50:03,874 [WARNING] api_clients.binance_client: Coinbase candle fetch failed (ETHUSDT): 
2026-06-21 23:50:03,888 [INFO] leo.loops: Crypto signal: 12 opps, top edge=94.3%
2026-06-21 23:50:18,836 [INFO] strategies.btc_5min: BTC5Min: 3 BTC markets found (mins-to-close: [1429.69, 1424.69, 1434.69]), 0 in entry window [0.2–1.5 min]
2026-06-21 23:50:25,852 [INFO] api_clients.polymarket_client: Polymarket: loaded 1000 active markets
2026-06-21 23:50:34,514 [INFO] leo.loops: Crypto signal: 12 opps, top edge=94.4%
2026-06-21 23:50:39,919 [INFO] strategies.btc_5min: BTC5Min: 2 BTC markets found (mins-to-close: [1434.33, 1429.33]), 0 in entry window [0.2–1.5 min]
2026-06-21 23:51:01,730 [INFO] strategies.btc_5min: BTC5Min: 2 BTC markets found (mins-to-close: [1433.97, 1428.97]), 0 in entry window [0.2–1.5 min]
2026-06-21 23:51:02,865 [INFO] api_clients.polymarket_client: Polymarket: loaded 1000 active markets
2026-06-21 23:51:05,093 [INFO] leo.loops: Crypto signal: 13 opps, top edge=94.4%
2026-06-21 23:51:22,890 [INFO] strategies.btc_5min: BTC5Min: 2 BTC markets found (mins-to-close: [1433.62, 1428.62]), 0 in entry window [0.2–1.5 min]
2026-06-21 23:51:35,802 [INFO] leo.loops: Crypto signal: 15 opps, top edge=94.4%
2026-06-21 23:51:38,926 [INFO] api_clients.polymarket_client: Polymarket: loaded 1000 active markets
2026-06-21 23:51:43,760 [INFO] strategies.btc_5min: BTC5Min: 2 BTC markets found (mins-to-close: [1433.27, 1428.27]), 0 in entry window [0.2–1.5 min]
2026-06-21 23:52:05,525 [INFO] strategies.btc_5min: BTC5Min: 2 BTC markets found (mins-to-close: [1432.91, 1427.91]), 0 in entry window [0.2–1.5 min]
2026-06-21 23:52:06,417 [INFO] leo.loops: Crypto signal: 13 opps, top edge=94.3%
2026-06-21 23:52:15,825 [INFO] api_clients.polymarket_client: Polymarket: loaded 1000 active markets
2026-06-21 23:52:26,876 [INFO] strategies.btc_5min: BTC5Min: 2 BTC markets found (mins-to-close: [1432.55, 1427.55]), 0 in entry window [0.2–1.5 min]
2026-06-21 23:52:37,043 [INFO] leo.loops: Crypto signal: 13 opps, top edge=94.3%
2026-06-21 23:52:47,881 [INFO] strategies.btc_5min: BTC5Min: 2 BTC markets found (mins-to-close: [1432.2, 1427.2]), 0 in entry window [0.2–1.5 min]
2026-06-21 23:52:53,154 [INFO] api_clients.polymarket_client: Polymarket: loaded 1000 active markets
2026-06-21 23:53:07,799 [INFO] leo.loops: Crypto signal: 13 opps, top edge=94.3%
2026-06-21 23:53:08,844 [INFO] strategies.btc_5min: BTC5Min: 2 BTC markets found (mins-to-close: [1431.85, 1426.85]), 0 in entry window [0.2–1.5 min]
2026-06-21 23:53:29,046 [INFO] api_clients.polymarket_client: Polymarket: loaded 1000 active markets
2026-06-21 23:53:29,844 [INFO] strategies.btc_5min: BTC5Min: 2 BTC markets found (mins-to-close: [1431.5, 1426.5]), 0 in entry window [0.2–1.5 min]
2026-06-21 23:53:38,348 [INFO] leo.loops: Crypto signal: 14 opps, top edge=92.5%
2026-06-21 23:53:51,121 [INFO] strategies.btc_5min: BTC5Min: 2 BTC markets found (mins-to-close: [1431.15, 1426.15]), 0 in entry window [0.2–1.5 min]
2026-06-21 23:54:05,695 [INFO] api_clients.polymarket_client: Polymarket: loaded 1000 active markets
2026-06-21 23:54:08,919 [INFO] leo.loops: Crypto signal: 14 opps, top edge=92.5%
2026-06-21 23:54:12,110 [INFO] strategies.btc_5min: BTC5Min: 2 BTC markets found (mins-to-close: [1430.8, 1425.8]), 0 in entry window [0.2–1.5 min]
2026-06-21 23:54:21,863 [INFO] strategies.news_fade: NewsFade: spike down detected on 0x42262c2c4226f762eeee2b435dade8407772d2a7548436390f81f7f9ed48ccf8 5.20%->4.75%
2026-06-21 23:54:21,863 [INFO] strategies.news_fade: NewsFade: spike up detected on 0x1cd1a66943b214de90027ce888621fc4e53f5c46351809e51dbad0635b7fe9b7 0.15%->0.25%
2026-06-21 23:54:21,865 [INFO] leo.loops: FavoriteShort: 6 opps, top edge=4.0%
2026-06-21 23:54:33,865 [INFO] strategies.btc_5min: BTC5Min: 2 BTC markets found (mins-to-close: [1430.44, 1425.44]), 0 in entry window [0.2–1.5 min]
2026-06-21 23:54:39,576 [INFO] leo.loops: Crypto signal: 14 opps, top edge=92.5%
2026-06-21 23:54:42,413 [INFO] api_clients.polymarket_client: Polymarket: loaded 1000 active markets
2026-06-21 23:54:54,851 [INFO] strategies.btc_5min: BTC5Min: 3 BTC markets found (mins-to-close: [1430.09, 1425.09, 0.09]), 0 in entry window [0.2–1.5 min]
2026-06-21 23:55:03,321 [WARNING] api_clients.pyth_client: Pyth SSE disconnected: Response payload is not completed: <TransferEncodingError: 400, message='Not enough data to satisfy transfer length header.'>, retrying in 1s
2026-06-21 23:55:04,325 [INFO] api_clients.pyth_client: Pyth SSE: connecting…
2026-06-21 23:55:04,991 [INFO] api_clients.pyth_client: Pyth SSE: stream live
2026-06-21 23:55:08,722 [WARNING] api_clients.pyth_client: Pyth SSE disconnected: Response payload is not completed: <TransferEncodingError: 400, message='Not enough data to satisfy transfer length header.'>, retrying in 1s
2026-06-21 23:55:09,725 [INFO] api_clients.pyth_client: Pyth SSE: connecting…
2026-06-21 23:55:10,271 [INFO] leo.loops: Crypto signal: 14 opps, top edge=92.5%
2026-06-21 23:55:10,600 [INFO] api_clients.pyth_client: Pyth SSE: stream live
2026-06-21 23:55:16,356 [INFO] strategies.btc_5min: BTC5Min: 3 BTC markets found (mins-to-close: [1429.73, 1424.73, -0.27]), 0 in entry window [0.2–1.5 min]
2026-06-21 23:55:19,746 [INFO] api_clients.polymarket_client: Polymarket: loaded 1000 active markets
2026-06-21 23:55:38,105 [INFO] strategies.btc_5min: BTC5Min: 5 BTC markets found (mins-to-close: [1444.36, 1434.36, 1429.36, 1424.36, -0.64]), 0 in entry window [0.2–1.5 min]
2026-06-21 23:55:41,013 [INFO] leo.loops: Crypto signal: 12 opps, top edge=92.5%
2026-06-21 23:55:55,797 [INFO] api_clients.polymarket_client: Polymarket: loaded 1000 active markets
2026-06-21 23:55:59,635 [INFO] strategies.btc_5min: BTC5Min: 5 BTC markets found (mins-to-close: [1444.01, 1434.01, 1429.01, 1424.01, -0.99]), 0 in entry window [0.2–1.5 min]
2026-06-21 23:56:11,624 [INFO] leo.loops: Crypto signal: 14 opps, top edge=90.3%
2026-06-21 23:56:21,156 [INFO] strategies.btc_5min: BTC5Min: 5 BTC markets found (mins-to-close: [1443.65, 1433.65, 1428.65, 1423.65, -1.35]), 0 in entry window [0.2–1.5 min]
2026-06-21 23:56:32,423 [INFO] api_clients.polymarket_client: Polymarket: loaded 1000 active markets
2026-06-21 23:56:42,219 [INFO] leo.loops: Crypto signal: 14 opps, top edge=90.3%
2026-06-21 23:56:42,510 [INFO] strategies.btc_5min: BTC5Min: 7 BTC markets found (mins-to-close: [1443.29, 1433.29, 1428.29, 1423.29, -1.71, -1.71, 3.29]), 0 in entry window [0.2–1.5 min]
2026-06-21 23:57:04,330 [INFO] strategies.btc_5min: BTC5Min: 7 BTC markets found (mins-to-close: [1442.93, 1432.93, 1427.93, 1422.93, -2.07, -2.07, 2.93]), 0 in entry window [0.2–1.5 min]
2026-06-21 23:57:09,484 [INFO] api_clients.polymarket_client: Polymarket: loaded 1000 active markets
2026-06-21 23:57:12,871 [INFO] leo.loops: Crypto signal: 13 opps, top edge=90.4%
2026-06-21 23:57:17,707 [WARNING] api_clients.pyth_client: Pyth SSE disconnected: Response payload is not completed: <TransferEncodingError: 400, message='Not enough data to satisfy transfer length header.'>, retrying in 1s
2026-06-21 23:57:18,713 [INFO] api_clients.pyth_client: Pyth SSE: connecting…
2026-06-21 23:57:19,321 [INFO] api_clients.pyth_client: Pyth SSE: stream live
2026-06-21 23:57:25,859 [INFO] strategies.btc_5min: BTC5Min: 7 BTC markets found (mins-to-close: [1442.57, 1432.57, 1427.57, 1422.57, -2.43, -2.43, 2.57]), 0 in entry window [0.2–1.5 min]
2026-06-21 23:57:31,030 [WARNING] api_clients.pyth_client: Pyth SSE disconnected: Response payload is not completed: <TransferEncodingError: 400, message='Not enough data to satisfy transfer length header.'>, retrying in 1s
2026-06-21 23:57:32,034 [INFO] api_clients.pyth_client: Pyth SSE: connecting…
2026-06-21 23:57:33,069 [INFO] api_clients.pyth_client: Pyth SSE: stream live
2026-06-21 23:57:43,776 [INFO] leo.loops: Crypto signal: 13 opps, top edge=90.4%
2026-06-21 23:57:45,682 [INFO] api_clients.polymarket_client: Polymarket: loaded 1000 active markets
2026-06-21 23:57:47,125 [INFO] strategies.btc_5min: BTC5Min: 7 BTC markets found (mins-to-close: [1442.21, 1432.21, 1427.21, 1422.21, -2.79, -2.79, 2.21]), 0 in entry window [0.2–1.5 min]
2026-06-21 23:58:09,624 [INFO] strategies.btc_5min: BTC5Min: 7 BTC markets found (mins-to-close: [1441.84, 1431.84, 1426.84, 1421.84, -3.16, -3.16, 1.84]), 0 in entry window [0.2–1.5 min]
2026-06-21 23:58:14,381 [INFO] leo.loops: Crypto signal: 13 opps, top edge=90.7%
2026-06-21 23:58:22,345 [INFO] api_clients.polymarket_client: Polymarket: loaded 1000 active markets
2026-06-21 23:58:30,607 [INFO] strategies.btc_5min: BTC5Min: 7 BTC markets found (mins-to-close: [1441.49, 1431.49, 1426.49, 1421.49, -3.51, -3.51, 1.49]), 1 in entry window [0.2–1.5 min]
2026-06-21 23:58:45,530 [INFO] leo.loops: Crypto signal: 13 opps, top edge=90.7%
2026-06-21 23:58:52,333 [INFO] strategies.btc_5min: BTC5Min: 7 BTC markets found (mins-to-close: [1441.13, 1431.13, 1426.13, 1421.13, -3.87, -3.87, 1.13]), 1 in entry window [0.2–1.5 min]
2026-06-21 23:58:58,981 [INFO] api_clients.polymarket_client: Polymarket: loaded 1000 active markets
2026-06-21 23:59:14,125 [INFO] strategies.btc_5min: BTC5Min: 7 BTC markets found (mins-to-close: [1440.76, 1430.76, 1425.76, 1420.76, -4.24, -4.24, 0.76]), 1 in entry window [0.2–1.5 min]
2026-06-21 23:59:16,113 [INFO] leo.loops: Crypto signal: 13 opps, top edge=90.7%
2026-06-21 23:59:21,946 [INFO] strategies.news_fade: NewsFade: spike up detected on 0xb2eb1bed39028beab550902a3aa53fb1bdc960aabc356ffc177b5238af62724f 0.70%->0.75%
2026-06-21 23:59:21,946 [INFO] strategies.news_fade: NewsFade: spike down detected on 0x360229ef7e200995eeedfab6fd63514c8a43fcee803e8ac6dbe17065bd024d60 0.75%->0.65%
2026-06-21 23:59:21,946 [INFO] strategies.news_fade: NewsFade: spike down detected on 0x846fbc1744f9543d339e1a4ceebdc881338e2bc4ad119e5ce9dcfbdd90255760 0.50%->0.45%
2026-06-21 23:59:21,947 [INFO] leo.loops: FavoriteShort: 6 opps, top edge=4.0%
2026-06-21 23:59:36,113 [INFO] api_clients.polymarket_client: Polymarket: loaded 1000 active markets
2026-06-21 23:59:36,172 [INFO] strategies.btc_5min: BTC5Min: 8 BTC markets found (mins-to-close: [1440.4, 1430.4, 1425.4, 1420.4, 0.4, -4.6, 0.4, 0.4]), 3 in entry window [0.2–1.5 min]
2026-06-21 23:59:46,688 [INFO] leo.loops: Crypto signal: 12 opps, top edge=90.7%
2026-06-21 23:59:57,469 [INFO] strategies.btc_5min: BTC5Min: 8 BTC markets found (mins-to-close: [1440.04, 1430.04, 1425.04, 1420.04, 0.04, -4.96, 0.04, 0.04]), 0 in entry window [0.2–1.5 min]
2026-06-22 00:00:12,324 [INFO] api_clients.polymarket_client: Polymarket: loaded 1000 active markets
2026-06-22 00:00:17,283 [INFO] leo.loops: Crypto signal: 12 opps, top edge=90.7%
2026-06-22 00:00:18,967 [INFO] strategies.btc_5min: BTC5Min: 8 BTC markets found (mins-to-close: [1439.68, 1429.68, 1424.68, 1419.68, -0.32, -5.32, -0.32, -0.32]), 0 in entry window [0.2–1.5 min]
2026-06-22 00:00:41,090 [INFO] strategies.btc_5min: BTC5Min: 9 BTC markets found (mins-to-close: [1434.32, 1439.32, 1429.32, 1424.32, 1419.32, -0.68, -5.68, -0.68, -0.68]), 0 in entry window [0.2–1.5 min]
2026-06-22 00:00:47,857 [INFO] leo.loops: Crypto signal: 12 opps, top edge=91.0%
2026-06-22 00:00:48,991 [INFO] api_clients.polymarket_client: Polymarket: loaded 1000 active markets
2026-06-22 00:00:59,254 [INFO] api_clients.forecast_client: Forecast: loaded 0 questions (0 meta, 0 manifold)
2026-06-22 00:01:02,681 [INFO] strategies.btc_5min: BTC5Min: 9 BTC markets found (mins-to-close: [1433.96, 1438.96, 1428.96, 1423.96, 1418.96, -1.04, -6.04, -1.04, -1.04]), 0 in entry window [0.2–1.5 min]
2026-06-22 00:01:18,462 [INFO] leo.loops: Crypto signal: 12 opps, top edge=91.1%
2026-06-22 00:01:23,937 [INFO] strategies.btc_5min: BTC5Min: 9 BTC markets found (mins-to-close: [1433.6, 1438.6, 1428.6, 1423.6, 1418.6, -1.4, -6.4, -1.4, -1.4]), 0 in entry window [0.2–1.5 min]
2026-06-22 00:01:26,327 [INFO] api_clients.polymarket_client: Polymarket: loaded 1000 active markets
2026-06-22 00:01:45,773 [INFO] strategies.btc_5min: BTC5Min: 7 BTC markets found (mins-to-close: [1433.24, 1438.24, 1428.24, 1423.24, 1418.24, -1.76, -1.76]), 0 in entry window [0.2–1.5 min]
2026-06-22 00:01:51,628 [INFO] leo.loops: Crypto signal: 12 opps, top edge=91.0%
2026-06-22 00:02:02,620 [INFO] api_clients.polymarket_client: Polymarket: loaded 1000 active markets
2026-06-22 00:02:07,364 [INFO] strategies.btc_5min: BTC5Min: 7 BTC markets found (mins-to-close: [1432.88, 1437.88, 1427.88, 1422.88, 1417.88, -2.12, -2.12]), 0 in entry window [0.2–1.5 min]
2026-06-22 00:02:22,208 [INFO] leo.loops: Crypto signal: 13 opps, top edge=91.1%
2026-06-22 00:02:28,967 [INFO] strategies.btc_5min: BTC5Min: 7 BTC markets found (mins-to-close: [1432.52, 1437.52, 1427.52, 1422.52, 1417.52, -2.48, -2.48]), 0 in entry window [0.2–1.5 min]
2026-06-22 00:02:39,246 [INFO] api_clients.polymarket_client: Polymarket: loaded 1000 active markets
2026-06-22 00:02:50,870 [INFO] strategies.btc_5min: BTC5Min: 7 BTC markets found (mins-to-close: [1432.15, 1437.15, 1427.15, 1422.15, 1417.15, -2.85, -2.85]), 0 in entry window [0.2–1.5 min]
2026-06-22 00:02:52,822 [INFO] leo.loops: Crypto signal: 12 opps, top edge=91.0%
2026-06-22 00:03:12,744 [INFO] strategies.btc_5min: BTC5Min: 7 BTC markets found (mins-to-close: [1431.79, 1436.79, 1426.79, 1421.79, 1416.79, -3.21, -3.21]), 0 in entry window [0.2–1.5 min]
2026-06-22 00:03:16,489 [INFO] api_clients.polymarket_client: Polymarket: loaded 1000 active markets
2026-06-22 00:03:23,449 [INFO] leo.loops: Crypto signal: 12 opps, top edge=90.9%
2026-06-22 00:03:34,351 [INFO] strategies.btc_5min: BTC5Min: 7 BTC markets found (mins-to-close: [1431.43, 1436.43, 1426.43, 1421.43, 1416.43, -3.57, -3.57]), 0 in entry window [0.2–1.5 min]
2026-06-22 00:03:52,913 [INFO] api_clients.polymarket_client: Polymarket: loaded 1000 active markets
2026-06-22 00:03:54,073 [INFO] leo.loops: Crypto signal: 12 opps, top edge=90.9%
2026-06-22 00:03:55,048 [INFO] strategies.btc_5min: BTC5Min: 7 BTC markets found (mins-to-close: [1431.08, 1436.08, 1426.08, 1421.08, 1416.08, -3.92, -3.92]), 0 in entry window [0.2–1.5 min]
2026-06-22 00:04:17,111 [INFO] strategies.btc_5min: BTC5Min: 7 BTC markets found (mins-to-close: [1430.71, 1435.71, 1425.71, 1420.71, 1415.71, -4.29, -4.29]), 0 in entry window [0.2–1.5 min]
2026-06-22 00:04:21,952 [INFO] strategies.news_fade: NewsFade: spike up detected on 0x719a14817b23ca134ba7b4d5050026cbf6ae779bfffd20c370515453e4a8b0fe 66.60%->71.90%
2026-06-22 00:04:21,953 [INFO] strategies.news_fade: NewsFade: spike down detected on 0x4681656b96bb441e8ff7fac811a136e6250309a0bb56421b595f2f84546c26d2 1.50%->0.15%
2026-06-22 00:04:21,955 [INFO] leo.loops: FavoriteShort: 6 opps, top edge=4.0%
2026-06-22 00:04:24,393 [INFO] leo.loops: Crypto signal: 11 opps, top edge=90.8%
2026-06-22 00:04:29,615 [INFO] api_clients.polymarket_client: Polymarket: loaded 1000 active markets
2026-06-22 00:04:38,101 [INFO] strategies.btc_5min: BTC5Min: 6 BTC markets found (mins-to-close: [1430.36, 1435.36, 1425.36, 1420.36, 1415.36, 0.36]), 1 in entry window [0.2–1.5 min]
2026-06-22 00:04:39,107 [INFO] leo.loops: BTC5Min: 1 opps, top edge=17.7%
2026-06-22 00:04:55,448 [INFO] leo.loops: Crypto signal: 12 opps, top edge=90.8%
2026-06-22 00:05:00,414 [INFO] strategies.btc_5min: BTC5Min: 6 BTC markets found (mins-to-close: [1429.99, 1434.99, 1424.99, 1419.99, 1414.99, -0.01]), 0 in entry window [0.2–1.5 min]
2026-06-22 00:05:06,516 [INFO] api_clients.polymarket_client: Polymarket: loaded 1000 active markets
2026-06-22 00:05:22,045 [INFO] strategies.btc_5min: BTC5Min: 6 BTC markets found (mins-to-close: [1429.63, 1434.63, 1424.63, 1419.63, 1414.63, -0.37]), 0 in entry window [0.2–1.5 min]
2026-06-22 00:05:25,851 [INFO] leo.loops: Crypto signal: 12 opps, top edge=92.5%
2026-06-22 00:05:43,609 [INFO] strategies.btc_5min: BTC5Min: 2 BTC markets found (mins-to-close: [1434.27, -0.73]), 0 in entry window [0.2–1.5 min]
2026-06-22 00:05:43,611 [INFO] api_clients.polymarket_client: Polymarket: loaded 1000 active markets
2026-06-22 00:05:56,411 [INFO] leo.loops: Crypto signal: 12 opps, top edge=92.5%
2026-06-22 00:06:05,880 [INFO] strategies.btc_5min: BTC5Min: 2 BTC markets found (mins-to-close: [1433.9, -1.1]), 0 in entry window [0.2–1.5 min]
2026-06-22 00:06:19,904 [INFO] api_clients.polymarket_client: Polymarket: loaded 1000 active markets
2026-06-22 00:06:26,730 [INFO] leo.loops: Crypto signal: 12 opps, top edge=92.5%
2026-06-22 00:06:27,162 [INFO] strategies.btc_5min: BTC5Min: 2 BTC markets found (mins-to-close: [1433.55, -1.45]), 0 in entry window [0.2–1.5 min]
2026-06-22 00:06:49,278 [INFO] strategies.btc_5min: BTC5Min: 2 BTC markets found (mins-to-close: [1433.18, -1.82]), 0 in entry window [0.2–1.5 min]
2026-06-22 00:06:56,721 [INFO] api_clients.polymarket_client: Polymarket: loaded 1000 active markets
2026-06-22 00:06:57,589 [INFO] leo.loops: Crypto signal: 11 opps, top edge=92.5%
2026-06-22 00:07:10,253 [INFO] strategies.btc_5min: BTC5Min: 2 BTC markets found (mins-to-close: [1432.83, -2.17]), 0 in entry window [0.2–1.5 min]
2026-06-22 00:07:27,917 [INFO] leo.loops: Crypto signal: 11 opps, top edge=92.5%
2026-06-22 00:07:31,641 [INFO] strategies.btc_5min: BTC5Min: 2 BTC markets found (mins-to-close: [1432.47, -2.53]), 0 in entry window [0.2–1.5 min]
2026-06-22 00:07:34,075 [INFO] api_clients.polymarket_client: Polymarket: loaded 1000 active markets
2026-06-22 00:07:40,711 [WARNING] api_clients.pyth_client: Pyth SSE disconnected: Response payload is not completed: <TransferEncodingError: 400, message='Not enough data to satisfy transfer length header.'>, retrying in 1s
2026-06-22 00:07:41,715 [INFO] api_clients.pyth_client: Pyth SSE: connecting…
2026-06-22 00:07:42,199 [INFO] api_clients.pyth_client: Pyth SSE: stream live
2026-06-22 00:07:44,202 [WARNING] api_clients.pyth_client: Pyth SSE disconnected: Response payload is not completed: <TransferEncodingError: 400, message='Not enough data to satisfy transfer length header.'>, retrying in 1s
2026-06-22 00:07:45,204 [INFO] api_clients.pyth_client: Pyth SSE: connecting…
2026-06-22 00:07:46,575 [INFO] api_clients.pyth_client: Pyth SSE: stream live
2026-06-22 00:07:53,285 [INFO] strategies.btc_5min: BTC5Min: 2 BTC markets found (mins-to-close: [1432.11, -2.89]), 0 in entry window [0.2–1.5 min]
2026-06-22 00:07:58,789 [INFO] leo.loops: Crypto signal: 11 opps, top edge=92.5%
2026-06-22 00:08:10,069 [INFO] api_clients.polymarket_client: Polymarket: loaded 1000 active markets
2026-06-22 00:08:14,396 [INFO] strategies.btc_5min: BTC5Min: 2 BTC markets found (mins-to-close: [1431.76, -3.24]), 0 in entry window [0.2–1.5 min]
2026-06-22 00:08:29,349 [INFO] leo.loops: Crypto signal: 11 opps, top edge=92.5%
2026-06-22 00:08:35,918 [INFO] strategies.btc_5min: BTC5Min: 2 BTC markets found (mins-to-close: [1431.4, -3.6]), 0 in entry window [0.2–1.5 min]
2026-06-22 00:08:46,784 [INFO] api_clients.polymarket_client: Polymarket: loaded 1000 active markets
2026-06-22 00:08:57,465 [INFO] strategies.btc_5min: BTC5Min: 2 BTC markets found (mins-to-close: [1431.04, -3.96]), 0 in entry window [0.2–1.5 min]
2026-06-22 00:08:59,915 [INFO] leo.loops: Crypto signal: 11 opps, top edge=92.5%
2026-06-22 00:09:19,599 [INFO] strategies.btc_5min: BTC5Min: 2 BTC markets found (mins-to-close: [1430.67, -4.33]), 0 in entry window [0.2–1.5 min]
2026-06-22 00:09:21,960 [INFO] strategies.news_fade: NewsFade: spike down detected on 0xde1cfcd9db46e452e6d9ea80995550ea10297b3362eda008bd41cac29216c5f9 0.15%->0.05%
2026-06-22 00:09:21,962 [INFO] strategies.news_fade: NewsFade: spike up detected on 0xa1d79cecc5c5f818e7fa7d9b141bd2d766ff23de7b2485c976f8a276e8d98f54 1.25%->1.35%
2026-06-22 00:09:21,963 [INFO] leo.loops: FavoriteShort: 6 opps, top edge=4.0%
2026-06-22 00:09:24,089 [INFO] api_clients.polymarket_client: Polymarket: loaded 1000 active markets
2026-06-22 00:09:30,230 [INFO] leo.loops: Crypto signal: 11 opps, top edge=92.5%
2026-06-22 00:09:40,934 [INFO] strategies.btc_5min: BTC5Min: 1 BTC markets found (mins-to-close: [1430.32]), 0 in entry window [0.2–1.5 min]
2026-06-22 00:10:00,239 [INFO] api_clients.polymarket_client: Polymarket: loaded 1000 active markets
2026-06-22 00:10:00,822 [INFO] leo.loops: Crypto signal: 11 opps, top edge=92.5%
2026-06-22 00:10:01,676 [INFO] strategies.btc_5min: BTC5Min: 1 BTC markets found (mins-to-close: [1429.97]), 0 in entry window [0.2–1.5 min]
2026-06-22 00:10:23,744 [INFO] strategies.btc_5min: BTC5Min: 1 BTC markets found (mins-to-close: [1429.6]), 0 in entry window [0.2–1.5 min]
2026-06-22 00:10:31,134 [INFO] leo.loops: Crypto signal: 11 opps, top edge=92.5%
2026-06-22 00:10:37,051 [INFO] api_clients.polymarket_client: Polymarket: loaded 1000 active markets
2026-06-22 00:10:45,037 [INFO] strategies.btc_5min: BTC5Min: 2 BTC markets found (mins-to-close: [1434.25, 1444.25]), 0 in entry window [0.2–1.5 min]
2026-06-22 00:11:01,764 [INFO] leo.loops: Crypto signal: 11 opps, top edge=92.5%
2026-06-22 00:11:06,291 [INFO] strategies.btc_5min: BTC5Min: 2 BTC markets found (mins-to-close: [1433.9, 1443.9]), 0 in entry window [0.2–1.5 min]
2026-06-22 00:11:14,315 [INFO] api_clients.polymarket_client: Polymarket: loaded 1000 active markets
2026-06-22 00:11:27,010 [INFO] strategies.btc_5min: BTC5Min: 3 BTC markets found (mins-to-close: [1433.55, 1443.55, 3.55]), 0 in entry window [0.2–1.5 min]
2026-06-22 00:11:32,338 [INFO] leo.loops: Crypto signal: 11 opps, top edge=92.5%
2026-06-22 00:11:49,148 [INFO] strategies.btc_5min: BTC5Min: 3 BTC markets found (mins-to-close: [1433.18, 1443.18, 3.18]), 0 in entry window [0.2–1.5 min]
2026-06-22 00:11:51,421 [INFO] api_clients.polymarket_client: Polymarket: loaded 1000 active markets
2026-06-22 00:12:02,904 [INFO] leo.loops: Crypto signal: 11 opps, top edge=92.5%
2026-06-22 00:12:10,278 [INFO] strategies.btc_5min: BTC5Min: 3 BTC markets found (mins-to-close: [1432.83, 1442.83, 2.83]), 0 in entry window [0.2–1.5 min]
2026-06-22 00:12:27,630 [INFO] api_clients.polymarket_client: Polymarket: loaded 1000 active markets
2026-06-22 00:12:31,268 [INFO] strategies.btc_5min: BTC5Min: 3 BTC markets found (mins-to-close: [1432.48, 1442.48, 2.48]), 0 in entry window [0.2–1.5 min]
2026-06-22 00:12:33,350 [INFO] leo.loops: Crypto signal: 11 opps, top edge=92.5%
2026-06-22 00:12:53,058 [INFO] strategies.btc_5min: BTC5Min: 3 BTC markets found (mins-to-close: [1432.12, 1442.12, 2.12]), 0 in entry window [0.2–1.5 min]
2026-06-22 00:13:03,933 [INFO] leo.loops: Crypto signal: 11 opps, top edge=92.5%
2026-06-22 00:13:04,332 [INFO] api_clients.polymarket_client: Polymarket: loaded 1000 active markets
2026-06-22 00:13:14,043 [INFO] strategies.btc_5min: BTC5Min: 3 BTC markets found (mins-to-close: [1431.77, 1441.77, 1.77]), 0 in entry window [0.2–1.5 min]
2026-06-22 00:13:34,275 [INFO] leo.loops: Crypto signal: 11 opps, top edge=92.5%
2026-06-22 00:13:35,021 [INFO] strategies.btc_5min: BTC5Min: 3 BTC markets found (mins-to-close: [1431.42, 1441.42, 1.42]), 1 in entry window [0.2–1.5 min]
2026-06-22 00:13:35,894 [INFO] leo.loops: BTC5Min: 1 opps, top edge=43.3%
2026-06-22 00:13:41,147 [INFO] api_clients.polymarket_client: Polymarket: loaded 1000 active markets
2026-06-22 00:13:57,449 [INFO] strategies.btc_5min: BTC5Min: 3 BTC markets found (mins-to-close: [1431.04, 1441.04, 1.04]), 1 in entry window [0.2–1.5 min]
2026-06-22 00:13:57,696 [INFO] leo.loops: BTC5Min: 1 opps, top edge=50.1%
2026-06-22 00:14:04,853 [INFO] leo.loops: Crypto signal: 11 opps, top edge=92.5%
2026-06-22 00:14:18,101 [INFO] api_clients.polymarket_client: Polymarket: loaded 1000 active markets
2026-06-22 00:14:18,429 [INFO] strategies.btc_5min: BTC5Min: 3 BTC markets found (mins-to-close: [1430.69, 1440.69, 0.69]), 1 in entry window [0.2–1.5 min]
2026-06-22 00:14:18,741 [INFO] leo.loops: BTC5Min: 1 opps, top edge=56.5%
2026-06-22 00:14:21,993 [INFO] strategies.news_fade: NewsFade: spike down detected on 0xbb10027d0f92e8498e5de1e089ef4dfd6d42a971569d5820f80575c02b091030 1.20%->1.05%
2026-06-22 00:14:21,994 [INFO] strategies.news_fade: NewsFade: spike down detected on 0xa75027ddbd883169b0fef4779c912106fe9460536240a1d613d175f04b75ca25 7.45%->6.15%
2026-06-22 00:14:21,994 [INFO] strategies.news_fade: NewsFade: spike up detected on 0x23f3fd88b5e7ab7c387593b27763e5402112122f5be783786eeca14a7ea41ecc 0.15%->0.20%
2026-06-22 00:14:21,995 [INFO] leo.loops: FavoriteShort: 6 opps, top edge=4.0%
2026-06-22 00:14:35,172 [INFO] leo.loops: Crypto signal: 11 opps, top edge=92.5%
2026-06-22 00:14:39,756 [INFO] strategies.btc_5min: BTC5Min: 3 BTC markets found (mins-to-close: [1430.34, 1440.34, 0.34]), 1 in entry window [0.2–1.5 min]
2026-06-22 00:14:40,007 [INFO] leo.loops: BTC5Min: 1 opps, top edge=51.9%
2026-06-22 00:14:54,476 [INFO] api_clients.polymarket_client: Polymarket: loaded 1000 active markets
2026-06-22 00:15:01,626 [INFO] strategies.btc_5min: BTC5Min: 3 BTC markets found (mins-to-close: [1429.97, 1439.97, -0.03]), 0 in entry window [0.2–1.5 min]
2026-06-22 00:15:02,616 [INFO] api_clients.weather_client: Weather: refreshed 13 city forecasts
2026-06-22 00:15:02,621 [INFO] leo.loops: Weather: 1 opps, top edge=10.0%
2026-06-22 00:15:05,986 [INFO] leo.loops: Crypto signal: 11 opps, top edge=92.5%
2026-06-22 00:15:23,424 [INFO] strategies.btc_5min: BTC5Min: 3 BTC markets found (mins-to-close: [1429.61, 1439.61, -0.39]), 0 in entry window [0.2–1.5 min]
2026-06-22 00:15:31,296 [INFO] api_clients.polymarket_client: Polymarket: loaded 1000 active markets
2026-06-22 00:15:36,349 [INFO] leo.loops: Crypto signal: 11 opps, top edge=92.5%
2026-06-22 00:15:41,132 [WARNING] api_clients.pyth_client: Pyth SSE disconnected: Response payload is not completed: <TransferEncodingError: 400, message='Not enough data to satisfy transfer length header.'>, retrying in 1s
2026-06-22 00:15:42,135 [INFO] api_clients.pyth_client: Pyth SSE: connecting…
2026-06-22 00:15:42,660 [INFO] api_clients.pyth_client: Pyth SSE: stream live
2026-06-22 00:15:44,441 [INFO] strategies.btc_5min: BTC5Min: 2 BTC markets found (mins-to-close: [1434.26, -0.74]), 0 in entry window [0.2–1.5 min]
2026-06-22 00:15:48,510 [WARNING] api_clients.pyth_client: Pyth SSE disconnected: Response payload is not completed: <TransferEncodingError: 400, message='Not enough data to satisfy transfer length header.'>, retrying in 1s
2026-06-22 00:15:49,512 [INFO] api_clients.pyth_client: Pyth SSE: connecting…
2026-06-22 00:15:51,933 [INFO] api_clients.pyth_client: Pyth SSE: stream live
2026-06-22 00:16:00,220 [INFO] api_clients.forecast_client: Forecast: loaded 0 questions (0 meta, 0 manifold)
2026-06-22 00:16:06,283 [INFO] strategies.btc_5min: BTC5Min: 2 BTC markets found (mins-to-close: [1433.9, -1.1]), 0 in entry window [0.2–1.5 min]
2026-06-22 00:16:06,985 [INFO] leo.loops: Crypto signal: 11 opps, top edge=92.5%
2026-06-22 00:16:08,343 [INFO] api_clients.polymarket_client: Polymarket: loaded 1000 active markets
2026-06-22 00:16:28,065 [INFO] strategies.btc_5min: BTC5Min: 2 BTC markets found (mins-to-close: [1433.53, -1.47]), 0 in entry window [0.2–1.5 min]
2026-06-22 00:16:37,307 [INFO] leo.loops: Crypto signal: 11 opps, top edge=92.5%
2026-06-22 00:16:44,594 [INFO] api_clients.polymarket_client: Polymarket: loaded 1000 active markets
2026-06-22 00:16:49,295 [INFO] strategies.btc_5min: BTC5Min: 1 BTC markets found (mins-to-close: [1433.18]), 0 in entry window [0.2–1.5 min]
2026-06-22 00:17:08,132 [INFO] leo.loops: Crypto signal: 12 opps, top edge=92.5%
2026-06-22 00:17:10,630 [INFO] strategies.btc_5min: BTC5Min: 1 BTC markets found (mins-to-close: [1432.82]), 0 in entry window [0.2–1.5 min]
2026-06-22 00:17:21,074 [INFO] api_clients.polymarket_client: Polymarket: loaded 1000 active markets
2026-06-22 00:17:31,935 [INFO] strategies.btc_5min: BTC5Min: 1 BTC markets found (mins-to-close: [1432.47]), 0 in entry window [0.2–1.5 min]
2026-06-22 00:17:38,463 [INFO] leo.loops: Crypto signal: 11 opps, top edge=92.5%
2026-06-22 00:17:40,407 [WARNING] api_clients.pyth_client: Pyth SSE disconnected: Response payload is not completed: <TransferEncodingError: 400, message='Not enough data to satisfy transfer length header.'>, retrying in 1s
2026-06-22 00:17:41,410 [INFO] api_clients.pyth_client: Pyth SSE: connecting…
2026-06-22 00:17:41,970 [INFO] api_clients.pyth_client: Pyth SSE: stream live
2026-06-22 00:17:42,618 [WARNING] api_clients.pyth_client: Pyth SSE disconnected: Response payload is not completed: <TransferEncodingError: 400, message='Not enough data to satisfy transfer length header.'>, retrying in 1s
2026-06-22 00:17:43,620 [INFO] api_clients.pyth_client: Pyth SSE: connecting…
2026-06-22 00:17:46,593 [INFO] api_clients.pyth_client: Pyth SSE: stream live
2026-06-22 00:17:53,055 [INFO] strategies.btc_5min: BTC5Min: 1 BTC markets found (mins-to-close: [1432.12]), 0 in entry window [0.2–1.5 min]
2026-06-22 00:17:58,192 [INFO] api_clients.polymarket_client: Polymarket: loaded 1000 active markets
2026-06-22 00:18:09,096 [INFO] leo.loops: Crypto signal: 12 opps, top edge=92.5%
2026-06-22 00:18:14,385 [INFO] strategies.btc_5min: BTC5Min: 1 BTC markets found (mins-to-close: [1431.76]), 0 in entry window [0.2–1.5 min]
2026-06-22 00:18:34,477 [INFO] api_clients.polymarket_client: Polymarket: loaded 1000 active markets
2026-06-22 00:18:35,366 [INFO] strategies.btc_5min: BTC5Min: 1 BTC markets found (mins-to-close: [1431.41]), 0 in entry window [0.2–1.5 min]
2026-06-22 00:18:39,647 [INFO] leo.loops: Crypto signal: 12 opps, top edge=92.5%
2026-06-22 00:18:57,295 [INFO] strategies.btc_5min: BTC5Min: 1 BTC markets found (mins-to-close: [1431.05]), 0 in entry window [0.2–1.5 min]
2026-06-22 00:19:10,249 [INFO] leo.loops: Crypto signal: 11 opps, top edge=92.5%
2026-06-22 00:19:11,122 [INFO] api_clients.polymarket_client: Polymarket: loaded 1000 active markets
2026-06-22 00:19:18,326 [INFO] strategies.btc_5min: BTC5Min: 1 BTC markets found (mins-to-close: [1430.69]), 0 in entry window [0.2–1.5 min]
2026-06-22 00:19:22,003 [INFO] strategies.news_fade: NewsFade: spike down detected on 0xf37a1a7ecef9d4c495b90dbc109164c085bf4ab15b0c16e9944b5d12349e4a95 0.15%->0.05%
2026-06-22 00:19:22,006 [INFO] strategies.news_fade: NewsFade: spike up detected on 0x5b5ba91ea8fde1fd4e8459c5d7a048959c40a3a3c7847ecb3ffb4e82f70c7cb5 5.15%->5.60%
2026-06-22 00:19:22,011 [INFO] leo.loops: FavoriteShort: 7 opps, top edge=4.0%
2026-06-22 00:19:39,582 [INFO] strategies.btc_5min: BTC5Min: 1 BTC markets found (mins-to-close: [1430.34]), 0 in entry window [0.2–1.5 min]
2026-06-22 00:19:40,565 [INFO] leo.loops: Crypto signal: 13 opps, top edge=92.5%
2026-06-22 00:19:47,989 [INFO] api_clients.polymarket_client: Polymarket: loaded 1000 active markets
2026-06-22 00:20:01,117 [INFO] strategies.btc_5min: BTC5Min: 1 BTC markets found (mins-to-close: [1429.98]), 0 in entry window [0.2–1.5 min]
2026-06-22 00:20:11,195 [INFO] leo.loops: Crypto signal: 13 opps, top edge=92.5%
2026-06-22 00:20:22,161 [INFO] strategies.btc_5min: BTC5Min: 1 BTC markets found (mins-to-close: [1429.63]), 0 in entry window [0.2–1.5 min]
2026-06-22 00:20:25,036 [INFO] api_clients.polymarket_client: Polymarket: loaded 1000 active markets
2026-06-22 00:20:41,521 [INFO] leo.loops: Crypto signal: 12 opps, top edge=92.5%
2026-06-22 00:20:43,732 [INFO] strategies.btc_5min: BTC5Min: 1 BTC markets found (mins-to-close: [1434.27]), 0 in entry window [0.2–1.5 min]
2026-06-22 00:21:01,470 [INFO] api_clients.polymarket_client: Polymarket: loaded 1000 active markets
2026-06-22 00:21:05,231 [INFO] strategies.btc_5min: BTC5Min: 1 BTC markets found (mins-to-close: [1433.91]), 0 in entry window [0.2–1.5 min]
2026-06-22 00:21:12,093 [INFO] leo.loops: Crypto signal: 12 opps, top edge=92.5%
2026-06-22 00:21:26,756 [INFO] strategies.btc_5min: BTC5Min: 1 BTC markets found (mins-to-close: [1433.55]), 0 in entry window [0.2–1.5 min]
2026-06-22 00:21:38,244 [INFO] api_clients.polymarket_client: Polymarket: loaded 1000 active markets
2026-06-22 00:21:42,662 [INFO] leo.loops: Crypto signal: 12 opps, top edge=92.5%
2026-06-22 00:21:47,736 [INFO] strategies.btc_5min: BTC5Min: 1 BTC markets found (mins-to-close: [1433.2]), 0 in entry window [0.2–1.5 min]
2026-06-22 00:22:09,484 [INFO] strategies.btc_5min: BTC5Min: 1 BTC markets found (mins-to-close: [1432.84]), 0 in entry window [0.2–1.5 min]
2026-06-22 00:22:13,248 [INFO] leo.loops: Crypto signal: 12 opps, top edge=92.5%
2026-06-22 00:22:15,317 [INFO] api_clients.polymarket_client: Polymarket: loaded 1000 active markets
2026-06-22 00:22:31,241 [INFO] strategies.btc_5min: BTC5Min: 1 BTC markets found (mins-to-close: [1432.48]), 0 in entry window [0.2–1.5 min]
2026-06-22 00:22:41,983 [WARNING] api_clients.pyth_client: Pyth SSE disconnected: Response payload is not completed: <TransferEncodingError: 400, message='Not enough data to satisfy transfer length header.'>, retrying in 1s
2026-06-22 00:22:42,987 [INFO] api_clients.pyth_client: Pyth SSE: connecting…
2026-06-22 00:22:43,619 [INFO] api_clients.pyth_client: Pyth SSE: stream live
2026-06-22 00:22:43,819 [INFO] leo.loops: Crypto signal: 11 opps, top edge=92.5%
2026-06-22 00:22:45,168 [WARNING] api_clients.pyth_client: Pyth SSE disconnected: Response payload is not completed: <TransferEncodingError: 400, message='Not enough data to satisfy transfer length header.'>, retrying in 1s
2026-06-22 00:22:46,169 [INFO] api_clients.pyth_client: Pyth SSE: connecting…
2026-06-22 00:22:47,220 [INFO] api_clients.pyth_client: Pyth SSE: stream live
2026-06-22 00:22:51,512 [INFO] api_clients.polymarket_client: Polymarket: loaded 1000 active markets
2026-06-22 00:22:52,468 [INFO] strategies.btc_5min: BTC5Min: 1 BTC markets found (mins-to-close: [1432.13]), 0 in entry window [0.2–1.5 min]
2026-06-22 00:23:14,203 [INFO] strategies.btc_5min: BTC5Min: 1 BTC markets found (mins-to-close: [1431.76]), 0 in entry window [0.2–1.5 min]
2026-06-22 00:23:14,630 [INFO] leo.loops: Crypto signal: 11 opps, top edge=92.5%
2026-06-22 00:23:28,220 [INFO] api_clients.polymarket_client: Polymarket: loaded 1000 active markets
2026-06-22 00:23:35,065 [INFO] strategies.btc_5min: BTC5Min: 1 BTC markets found (mins-to-close: [1431.42]), 0 in entry window [0.2–1.5 min]
2026-06-22 00:23:45,220 [INFO] leo.loops: Crypto signal: 11 opps, top edge=92.5%
2026-06-22 00:23:56,207 [INFO] strategies.btc_5min: BTC5Min: 1 BTC markets found (mins-to-close: [1431.06]), 0 in entry window [0.2–1.5 min]
2026-06-22 00:24:05,046 [INFO] api_clients.polymarket_client: Polymarket: loaded 1000 active markets
2026-06-22 00:24:15,798 [INFO] leo.loops: Crypto signal: 11 opps, top edge=92.5%
2026-06-22 00:24:16,933 [INFO] strategies.btc_5min: BTC5Min: 1 BTC markets found (mins-to-close: [1430.72]), 0 in entry window [0.2–1.5 min]
2026-06-22 00:24:22,014 [INFO] strategies.news_fade: NewsFade: spike down detected on 0x87142239adf6a27d3cdc73ef542907c1dd278ca5c5b4723ebbd489b079413c0f 1.15%->0.90%
2026-06-22 00:24:22,015 [INFO] strategies.news_fade: NewsFade: spike down detected on 0x585673fcbde68965ee57520268c290e554071d5082f25bba0527f01dc05c8612 9.50%->8.50%
2026-06-22 00:24:22,015 [INFO] strategies.news_fade: NewsFade: spike up detected on 0x05a5292d5b576e73cd15056c3a131cbcd00d838b311ac86c41ae84178d304487 6.05%->6.50%
2026-06-22 00:24:22,015 [INFO] strategies.news_fade: NewsFade: spike down detected on 0x1a8808d7a309a210b3e413331005c3d7e8cd27d2da4a4acd4ff04b4072d2ed81 9.50%->8.50%
2026-06-22 00:24:22,016 [INFO] strategies.news_fade: NewsFade: spike up detected on 0x53bf1a3d09ba5ee0662ebb54e0da5ad908e61bab2e316fc853bf405d659474fa 7.00%->7.50%
2026-06-22 00:24:22,016 [INFO] strategies.news_fade: NewsFade: spike down detected on 0x8f740eb20ad6d46407baadbf8adb663e045969c23d3827b91dbe94b162fbefc1 58.50%->40.50%
2026-06-22 00:24:22,017 [INFO] leo.loops: FavoriteShort: 9 opps, top edge=4.0%
2026-06-22 00:24:38,253 [INFO] strategies.btc_5min: BTC5Min: 1 BTC markets found (mins-to-close: [1430.36]), 0 in entry window [0.2–1.5 min]
2026-06-22 00:24:41,973 [INFO] api_clients.polymarket_client: Polymarket: loaded 1000 active markets
2026-06-22 00:24:46,424 [INFO] leo.loops: Crypto signal: 11 opps, top edge=92.5%
2026-06-22 00:24:59,612 [INFO] strategies.btc_5min: BTC5Min: 2 BTC markets found (mins-to-close: [1430.01, 0.01]), 0 in entry window [0.2–1.5 min]
2026-06-22 00:25:17,283 [INFO] leo.loops: Crypto signal: 11 opps, top edge=92.5%
2026-06-22 00:25:18,502 [INFO] api_clients.polymarket_client: Polymarket: loaded 1000 active markets
2026-06-22 00:25:20,602 [INFO] strategies.btc_5min: BTC5Min: 2 BTC markets found (mins-to-close: [1429.66, -0.34]), 0 in entry window [0.2–1.5 min]
2026-06-22 00:25:41,912 [INFO] strategies.btc_5min: BTC5Min: 3 BTC markets found (mins-to-close: [1434.3, 1444.3, -0.7]), 0 in entry window [0.2–1.5 min]
2026-06-22 00:25:47,595 [INFO] leo.loops: Crypto signal: 11 opps, top edge=92.5%
2026-06-22 00:25:55,303 [INFO] api_clients.polymarket_client: Polymarket: loaded 1000 active markets
2026-06-22 00:26:02,899 [INFO] strategies.btc_5min: BTC5Min: 3 BTC markets found (mins-to-close: [1433.95, 1443.95, -1.05]), 0 in entry window [0.2–1.5 min]
2026-06-22 00:26:18,474 [INFO] leo.loops: Crypto signal: 11 opps, top edge=92.5%
2026-06-22 00:26:24,156 [INFO] strategies.btc_5min: BTC5Min: 3 BTC markets found (mins-to-close: [1433.6, 1443.6, -1.4]), 0 in entry window [0.2–1.5 min]
2026-06-22 00:26:32,150 [INFO] api_clients.polymarket_client: Polymarket: loaded 1000 active markets
2026-06-22 00:26:45,420 [INFO] strategies.btc_5min: BTC5Min: 5 BTC markets found (mins-to-close: [1433.24, 1443.24, -1.76, -1.76, 3.24]), 0 in entry window [0.2–1.5 min]
2026-06-22 00:26:49,052 [INFO] leo.loops: Crypto signal: 10 opps, top edge=92.5%
2026-06-22 00:27:07,580 [INFO] strategies.btc_5min: BTC5Min: 5 BTC markets found (mins-to-close: [1432.87, 1442.87, -2.13, -2.13, 2.87]), 0 in entry window [0.2–1.5 min]
2026-06-22 00:27:09,503 [INFO] api_clients.polymarket_client: Polymarket: loaded 1000 active markets
2026-06-22 00:27:19,640 [INFO] leo.loops: Crypto signal: 10 opps, top edge=92.5%
2026-06-22 00:27:31,686 [INFO] strategies.btc_5min: BTC5Min: 5 BTC markets found (mins-to-close: [1432.47, 1442.47, -2.53, -2.53, 2.47]), 0 in entry window [0.2–1.5 min]
2026-06-22 00:27:45,502 [INFO] api_clients.polymarket_client: Polymarket: loaded 1000 active markets
2026-06-22 00:27:49,964 [INFO] leo.loops: Crypto signal: 10 opps, top edge=92.5%
2026-06-22 00:27:52,654 [INFO] strategies.btc_5min: BTC5Min: 5 BTC markets found (mins-to-close: [1432.12, 1442.12, -2.88, -2.88, 2.12]), 0 in entry window [0.2–1.5 min]
2026-06-22 00:28:14,738 [INFO] strategies.btc_5min: BTC5Min: 5 BTC markets found (mins-to-close: [1431.75, 1441.75, -3.25, -3.25, 1.75]), 0 in entry window [0.2–1.5 min]
2026-06-22 00:28:20,551 [INFO] leo.loops: Crypto signal: 10 opps, top edge=92.5%
2026-06-22 00:28:22,118 [INFO] api_clients.polymarket_client: Polymarket: loaded 1000 active markets
2026-06-22 00:28:35,713 [INFO] strategies.btc_5min: BTC5Min: 5 BTC markets found (mins-to-close: [1431.4, 1441.4, -3.6, -3.6, 1.4]), 1 in entry window [0.2–1.5 min]
2026-06-22 00:28:36,773 [INFO] leo.loops: BTC5Min: 1 opps, top edge=31.1%
2026-06-22 00:28:50,872 [INFO] leo.loops: Crypto signal: 10 opps, top edge=92.5%
2026-06-22 00:28:58,084 [INFO] strategies.btc_5min: BTC5Min: 5 BTC markets found (mins-to-close: [1431.03, 1441.03, -3.97, -3.97, 1.03]), 1 in entry window [0.2–1.5 min]
2026-06-22 00:28:58,334 [INFO] leo.loops: BTC5Min: 1 opps, top edge=27.4%
2026-06-22 00:28:59,394 [INFO] api_clients.polymarket_client: Polymarket: loaded 1000 active markets
2026-06-22 00:29:17,186 [WARNING] api_clients.pyth_client: Pyth SSE disconnected: Response payload is not completed: <TransferEncodingError: 400, message='Not enough data to satisfy transfer length header.'>, retrying in 1s
2026-06-22 00:29:18,187 [INFO] api_clients.pyth_client: Pyth SSE: connecting…
2026-06-22 00:29:18,975 [INFO] api_clients.pyth_client: Pyth SSE: stream live
2026-06-22 00:29:19,854 [INFO] strategies.btc_5min: BTC5Min: 5 BTC markets found (mins-to-close: [1430.67, 1440.67, -4.33, -4.33, 0.67]), 1 in entry window [0.2–1.5 min]
2026-06-22 00:29:20,104 [INFO] leo.loops: BTC5Min: 1 opps, top edge=31.5%
2026-06-22 00:29:20,824 [WARNING] api_clients.pyth_client: Pyth SSE disconnected: Response payload is not completed: <TransferEncodingError: 400, message='Not enough data to satisfy transfer length header.'>, retrying in 1s
2026-06-22 00:29:21,410 [INFO] leo.loops: Crypto signal: 10 opps, top edge=92.5%
2026-06-22 00:29:21,825 [INFO] api_clients.pyth_client: Pyth SSE: connecting…
2026-06-22 00:29:22,002 [INFO] strategies.news_fade: NewsFade: spike up detected on 0x734c6c32a62f8a27035a222e45fc388d59eeffe89bb31ab26054bc29bcc3eee7 1.90%->2.45%
2026-06-22 00:29:22,002 [INFO] strategies.news_fade: NewsFade: spike down detected on 0x2e8b3c284992d8d69170cd7c051540a1402c2f44ba47b32f1f74364e867db2cd 4.15%->3.55%
2026-06-22 00:29:22,004 [INFO] strategies.news_fade: NewsFade: spike up detected on 0xfaad4418cea16bd1ba7de5d91a240798b9605cfcb663a933679ff5835b3b814a 6.50%->7.00%
2026-06-22 00:29:22,004 [INFO] strategies.news_fade: NewsFade: spike up detected on 0xb2bfb0a095bd993a6958abae5fa01b0bb56e2d8ff745c45b226625b6b62998ba 0.65%->0.85%
2026-06-22 00:29:22,005 [INFO] leo.loops: FavoriteShort: 9 opps, top edge=4.0%
2026-06-22 00:29:24,317 [INFO] api_clients.pyth_client: Pyth SSE: stream live
2026-06-22 00:29:35,593 [INFO] api_clients.polymarket_client: Polymarket: loaded 1000 active markets
2026-06-22 00:29:40,840 [INFO] strategies.btc_5min: BTC5Min: 4 BTC markets found (mins-to-close: [1430.32, 1440.32, -4.68, 0.32]), 1 in entry window [0.2–1.5 min]
2026-06-22 00:29:41,090 [INFO] leo.loops: BTC5Min: 1 opps, top edge=38.0%
2026-06-22 00:29:51,967 [INFO] leo.loops: Crypto signal: 10 opps, top edge=92.5%
2026-06-22 00:30:02,101 [INFO] strategies.btc_5min: BTC5Min: 4 BTC markets found (mins-to-close: [1429.96, 1439.96, -5.04, -0.04]), 0 in entry window [0.2–1.5 min]
2026-06-22 00:30:12,384 [INFO] api_clients.polymarket_client: Polymarket: loaded 1000 active markets
2026-06-22 00:30:22,773 [INFO] leo.loops: Crypto signal: 10 opps, top edge=92.5%
2026-06-22 00:30:23,047 [INFO] strategies.btc_5min: BTC5Min: 4 BTC markets found (mins-to-close: [1429.62, 1439.62, -5.38, -0.38]), 0 in entry window [0.2–1.5 min]
2026-06-22 00:30:44,737 [INFO] strategies.btc_5min: BTC5Min: 3 BTC markets found (mins-to-close: [1434.25, -5.75, -0.75]), 0 in entry window [0.2–1.5 min]
2026-06-22 00:30:49,862 [INFO] api_clients.polymarket_client: Polymarket: loaded 1000 active markets
2026-06-22 00:30:53,397 [INFO] leo.loops: Crypto signal: 10 opps, top edge=92.5%
2026-06-22 00:31:01,176 [INFO] api_clients.forecast_client: Forecast: loaded 0 questions (0 meta, 0 manifold)
2026-06-22 00:31:06,287 [INFO] strategies.btc_5min: BTC5Min: 4 BTC markets found (mins-to-close: [1433.9, -6.1, -1.1, -1.1]), 0 in entry window [0.2–1.5 min]
2026-06-22 00:31:24,233 [INFO] leo.loops: Crypto signal: 10 opps, top edge=92.5%
2026-06-22 00:31:25,875 [INFO] api_clients.polymarket_client: Polymarket: loaded 1000 active markets
2026-06-22 00:31:27,580 [INFO] strategies.btc_5min: BTC5Min: 2 BTC markets found (mins-to-close: [1433.54, -1.46]), 0 in entry window [0.2–1.5 min]
2026-06-22 00:31:48,866 [INFO] strategies.btc_5min: BTC5Min: 2 BTC markets found (mins-to-close: [1433.19, -1.81]), 0 in entry window [0.2–1.5 min]
2026-06-22 00:31:54,797 [INFO] leo.loops: Crypto signal: 10 opps, top edge=92.5%
2026-06-22 00:32:02,670 [INFO] api_clients.polymarket_client: Polymarket: loaded 1000 active markets
2026-06-22 00:32:13,947 [INFO] strategies.btc_5min: BTC5Min: 2 BTC markets found (mins-to-close: [1432.77, -2.23]), 0 in entry window [0.2–1.5 min]
2026-06-22 00:32:25,379 [INFO] leo.loops: Crypto signal: 10 opps, top edge=92.5%
2026-06-22 00:32:36,005 [INFO] strategies.btc_5min: BTC5Min: 2 BTC markets found (mins-to-close: [1432.4, -2.6]), 0 in entry window [0.2–1.5 min]
2026-06-22 00:32:39,746 [INFO] api_clients.polymarket_client: Polymarket: loaded 1000 active markets
2026-06-22 00:32:55,953 [INFO] leo.loops: Crypto signal: 10 opps, top edge=92.5%
2026-06-22 00:32:56,986 [INFO] strategies.btc_5min: BTC5Min: 2 BTC markets found (mins-to-close: [1432.05, -2.95]), 0 in entry window [0.2–1.5 min]
2026-06-22 00:33:12,801 [WARNING] api_clients.pyth_client: Pyth SSE disconnected: Response payload is not completed: <TransferEncodingError: 400, message='Not enough data to satisfy transfer length header.'>, retrying in 1s
2026-06-22 00:33:13,803 [INFO] api_clients.pyth_client: Pyth SSE: connecting…
2026-06-22 00:33:14,340 [INFO] api_clients.pyth_client: Pyth SSE: stream live
2026-06-22 00:33:15,938 [INFO] api_clients.polymarket_client: Polymarket: loaded 1000 active markets
2026-06-22 00:33:18,495 [INFO] strategies.btc_5min: BTC5Min: 2 BTC markets found (mins-to-close: [1431.69, -3.31]), 0 in entry window [0.2–1.5 min]
2026-06-22 00:33:19,972 [WARNING] api_clients.pyth_client: Pyth SSE disconnected: Response payload is not completed: <TransferEncodingError: 400, message='Not enough data to satisfy transfer length header.'>, retrying in 1s
2026-06-22 00:33:20,973 [INFO] api_clients.pyth_client: Pyth SSE: connecting…
2026-06-22 00:33:24,309 [INFO] api_clients.pyth_client: Pyth SSE: stream live
2026-06-22 00:33:26,868 [INFO] leo.loops: Crypto signal: 10 opps, top edge=92.5%
2026-06-22 00:33:39,705 [INFO] strategies.btc_5min: BTC5Min: 2 BTC markets found (mins-to-close: [1431.34, -3.66]), 0 in entry window [0.2–1.5 min]
2026-06-22 00:33:52,315 [INFO] api_clients.polymarket_client: Polymarket: loaded 1000 active markets
2026-06-22 00:33:57,540 [INFO] leo.loops: Crypto signal: 10 opps, top edge=92.5%
2026-06-22 00:34:00,693 [INFO] strategies.btc_5min: BTC5Min: 2 BTC markets found (mins-to-close: [1430.99, -4.01]), 0 in entry window [0.2–1.5 min]
2026-06-22 00:34:21,982 [INFO] strategies.news_fade: NewsFade: spike down detected on 0xc8aaa82e283d68aba57ce829af58ce6ed3d5e94e23e9395b50dd579b2c657708 31.00%->28.50%
2026-06-22 00:34:21,982 [INFO] strategies.news_fade: NewsFade: spike down detected on 0x9a94b697b2f0f5a6fe41a83ce225405f215481fd2a84305a50a8d201b17f12d7 26.50%->24.50%
2026-06-22 00:34:21,983 [INFO] strategies.news_fade: NewsFade: spike down detected on 0x9ed0ecc8b8589e67967d44c4420944a41b6a6806419019a1581d514174eee9b1 16.50%->15.50%
2026-06-22 00:34:21,983 [INFO] strategies.news_fade: NewsFade: spike up detected on 0x5f4340be34f9f45e76f28390111c349b343b6072a0953101fb78ec98e1ad3e90 4.50%->5.00%
2026-06-22 00:34:21,983 [INFO] strategies.news_fade: NewsFade: spike down detected on 0x60acf099fa9533670907f84fe43948027d33696e159c9b31e5b71e29070c00bc 2.90%->2.70%
2026-06-22 00:34:21,985 [INFO] leo.loops: FavoriteShort: 9 opps, top edge=4.0%
2026-06-22 00:34:22,825 [INFO] strategies.btc_5min: BTC5Min: 2 BTC markets found (mins-to-close: [1430.62, -4.38]), 0 in entry window [0.2–1.5 min]
2026-06-22 00:34:28,330 [INFO] api_clients.polymarket_client: Polymarket: loaded 1000 active markets
2026-06-22 00:34:32,913 [WARNING] api_clients.binance_client: Coinbase candle fetch failed (ETHUSDT): 
2026-06-22 00:34:32,924 [INFO] leo.loops: Crypto signal: 10 opps, top edge=92.5%
2026-06-22 00:34:44,242 [INFO] strategies.btc_5min: BTC5Min: 3 BTC markets found (mins-to-close: [1430.26, 0.26, -4.74]), 1 in entry window [0.2–1.5 min]
